G21
G90;svg#Layer_2 > g#Layer_2-2 > path
G0 X5.180776666666667 Y37.96441555555556
G1 X4.931470746597485 Y37.73959802007462 F300
G1 X4.690887870800921 Y37.50676765863544 F300
G1 X4.458887679335592 Y37.26598761955729 F300
G1 X4.235348917280573 Y37.017301486453675 F300
G1 X4.020169892435388 Y36.76073462247858 F300
G1 X3.8132688888888886 Y36.496295555555555 F300
G1 X3.596903786666667 Y36.204370533333346 F300
G1 X3.488170541247221 Y36.043156932678784 F300
G1 X3.3874000711111116 Y35.87343111111112 F300
G1 X3.32793727309722 Y35.75620328735457 F300
G1 X3.277888821188618 Y35.638242406659515 F300
G1 X3.2388631288888883 Y35.519868755555564 F300
G1 X3.2174271186944665 Y35.42899007529019 F300
G1 X3.2042771056006565 Y35.33883356637233 F300
G1 X3.2000196964423475 Y35.249249708409565 F300
G1 X3.2053983466666667 Y35.16007493333334 F300
G1 X3.2208910081822486 Y35.07298516382813 F300
G1 X3.247597026268685 Y34.98594619052491 F300
G1 X3.2870173244077074 Y34.89853492117747 F300
G1 X3.341111111111111 Y34.81044111111112 F300
G1 X3.4002546542989758 Y34.735999608169514 F300
G1 X3.4640896846133074 Y34.672565998725005 F300
G1 X3.532207372632787 Y34.61853799539321 F300
G1 X3.604380347222222 Y34.572567465277785 F300
G1 X3.7075325791637934 Y34.521557422587975 F300
G1 X3.8168240339273316 Y34.48112998997222 F300
G1 X3.9315199999999995 Y34.44933777777778 F300
G1 X4.1078276564343215 Y34.41442003780891 F300
G1 X4.28765798611111 Y34.38844392361112 F300
G1 X4.46705972135285 Y34.36483881035419 F300
G1 X4.6379222222222225 Y34.33757777777778 F300
G1 X4.746015937948465 Y34.31235160228359 F300
G1 X4.845239404192221 Y34.27984510547681 F300
G1 X4.936768058057397 Y34.24082727792226 F300
G1 X5.021660659722222 Y34.19590001736111 F300
G1 X5.129513725829858 Y34.12511652181476 F300
G1 X5.228770497553521 Y34.04473424018438 F300
G1 X5.320970555555556 Y33.955572361111116 F300
G1 X5.406554167892108 Y33.85949310815791 F300
G1 X5.48767542186801 Y33.75643716342752 F300
G1 X5.565458784722223 Y33.64727324652778 F300
G1 X5.675958436776903 Y33.477918895033824 F300
G1 X5.784732222222222 Y33.301681111111115 F300
G1 X5.929250583750781 Y33.0756207428544 F300
G1 X6.081603154541386 Y32.85623429204042 F300
G1 X6.24128055746284 Y32.64301237664125 F300
G1 X6.40779404857846 Y32.435460826153275 F300
G1 X6.580672057613169 Y32.23309893004116 F300
G1 X6.804815882984049 Y31.986951145416448 F300
G1 X7.036893345597191 Y31.74768372590143 F300
G1 X7.275889624077724 Y31.514511476621674 F300
G1 X7.520796090534978 Y31.286656255144035 F300
G1 X7.854229446971413 Y30.990272202171102 F300
G1 X8.192875901982877 Y30.701037733643837 F300
G1 X8.53414111111111 Y30.417228888888893 F300
G1 X8.794673645255747 Y30.20745209112566 F300
G1 X9.058671457087952 Y30.00540612108877 F300
G1 X9.326538823006892 Y29.811661565628217 F300
G1 X9.598683333333334 Y29.626792386831283 F300
G1 X9.87678406343643 Y29.450605271557848 F300
G1 X10.15995647836969 Y29.284602939102925 F300
G1 X10.448709085761147 Y29.129340823597442 F300
G1 X10.743564814814814 Y28.98540057613169 F300
G1 X10.983056983139765 Y28.87929617544843 F300
G1 X11.227113631103173 Y28.781054045543847 F300
G1 X11.476085070047665 Y28.691002907545236 F300
G1 X11.730333664409835 Y28.609497998863077 F300
G1 X11.990234444444445 Y28.536923333333334 F300
G1 X12.303845458584616 Y28.462305479765458 F300
G1 X12.61801161259765 Y28.400291721997124 F300
G1 X12.932653752372323 Y28.350572784740617 F300
G1 X13.24770082492271 Y28.31287439904629 F300
G1 X13.563087355404969 Y28.286956309791435 F300
G1 X13.878750902777778 Y28.27261119791667 F300
G1 X14.195367879378656 Y28.26966985740892 F300
G1 X14.511303721707623 Y28.277996591542056 F300
G1 X14.826460264114349 Y28.297384987318818 F300
G1 X15.140739465976278 Y28.327654792449238 F300
G1 X15.454041349942104 Y28.368650867781966 F300
G1 X15.766261944444445 Y28.42024208333334 F300
G1 X16.076473261354867 Y28.482142867089017 F300
G1 X16.384497212871263 Y28.55416708489085 F300
G1 X16.690207704105777 Y28.63615745471818 F300
G1 X16.99347449146532 Y28.727976541500972 F300
G1 X17.294161486141988 Y28.829505774297978 F300
G1 X17.592125069444442 Y28.940644427083342 F300
G1 X17.88627034373 Y29.060906231929984 F300
G1 X18.176529594928574 Y29.190163089746832 F300
G1 X18.462757704377832 Y29.32827834861657 F300
G1 X18.74480307151474 Y29.475131639379008 F300
G1 X19.022506113302963 Y29.63061794892024 F300
G1 X19.29569777777778 Y29.794646666666672 F300
G1 X19.60776589522894 Y29.99552131218971 F300
G1 X19.91317081246042 Y30.206078745597683 F300
G1 X20.211903241143407 Y30.426032916847873 F300
G1 X20.503942002576853 Y30.655115338928184 F300
G1 X20.78925305555556 Y30.893073194444447 F300
G1 X21.06746203100581 Y31.139369737386073 F300
G1 X21.338208387923842 Y31.3934368209074 F300
G1 X21.601452527405037 Y31.65498839279018 F300
G1 X21.85714385382242 Y31.923751006414513 F300
G1 X22.105220000000003 Y32.19946222222222 F300
G1 X22.29433232031659 Y32.42291525624683 F300
G1 X22.479943168724287 Y32.650866213991776 F300
G1 X22.666016054323347 Y32.878573713898156 F300
G1 X22.856798683127572 Y33.101643045267494 F300
G1 X22.988826303467356 Y33.24575814609458 F300
G1 X23.12612639049791 Y33.38460527869496 F300
G1 X23.27009222222222 Y33.51701666666668 F300
G1 X23.375475156191868 Y33.60392738928486 F300
G1 X23.485994540794323 Y33.684403270234625 F300
G1 X23.60184444444444 Y33.75699375000001 F300
G1 X23.692120985961143 Y33.80522443598453 F300
G1 X23.78512056608149 Y33.84730812540178 F300
G1 X23.881054854594773 Y33.88268269763466 F300
G1 X23.980163333333333 Y33.91071666666667 F300
G1 X24.08002183813007 Y33.92875233511401 F300
G1 X24.180082705853096 Y33.937057170346776 F300
G1 X24.280515720164605 Y33.93854691358026 F300
G1 X24.582780946502055 Y33.93053493827161 F300
G1 X24.683075000895375 Y33.93318944482167 F300
G1 X24.783026904569315 Y33.9432385523523 F300
G1 X24.88285111111111 Y33.96363333333334 F300
G1 X24.979976009269762 Y33.994869166407184 F300
G1 X25.070902519424415 Y34.034460484192365 F300
G1 X25.156251499996333 Y34.08173514323397 F300
G1 X25.236559340277775 Y34.13618576388889 F300
G1 X25.336424918818537 Y34.21919522488945 F300
G1 X25.427982713658988 Y34.312562577816145 F300
G1 X25.511818611111106 Y34.41525944444445 F300
G1 X25.587291313066363 Y34.52465013929504 F300
G1 X25.65512294813557 Y34.63972415902387 F300
G1 X25.715693298611104 Y34.759208958333346 F300
G1 X25.769419490077382 Y34.88208790099753 F300
G1 X25.815777619730984 Y35.00494838853649 F300
G1 X25.85524777777777 Y35.126388888888904 F300
G1 X25.902163854594118 Y35.29647981274221 F300
G1 X25.941403896177036 Y35.469418361047445 F300
G1 X25.972755682100317 Y35.644773577832396 F300
G1 X25.995972360272297 Y35.82212009514497 F300
G1 X26.0107698611111 Y36.00103083333334 F300
G1 X26.01681838027595 Y36.180376980408354 F300
G1 X26.013891406393476 Y36.358930192825305 F300
G1 X26.00180929995816 Y36.53631020782649 F300
G1 X25.980346425219395 Y36.71214165092145 F300
G1 X25.949227777777764 Y36.88604444444446 F300
G1 X25.917010785724518 Y37.021699276895596 F300
G1 X25.87735289734367 Y37.15498187484431 F300
G1 X25.830233039138157 Y37.28553827453715 F300
G1 X25.775582716049378 Y37.41300037037038 F300
G1 X25.713308937866284 Y37.5369344885186 F300
G1 X25.64373717737573 Y37.65615495298793 F300
G1 X25.56677654929154 Y37.77035330519051 F300
G1 X25.48227543209876 Y37.87918444444446 F300
G1 X25.390548269100414 Y37.98170678717035 F300
G1 X25.291454135332618 Y38.07757272701612 F300
G1 X25.184712007144515 Y38.16644745535736 F300
G1 X25.069964444444437 Y38.24790777777779 F300
G1 X24.963400776407358 Y38.312479276856884 F300
G1 X24.8522134421941 Y38.37023578472244 F300
G1 X24.736801542761324 Y38.42097834726634 F300
G1 X24.61754131687242 Y38.46444539094653 F300
G1 X24.495818792538728 Y38.500044795257885 F300
G1 X24.372337708148198 Y38.52752333926152 F300
G1 X24.24748290172583 Y38.546680256974646 F300
G1 X24.121624609053487 Y38.55724423868315 F300
G1 X23.99536048538905 Y38.55887211085802 F300
G1 X23.87002483800746 Y38.551276817269525 F300
G1 X23.745903989328234 Y38.534198003551666 F300
G1 X23.623293333333322 Y38.50727000000002 F300
G1 X23.50640206777883 Y38.47084558104756 F300
G1 X23.394517462983195 Y38.42466258083095 F300
G1 X23.28751944444443 Y38.36906930555557 F300
G1 X23.18564110379431 Y38.30446529795001 F300
G1 X23.08922168441454 Y38.23128825328298 F300
G1 X22.99831222222221 Y38.149694444444464 F300
G1 X23.352077777777765 Y37.94381333333335 F300
G1 X23.43451859972327 Y38.20486779841116 F300
G1 X23.50407420189267 Y38.467789141450126 F300
G1 X23.56109914778889 Y38.732428309303074 F300
G1 X23.605895880249257 Y38.99865112937998 F300
G1 X23.63871633680554 Y39.26633312500001 F300
G1 X23.65977400700719 Y39.535535905650306 F300
G1 X23.669186764847318 Y39.80500876763365 F300
G1 X23.667188041957466 Y40.07458183980609 F300
G1 X23.6539722015376 Y40.34408692982734 F300
G1 X23.629696249999984 Y40.61335333333335 F300
G1 X23.594610949546485 Y40.881349180782834 F300
G1 X23.548937501042687 Y41.14773456190806 F300
G1 X23.492855477664644 Y41.412308099393684 F300
G1 X23.426514105894377 Y41.674863326014176 F300
G1 X23.350033871527764 Y41.93518520833335 F300
G1 X23.26374641163595 Y42.1923788772054 F300
G1 X23.16792897371561 Y42.445894551744225 F300
G1 X23.062739294823764 Y42.69551361354978 F300
G1 X22.9483090818535 Y42.94100859170994 F300
G1 X22.82474555555554 Y43.18214000000002 F300
G1 X22.692331053407024 Y43.41779215487497 F300
G1 X22.55190410609759 Y43.64627365076383 F300
G1 X22.403687760696247 Y43.86770650660154 F300
G1 X22.24787750340983 Y44.08219760808899 F300
G1 X22.084643169362707 Y44.289837515015606 F300
G1 X21.914130923613744 Y44.4906993031586 F300
G1 X21.73646530864196 Y44.6848374485597 F300
G1 X21.519784524577798 Y44.903364680704776 F300
G1 X21.294441354314948 Y45.112021978213996 F300
G1 X21.060667724345965 Y45.310871360187136 F300
G1 X20.81866490514276 Y45.49994350676991 F300
G1 X20.56860746063944 Y45.67923596110033 F300
G1 X20.3106472839506 Y45.84871144032925 F300
G1 X20.046548761416545 Y46.00736055837197 F300
G1 X19.775947128580682 Y46.15557771491291 F300
G1 X19.499031479117843 Y46.29333236547446 F300
G1 X19.215973521750065 Y46.4205621697787 F300
G1 X18.926931179101896 Y46.53717167738441 F300
G1 X18.632052222222203 Y46.643031111111135 F300
G1 X18.31639329754828 Y46.74264525317372 F300
G1 X17.998449984818162 Y46.82949716986106 F300
G1 X17.67838487419374 Y46.90383512095169 F300
G1 X17.35634938084541 Y46.965872402146836 F300
G1 X17.032486910512834 Y47.015787970560766 F300
G1 X16.706936049382698 Y47.05372716049386 F300
G1 X16.379947013580374 Y47.079795521117504 F300
G1 X16.05259285087653 Y47.094061880209466 F300
G1 X15.725046563181003 Y47.09668745575776 F300
G1 X15.397478905964292 Y47.08780544575064 F300
G1 X15.070061057026821 Y47.067521757835735 F300
G1 X14.742967283950597 Y47.03591580246916 F300
G1 X14.417275270318406 Y46.993174732805116 F300
G1 X14.093357762061672 Y46.939455012604995 F300
G1 X13.771403312753733 Y46.87487398266934 F300
G1 X13.451603419683138 Y46.79952521342655 F300
G1 X13.134154894475962 Y46.71347925646031 F300
G1 X12.819262222222202 Y46.61678444444447 F300
G1 X12.422461976600015 Y46.480963262797054 F300
G1 X12.028950972047284 Y46.333368308139725 F300
G1 X11.638759384579501 Y46.174872573497055 F300
G1 X11.251923472222202 Y46.0063377777778 F300
G1 X10.868999092166202 Y45.82886230322727 F300
G1 X10.490502259208302 Y45.64356811438627 F300
G1 X10.116517680124726 Y45.45138360640956 F300
G1 X9.747132222222202 Y45.2532277777778 F300
G1 X9.40395498101057 Y45.05989690535752 F300
G1 X9.065895267225141 Y44.85737623348789 F300
G1 X8.73390773810571 Y44.64489806516007 F300
G1 X8.408957916666647 Y44.421677638888916 F300
G1 X8.154934470334194 Y44.23498655300467 F300
G1 X7.906958849118157 Y44.040832357146904 F300
G1 X7.66545264095388 Y43.838769192714764 F300
G1 X7.430850695516687 Y43.62833435626964 F300
G1 X7.203604444444426 Y43.40904666666669 F300
G1 X6.979196496963794 Y43.17590215718733 F300
G1 X6.763475318793511 Y42.935077685488814 F300
G1 X6.556463516432289 Y42.68681250882281 F300
G1 X6.358203436242343 Y42.431326667180386 F300
G1 X6.168758492185679 Y42.168823510331855 F300
G1 X5.988214444444426 Y41.89949226337451 F300
G1 X5.817071910330961 Y41.624164908373984 F300
G1 X5.655590468356606 Y41.34339920444191 F300
G1 X5.5038268802019665 Y41.057417513053636 F300
G1 X5.361858599240428 Y40.76642870557941 F300
G1 X5.229784931335997 Y40.470630559895085 F300
G1 X5.10772814814813 Y40.170212181069985 F300
G1 X4.995966867500144 Y39.86573693495136 F300
G1 X4.894854602284588 Y39.55811256765549 F300
G1 X4.804470275196691 Y39.24753817806942 F300
G1 X4.724916377417017 Y38.93420331430747 F300
G1 X4.656320105788489 Y38.61829050017144 F300
G1 X4.598834444444426 Y38.29997777777779 F300
G1 X4.562872415332704 Y38.05946464062988 F300
G1 X4.532776377906549 Y37.81812422287482 F300
G1 X4.508382222222204 Y37.57607777777779 F300
G1 X4.509263762003876 Y37.52534579089925 F300
G1 X4.519685497505279 Y37.484304977478985 F300
G1 X4.537274088048058 Y37.450927204631775 F300
G1 X4.5608953993055374 Y37.42373730902779 F300
G1 X4.601675224032866 Y37.39576776400188 F300
G1 X4.649133657910416 Y37.37897445351239 F300
G1 X4.7018984722222035 Y37.373248194444464 F300
G1 X4.754862222296115 Y37.37898193028026 F300
G1 X4.805490840686399 Y37.39579473197087 F300
G1 X4.851976753472204 Y37.42417387152779 F300
G1 X4.880883854958842 Y37.451855854790935 F300
G1 X4.904557708108898 Y37.485643905367105 F300
G1 X4.922078389563811 Y37.526561004657275 F300
G1 X4.931715555555537 Y37.57607777777779 F300
G1 X4.9645349016169105 Y37.88269893896083 F300
G1 X5.007978353340629 Y38.18776577633648 F300
G1 X5.061917796051187 Y38.491105262433045 F300
G1 X5.126249340795598 Y38.792541986919666 F300
G1 X5.200892525621511 Y39.09189576543968 F300
G1 X5.285789465020559 Y39.38897925925928 F300
G1 X5.380689516369588 Y39.68296793227852 F300
G1 X5.485366729853865 Y39.97328878751545 F300
G1 X5.59972398816655 Y40.25976102182132 F300
G1 X5.723686176958531 Y40.54219727841506 F300
G1 X5.857199340888428 Y40.8204013541783 F300
G1 X6.000229794238665 Y41.09416592592595 F300
G1 X6.152547064701286 Y41.362903814771194 F300
G1 X6.313780725712018 Y41.625873219305035 F300
G1 X6.4838693457763545 Y41.882894594966224 F300
G1 X6.662773255960946 Y42.13377665666362 F300
G1 X6.850473562390006 Y42.37831394827322 F300
G1 X7.046971111111093 Y42.61628444444447 F300
G1 X7.242468650088405 Y42.83645407596304 F300
G1 X7.4447148966550865 Y43.04864012420917 F300
G1 X7.653493955919287 Y43.253166420238735 F300
G1 X7.868607004473603 Y43.45033989234495 F300
G1 X8.089870416666649 Y43.64045125000001 F300
G1 X8.31698390263238 Y43.82367406248961 F300
G1 X8.549648354538363 Y44.000183642339216 F300
G1 X8.787658186441899 Y44.170220671493695 F300
G1 X9.030814853714528 Y44.33401619669732 F300
G1 X9.278925555555539 Y44.491792222222244 F300
G1 X9.622722693933044 Y44.69862610564449 F300
G1 X9.9724210946441 Y44.89793240671394 F300
G1 X10.327540485948758 Y45.089662547435786 F300
G1 X10.687602499999983 Y45.273759444444465 F300
G1 X11.05163611418529 Y45.449925268267165 F300
G1 X11.418649283573737 Y45.61789532418746 F300
G1 X11.788128937221618 Y45.777646680542894 F300
G1 X12.159567777777761 Y45.929150000000014 F300
G1 X12.459433364219294 Y46.04320156965023 F300
G1 X12.760967273209584 Y46.14843016764207 F300
G1 X13.064113842287764 Y46.24466508070806 F300
G1 X13.368823213644228 Y46.331723911620884 F300
G1 X13.675050458451304 Y46.409411394292604 F300
G1 X13.98275469135801 Y46.4775182304527 F300
G1 X14.293057472419815 Y46.53601937342443 F300
G1 X14.604202842120179 Y46.584319264951006 F300
G1 X14.9161931283978 Y46.62221902008653 F300
G1 X15.229034471398721 Y46.6494981705658 F300
G1 X15.542735507906698 Y46.66591315235606 F300
G1 X15.8573060493827 Y46.67119584362142 F300
G1 X16.171009300182693 Y46.66511810793959 F300
G1 X16.48517111964425 Y46.64745537658684 F300
G1 X16.799851913387503 Y46.61790538314813 F300
G1 X17.115109854142364 Y46.57613025580276 F300
G1 X17.430999056646698 Y46.5217549139261 F300
G1 X17.74756777777776 Y46.45436555555557 F300
G1 X18.009300910727696 Y46.3886237984617 F300
G1 X18.268178047545604 Y46.314340924992976 F300
G1 X18.524009246567594 Y46.23154348523581 F300
G1 X18.776600194281166 Y46.1402389682376 F300
G1 X19.02575001736109 Y46.04041611111113 F300
G1 X19.271494096041415 Y45.931931942765075 F300
G1 X19.512669744990564 Y45.81518358675298 F300
G1 X19.749100733383106 Y45.6901685436738 F300
G1 X19.980601706554097 Y45.55686321487941 F300
G1 X20.206975694444427 Y45.415223333333344 F300
G1 X20.42797228288924 Y45.265212263273256 F300
G1 X20.642843322306952 Y45.1071514290634 F300
G1 X20.85141732478995 Y44.94098295685097 F300
G1 X21.053505381670966 Y44.7666251271242 F300
G1 X21.24889824652776 Y44.58397305555556 F300
G1 X21.43640736075325 Y44.39390918593929 F300
G1 X21.616404720043008 Y44.19582445858122 F300
G1 X21.78869027278641 Y43.98957236026861 F300
G1 X21.95303369820504 Y43.774980378769094 F300
G1 X22.10917111111109 Y43.55185111111112 F300
G1 X22.26454976240847 Y43.308292393652266 F300
G1 X22.409365534636994 Y43.05876906329094 F300
G1 X22.543504745801524 Y42.803586360581846 F300
G1 X22.66681901182144 Y42.543027731429355 F300
G1 X22.77912256944442 Y42.277359809027786 F300
G1 X22.880122327173797 Y42.00703028249232 F300
G1 X22.969248918887896 Y41.73337623300299 F300
G1 X23.046364349610478 Y41.456664679575454 F300
G1 X23.111289277205344 Y41.17714693015277 F300
G1 X23.163800277777757 Y40.895064027777785 F300
G1 X23.19787812307694 Y40.65824656660709 F300
G1 X23.222895063273832 Y40.420813420074964 F300
G1 X23.23874664176001 Y40.18288225191724 F300
G1 X23.24530234971637 Y39.94456674299435 F300
G1 X23.24240442615659 Y39.70597924777854 F300
G1 X23.22986673611109 Y39.46723345486112 F300
G1 X23.207619617656434 Y39.229719581439845 F300
G1 X23.175496797697384 Y38.99303059992043 F300
G1 X23.133312553367798 Y38.757242336802264 F300
G1 X23.080844962162 Y38.522435799792824 F300
G1 X23.01783478076089 Y38.28870050694823 F300
G1 X22.94398444444442 Y38.05613777777779 F300
G1 X22.933160093212127 Y38.004036400586344 F300
G1 X22.93579382442802 Y37.95802522739463 F300
G1 X22.94905562499998 Y37.91691182291668 F300
G1 X22.972066664483457 Y37.879607181538276 F300
G1 X23.002730192396612 Y37.84820375029864 F300
G1 X23.040116388888865 Y37.82286347222223 F300
G1 X23.081767568630646 Y37.804984921566735 F300
G1 X23.125887537322544 Y37.795157311424965 F300
G1 X23.171552569444422 Y37.79398199652779 F300
G1 X23.216011081881835 Y37.8021585357246 F300
G1 X23.25831199295181 Y37.82035624525593 F300
G1 X23.29774999999998 Y37.85025666666668 F300
G1 X23.38342681701619 Y37.92453241647096 F300
G1 X23.473472716230674 Y37.98599510060457 F300
G1 X23.567513583826315 Y38.03582269095248 F300
G1 X23.665344444444425 Y38.074910781893024 F300
G1 X23.767184040452186 Y38.10396008793935 F300
G1 X23.871410987037898 Y38.123046979884734 F300
G1 X23.97771689993254 Y38.132669457393135 F300
G1 X24.085808518518494 Y38.13317921810701 F300
G1 X24.193563290381597 Y38.12500853154925 F300
G1 X24.300871613656305 Y38.10863917294954 F300
G1 X24.407274618743138 Y38.084451278728 F300
G1 X24.51229333333331 Y38.05275111111113 F300
G1 X24.63133615369862 Y38.00629354484145 F300
G1 X24.742782215311145 Y37.95093662363761 F300
G1 X24.847085302062354 Y37.88723398182098 F300
G1 X24.94461596707817 Y37.815585144032944 F300
G1 X25.036135094787227 Y37.73579943847101 F300
G1 X25.120653362113543 Y37.64908899866342 F300
G1 X25.19833363485284 Y37.555748181386484 F300
G1 X25.269255144032897 Y37.4559974485597 F300
G1 X25.33260265455617 Y37.35144815767684 F300
G1 X25.388825309743513 Y37.24187720569008 F300
G1 X25.43790454889644 Y37.12754096680172 F300
G1 X25.479751111111085 Y37.008670000000016 F300
G1 X25.523746792014247 Y36.849634180897056 F300
G1 X25.556547510308853 Y36.68873347275303 F300
G1 X25.57882261146814 Y36.526213821379564 F300
G1 X25.591158491838048 Y36.36230394002523 F300
G1 X25.594068749999973 Y36.19722819444446 F300
G1 X25.585223480027718 Y35.99078303889184 F300
G1 X25.563584491626003 Y35.78569628319532 F300
G1 X25.53025119683665 Y35.582693367858326 F300
G1 X25.486242222222195 Y35.382505555555575 F300
G1 X25.44145309859972 Y35.220655017332405 F300
G1 X25.381145312499974 Y35.047355642361126 F300
G1 X25.332776626352906 Y34.93379965226503 F300
G1 X25.27715062967643 Y34.82392263049354 F300
G1 X25.213686111111084 Y34.71986541666668 F300
G1 X25.15984028449165 Y34.646055918939965 F300
G1 X25.10161481741595 Y34.57874900041118 F300
G1 X25.03869104300307 Y34.518532966635064 F300
G1 X24.970661909722196 Y34.466061649305566 F300
G1 X24.89750263037771 Y34.422350722392274 F300
G1 X24.818560782009435 Y34.388089781852095 F300
G1 X24.73277064782698 Y34.36417221314135 F300
G1 X24.638869999999972 Y34.351971111111126 F300
G1 X24.490870680536837 Y34.347901173537856 F300
G1 X24.3468588477366 Y34.3492011522634 F300
G1 X24.20363443792821 Y34.350083010377794 F300
G1 X24.06102522633742 Y34.34476921810701 F300
G1 X23.966586910992593 Y34.33506236053405 F300
G1 X23.87065464571844 Y34.31828646283195 F300
G1 X23.77258888888886 Y34.292422222222235 F300
G1 X23.65279800574486 Y34.249910705559834 F300
G1 X23.53724389758058 Y34.19937927091556 F300
G1 X23.425490833333303 Y34.141503888888906 F300
G1 X23.317282540787655 Y34.07698404996363 F300
G1 X23.212470812743085 Y34.00656533228975 F300
G1 X23.110777777777752 Y33.93089555555558 F300
G1 X22.973259638162993 Y33.81729122644707 F300
G1 X22.842653173215755 Y33.69725921824803 F300
G1 X22.71775720164607 Y33.571731193415665 F300
G1 X22.53862453739347 Y33.375174255895836 F300
G1 X22.366254650205732 Y33.17180139917698 F300
G1 X22.028455555555524 Y32.759391111111135 F300
G1 X21.805810605212766 Y32.49828002222858 F300
G1 X21.576633908737353 Y32.24281803078586 F300
G1 X21.34091558934194 Y31.993269552098326 F300
G1 X21.09863721125633 Y31.74990650924992 F300
G1 X20.849772083333306 Y31.513009583333357 F300
G1 X20.594522790258775 Y31.283077209294625 F300
G1 X20.333123839427618 Y31.060605085286873 F300
G1 X20.065537282979328 Y30.845843315209486 F300
G1 X19.791714729211247 Y30.639053878725306 F300
G1 X19.511597777777748 Y30.440512222222242 F300
G1 X19.2153428564068 Y30.244435542930976 F300
G1 X18.9130332580713 Y30.058502072432287 F300
G1 X18.604880483949934 Y29.88292658970721 F300
G1 X18.2910816785441 Y29.717945227614464 F300
G1 X17.971821996527744 Y29.563817552083357 F300
G1 X17.64722992032613 Y29.420808831301624 F300
G1 X17.318552654444364 Y29.289645684185157 F300
G1 X16.98596167251307 Y29.170546008002905 F300
G1 X16.649615630548293 Y29.063755968222516 F300
G1 X16.309663194444415 Y28.969552361111134 F300
G1 X16.023695583435092 Y28.90088164066207 F300
G1 X15.736089950510127 Y28.841495724288713 F300
G1 X15.446909133185423 Y28.79153776466944 F300
G1 X15.156211405594327 Y28.75117009157392 F300
G1 X14.864051924899115 Y28.720575313641508 F300
G1 X14.570484184027745 Y28.69995737847224 F300
G1 X14.277007869091314 Y28.689568317410778 F300
G1 X13.982839213097265 Y28.689518187779306 F300
G1 X13.687997749497848 Y28.700014092405176 F300
G1 X13.392503334638816 Y28.72129096597864 F300
G1 X13.096377997491132 Y28.753612722166466 F300
G1 X12.799647777777748 Y28.797273333333354 F300
G1 X12.497150350251047 Y28.853951723440257 F300
G1 X12.200110282516475 Y28.92222098937454 F300
G1 X11.908289606395213 Y29.001849841131964 F300
G1 X11.62146132322412 Y29.09264619749941 F300
G1 X11.339410442097622 Y29.19445579694824 F300
G1 X11.06193499999997 Y29.307160694444462 F300
G1 X10.788985747608532 Y29.430611665284754 F300
G1 X10.52052422967478 Y29.564668235630656 F300
G1 X10.256407449641657 Y29.709262806531974 F300
G1 X9.996505712405192 Y29.864354215332355 F300
G1 X9.740703264698277 Y30.02992615880281 F300
G1 X9.488898888888857 Y30.20598555555558 F300
G1 X9.235033736394046 Y30.39556415309997 F300
G1 X8.985837873310766 Y30.591336790082824 F300
G1 X8.74051611111108 Y30.792231666666684 F300
G1 X8.378322422014982 Y31.100616897123153 F300
G1 X8.02091999999997 Y31.4140377777778 F300
G1 X7.784810918980712 Y31.625281437196 F300
G1 X7.552217966276433 Y31.83985800977269 F300
G1 X7.324413194444413 Y32.05896847222225 F300
G1 X7.1025757263523115 Y32.28391221908237 F300
G1 X6.888106721067618 Y32.51577355610358 F300
G1 X6.682198888888858 Y32.75586333333335 F300
G1 X6.566401474163026 Y32.90413989690022 F300
G1 X6.457426776425874 Y33.05666106887166 F300
G1 X6.353347283950588 Y33.212289835390976 F300
G1 X6.051589012345648 Y33.68627683127574 F300
G1 X5.948449133984328 Y33.84240637789928 F300
G1 X5.840942000978018 Y33.995589054399645 F300
G1 X5.727158888888858 Y34.144678888888905 F300
G1 X5.645936274457471 Y34.24044953643554 F300
G1 X5.558772796843002 Y34.331521623316135 F300
G1 X5.465433055555524 Y34.41667055555557 F300
G1 X5.366074159706571 Y34.494292139705436 F300
G1 X5.260850893666057 Y34.56289028301468 F300
G1 X5.149308888888857 Y34.62135222222224 F300
G1 X5.035812731250842 Y34.667724583545805 F300
G1 X4.920584224921974 Y34.704295712333355 F300
G1 X4.803674861111079 Y34.73305930555557 F300
G1 X4.625371743168483 Y34.76567267157762 F300
G1 X4.444176666666636 Y34.79110888888891 F300
G1 X4.290870904980997 Y34.8100335624609 F300
G1 X4.133291249999969 Y34.83337166666668 F300
G1 X4.029682643818172 Y34.85559719280581 F300
G1 X3.9301209585655745 Y34.885910323763085 F300
G1 X3.8358466666666358 Y34.92685777777779 F300
G1 X3.778567385339748 Y34.96219068170804 F300
G1 X3.733198809109212 Y35.001421645758654 F300
G1 X3.697751732743222 Y35.04395078936303 F300
G1 X3.6707414403291874 Y35.08957456790126 F300
G1 X3.650786876248501 Y35.1395966112151 F300
G1 X3.6382180170943346 Y35.1922524056688 F300
G1 X3.6325116328165095 Y35.24743506195676 F300
G1 X3.6333574485596403 Y35.30506691358027 F300
G1 X3.6436129062587277 Y35.381354739166575 F300
G1 X3.6633455185955484 Y35.45852250562609 F300
G1 X3.691772222222191 Y35.53561111111113 F300
G1 X3.757200794925893 Y35.672105032215626 F300
G1 X3.8343518372174628 Y35.80548634856629 F300
G1 X3.920513333333303 Y35.93620791666668 F300
G1 X4.058802480930828 Y36.1258822253816 F300
G1 X4.197514444444414 Y36.307065555555575 F300
G1 X4.392291512401652 Y36.552184222255434 F300
G1 X4.595801562401514 Y36.79019276649024 F300
G1 X4.807255555555525 Y37.02122888888892 F300
G1 X5.024546554741903 Y37.24304560829429 F300
G1 X5.24895952383361 Y37.45737320563252 F300
G1 X5.480073333333303 Y37.66469555555558 F300
G1 X5.514690955672835 Y37.70196808385428 F300
G1 X5.5359025696884405 Y37.739040395620314 F300
G1 X5.546726034379922 Y37.77568469353694 F300
G1 X5.5489576041666355 Y37.812128003472246 F300
G1 X5.539561452972769 Y37.86130635525085 F300
G1 X5.517670234437251 Y37.90702136283449 F300
G1 X5.484412499999969 Y37.94838180555558 F300
G1 X5.442914072710296 Y37.98171980699226 F300
G1 X5.395425516120376 Y38.00532220009366 F300
G1 X5.342873645833302 Y38.01761664930558 F300
G1 X5.303245501405943 Y38.01801580564471 F300
G1 X5.263035720541413 Y38.0103148788713 F300
G1 X5.222151177779271 Y37.99309039678346 F300
G1 X5.1807766666666355 Y37.963992222222245 F300
G1 X5.1807766666666355 Y37.963992222222245 F300
G1 X5.180776666666667 Y37.96441555555556 F300;svg#Layer_2 > g#Layer_2-2 > path
G0 X16.683731111111115 Y45.09899333333334
G1 X16.615820627353976 Y45.066826191956864 F300
G1 X16.548233484107232 Y45.046534167842644 F300
G1 X16.480605996053825 Y45.03645835780905 F300
G1 X16.41249791666667 Y45.03539852430556 F300
G1 X16.32130982786169 Y45.0463983590678 F300
G1 X16.229419754635728 Y45.06981934221042 F300
G1 X16.13681972222222 Y45.10394986111112 F300
G1 X16.002351984998324 Y45.16860148788113 F300
G1 X15.872518611111111 Y45.24343598958334 F300
G1 X15.635416666666666 Y45.39264555555556 F300
G1 X15.520926801771102 Y45.459782561319415 F300
G1 X15.403861517204696 Y45.52124140331922 F300
G1 X15.284259053497944 Y45.57518584362141 F300
G1 X15.161417514128052 Y45.6199833281387 F300
G1 X15.036968607591126 Y45.65314520530161 F300
G1 X14.910555020576131 Y45.6729967489712 F300
G1 X14.815323456495161 Y45.67801260383095 F300
G1 X14.718657998279767 Y45.673794368849855 F300
G1 X14.620107902951514 Y45.6593022027883 F300
G1 X14.519227777777777 Y45.63324000000001 F300
G1 X14.401934081993224 Y45.59152812600706 F300
G1 X14.284535323639588 Y45.54110309300252 F300
G1 X14.1673646090535 Y45.482794650205776 F300
G1 X13.996725081829558 Y45.38477796994608 F300
G1 X13.83171353909465 Y45.276437942386835 F300
G1 X13.673148546762853 Y45.16079032760176 F300
G1 X13.52622888888889 Y45.04424222222222 F300
G1 X13.42040262102861 Y44.951093973194084 F300
G1 X13.321285789836782 Y44.85097219338373 F300
G1 X13.229891171440222 Y44.74392827739538 F300
G1 X13.147310277777775 Y44.62994000000001 F300
G1 X13.088650287854234 Y44.534142451984636 F300
G1 X13.037447659510203 Y44.4347396910583 F300
G1 X12.994163041724079 Y44.33158419291104 F300
G1 X12.959355186519161 Y44.22447987665043 F300
G1 X12.933703333333332 Y44.113191111111114 F300
G1 X12.918586142786515 Y44.00285644167476 F300
G1 X12.913716506579284 Y43.89403291063389 F300
G1 X12.918855694669702 Y43.786963723826425 F300
G1 X12.933933334767739 Y43.68187166563313 F300
G1 X12.959050416666665 Y43.57899736111112 F300
G1 X12.994196598986148 Y43.4793256476083 F300
G1 X13.039258849988887 Y43.3837887883254 F300
G1 X13.094501859175821 Y43.29255579252162 F300
G1 X13.160405427748632 Y43.20590773198252 F300
G1 X13.237656666666666 Y43.124284444444456 F300
G1 X13.336087515733121 Y43.03988034991847 F300
G1 X13.44115209372701 Y42.96568439064966 F300
G1 X13.552038197937737 Y42.900388812893056 F300
G1 X13.668010277777777 Y42.842803055555564 F300
G1 X13.828091496123537 Y42.77658217156994 F300
G1 X13.991488232611577 Y42.72035874188538 F300
G1 X14.155725555555554 Y42.67160000000001 F300
G1 X14.291449461703511 Y42.63593470544448 F300
G1 X14.424342309381945 Y42.6063867976579 F300
G1 X14.554986378600825 Y42.58381320987657 F300
G1 X14.686469249230313 Y42.56883372242098 F300
G1 X14.817352923016188 Y42.56281819301408 F300
G1 X14.948383251028806 Y42.566770123456806 F300
G1 X15.078479000095111 Y42.581502435536436 F300
G1 X15.211108252419436 Y42.6084065623172 F300
G1 X15.347267777777777 Y42.64916333333335 F300
G1 X15.604103229166666 Y42.74666890625001 F300
G1 X15.74025021319653 Y42.79371245268675 F300
G1 X15.876469722222222 Y42.82881541666668 F300
G1 X15.968069437537718 Y42.8421406152154 F300
G1 X16.056675457051856 Y42.84429550173885 F300
G1 X16.142327465277777 Y42.833412552083345 F300
G1 X16.203561562568495 Y42.8157580449806 F300
G1 X16.263367105789314 Y42.788609487660224 F300
G1 X16.322036173385538 Y42.75022479408918 F300
G1 X16.379636666666666 Y42.698270000000015 F300
G1 X16.516347201646095 Y42.55473386831278 F300
G1 X16.587244046246074 Y42.48908119294927 F300
G1 X16.663437242798356 Y42.43173724279837 F300
G1 X16.718048075840542 Y42.39978496618586 F300
G1 X16.77805742617374 Y42.37305892380226 F300
G1 X16.845021111111112 Y42.3525477777778 F300
G1 X16.92697080181737 Y42.33869679631697 F300
G1 X17.00786970573595 Y42.33559513730519 F300
G1 X17.08799042077612 Y42.34177389535991 F300
G1 X17.16760111111111 Y42.35602263888891 F300
G1 X17.272184489868824 Y42.385412427466775 F300
G1 X17.374172995234314 Y42.4238418928704 F300
G1 X17.473247777777775 Y42.468400000000024 F300
G1 X17.635094517678898 Y42.549305605203706 F300
G1 X17.79531625 Y42.63438194444446 F300
G1 X18.113892222222223 Y42.80734888888891 F300
G1 X18.168502222222223 Y42.84142460905352 F300
G1 X18.23524777777778 Y42.88192872427986 F300
G1 X18.26838457958071 Y42.89709905783898 F300
G1 X18.292962222222226 Y42.90274000000002 F300
G1 X18.243996666666668 Y42.91826222222224 F300
G1 X18.255429830626312 Y42.870073930402086 F300
G1 X18.262623333333334 Y42.8211777777778 F300
G1 X18.31074222222222 Y42.442858888888914 F300
G1 X18.322094870119404 Y42.39410472563746 F300
G1 X18.341043238382944 Y42.35360570330786 F300
G1 X18.365971968226724 Y42.320023820939696 F300
G1 X18.395997586805557 Y42.29244326388892 F300
G1 X18.44363989610233 Y42.264187820947825 F300
G1 X18.494924319343173 Y42.24743852773969 F300
G1 X18.547967638888892 Y42.24166972222224 F300
G1 X18.600743660967808 Y42.24728192827451 F300
G1 X18.64755804627785 Y42.26388457099816 F300
G1 X18.687158315972223 Y42.291490763888916 F300
G1 X18.709713902507914 Y42.31834475135236 F300
G1 X18.72607331269965 Y42.35137256636847 F300
G1 X18.735042275223876 Y42.392157002943456 F300
G1 X18.73407555555556 Y42.442858888888914 F300
G1 X18.71075253472222 Y42.699934670138916 F300
G1 X18.69322040624056 Y42.84581591611845 F300
G1 X18.664013888888892 Y42.98932930555558 F300
G1 X18.64247272597847 Y43.05910118795244 F300
G1 X18.6161948237473 Y43.12263560503108 F300
G1 X18.58462441565976 Y43.17935371221509 F300
G1 X18.54710774305556 Y43.22869123263892 F300
G1 X18.51215086886579 Y43.2625164289729 F300
G1 X18.47245735625514 Y43.29066416723526 F300
G1 X18.42700610594588 Y43.31282113668852 F300
G1 X18.374484097422965 Y43.32824294829022 F300
G1 X18.313282222222227 Y43.33566888888892 F300
G1 X18.258368482469294 Y43.33339812433076 F300
G1 X18.20333830090842 Y43.32275738021449 F300
G1 X18.147947037037042 Y43.30497983539097 F300
G1 X18.06723359109143 Y43.269142549679366 F300
G1 X17.9882562962963 Y43.226281646090555 F300
G1 X17.84041888888889 Y43.141217777777804 F300
G1 X17.55200541666667 Y42.98340263888892 F300
G1 X17.406606175625548 Y42.90610296676594 F300
G1 X17.259464444444447 Y42.834160000000026 F300
G1 X17.173493065528636 Y42.79818623877817 F300
G1 X17.09435399176955 Y42.77462679012349 F300
G1 X17.04153002564226 Y42.76656446148134 F300
G1 X16.990791001014564 Y42.7664632065549 F300
G1 X16.941316378600824 Y42.77520691358028 F300
G1 X16.894591984220376 Y42.792999837847475 F300
G1 X16.846737888861337 Y42.822394493210666 F300
G1 X16.796902222222222 Y42.866756666666696 F300
G1 X16.70178809206138 Y42.967576162692374 F300
G1 X16.60761930555556 Y43.06064333333336 F300
G1 X16.540598353539355 Y43.11631377129935 F300
G1 X16.46627277225349 Y43.16568134056628 F300
G1 X16.38118888888889 Y43.20711666666669 F300
G1 X16.29308144396591 Y43.23690326147824 F300
G1 X16.205678004190066 Y43.25621687231846 F300
G1 X16.118703932464285 Y43.266352443496885 F300
G1 X16.031860493827164 Y43.26838502057616 F300
G1 X15.91558642892179 Y43.26000252345506 F300
G1 X15.799532245992538 Y43.240805567476706 F300
G1 X15.683660987654324 Y43.21278201646093 F300
G1 X15.51257220182852 Y43.15927981043103 F300
G1 X15.345715555555559 Y43.09860222222225 F300
G1 X15.209811137318722 Y43.04961356248056 F300
G1 X15.074023750000002 Y43.009278888888915 F300
G1 X14.982234212183231 Y42.98983859237359 F300
G1 X14.888248580405381 Y42.97823324462203 F300
G1 X14.79100777777778 Y42.97625888888891 F300
G1 X14.690301069155463 Y42.984028161822366 F300
G1 X14.589915723553425 Y42.999112366556425 F300
G1 X14.489823750000003 Y43.01998569444446 F300
G1 X14.341251289114826 Y43.05854894834909 F300
G1 X14.195518888888891 Y43.10086000000001 F300
G1 X14.048623186650657 Y43.14648220933275 F300
G1 X13.896561934156384 Y43.2023606995885 F300
G1 X13.79762246164201 Y43.246493629551786 F300
G1 X13.703263856129512 Y43.297159073095635 F300
G1 X13.615165473251032 Y43.35547670781895 F300
G1 X13.553976276903878 Y43.4051899128566 F300
G1 X13.498471674644591 Y43.46007528761871 F300
G1 X13.449161772565054 Y43.52085796388049 F300
G1 X13.40670777777778 Y43.58839888888891 F300
G1 X13.365793719270059 Y43.67652162458108 F300
G1 X13.339021010940508 Y43.76203888434146 F300
G1 X13.324587745372504 Y43.845447820730044 F300
G1 X13.321158751341292 Y43.92730492171058 F300
G1 X13.327824408888894 Y44.00818751111114 F300
G1 X13.349481108733485 Y44.10847287476993 F300
G1 X13.38492463361689 Y44.20741440928861 F300
G1 X13.43338857226408 Y44.30528524557158 F300
G1 X13.494325360000005 Y44.402237466666676 F300
G1 X13.563008681744234 Y44.49305513809874 F300
G1 X13.640420669356791 Y44.58114976178023 F300
G1 X13.725523803003036 Y44.666283454812486 F300
G1 X13.817263217777779 Y44.748162888888906 F300
G1 X13.945587825459306 Y44.849866576384116 F300
G1 X14.076784615263337 Y44.94181212760991 F300
G1 X14.20769056888889 Y45.023577911111126 F300
G1 X14.343217801734996 Y45.09885650661636 F300
G1 X14.466911703900365 Y45.15942134537602 F300
G1 X14.576660000000002 Y45.20609666666668 F300
G1 X14.660688990113345 Y45.233021076603976 F300
G1 X14.741053246776842 Y45.24783962694244 F300
G1 X14.818540376027277 Y45.25233938712899 F300
G1 X14.893924079861112 Y45.24789421875002 F300
G1 X14.994082248990171 Y45.22937518800256 F300
G1 X15.092474875031796 Y45.19844491541702 F300
G1 X15.189875972222225 Y45.15704291666668 F300
G1 X15.331429154936867 Y45.081828687362446 F300
G1 X15.471037656250004 Y44.99652682291668 F300
G1 X15.609068079289063 Y44.90923050735013 F300
G1 X15.743931111111117 Y44.82933000000001 F300
G1 X15.865185947580475 Y44.7671687105747 F300
G1 X15.990112688479192 Y44.71341774707931 F300
G1 X16.11806370370371 Y44.66987967078192 F300
G1 X16.216204458732836 Y44.644948122894355 F300
G1 X16.314451014845783 Y44.62791300744409 F300
G1 X16.412736192383786 Y44.61942676941241 F300
G1 X16.511011111111117 Y44.62024514403294 F300
G1 X16.60800878762286 Y44.63105464851132 F300
G1 X16.70454620412976 Y44.65272382809107 F300
G1 X16.80085716534895 Y44.68645297179056 F300
G1 X16.897091111111113 Y44.73379777777779 F300
G1 X16.938334222835408 Y44.763395681548765 F300
G1 X16.967174328449975 Y44.79590697350736 F300
G1 X16.986184595636665 Y44.83044637566545 F300
G1 X16.99698013888889 Y44.86676633680557 F300
G1 X16.999684102891795 Y44.918486252153286 F300
G1 X16.989695365497514 Y44.96922708950957 F300
G1 X16.968070000000004 Y45.01776625000001 F300
G1 X16.936462437398127 Y45.06050688919913 F300
G1 X16.897020453158355 Y45.094499776395594 F300
G1 X16.850259861111113 Y45.11815137152779 F300
G1 X16.81294937092576 Y45.1271178728032 F300
G1 X16.773070214909655 Y45.128139398596225 F300
G1 X16.730066041270522 Y45.11972354659426 F300
G1 X16.68344888888889 Y45.09927555555556 F300
G1 X16.68344888888889 Y45.09927555555556 F300
G1 X16.683731111111115 Y45.09899333333334 F300;svg#Layer_2 > g#Layer_2-2 > path
G0 X12.234497777777777 Y42.17361888888889
G1 X12.780738888888887 Y42.17361888888889 F300
G1 X12.81739486924312 Y42.17712527910596 F300
G1 X12.852593984474513 Y42.18711677114015 F300
G1 X12.885976419753087 Y42.20309543209878 F300
G1 X12.916366640570937 Y42.2243414586042 F300
G1 X12.942681017296165 Y42.249962827710455 F300
G1 X12.964402839506171 Y42.27960901234569 F300
G1 X12.980480022279815 Y42.31240910004908 F300
G1 X12.990081396911428 Y42.347624347823086 F300
G1 X12.992405555555555 Y42.38528555555556 F300
G1 X12.986546335541767 Y42.427945956311156 F300
G1 X12.973646453857828 Y42.46711692182118 F300
G1 X12.954426698185378 Y42.50258549237348 F300
G1 X12.929170138888887 Y42.5339813888889 F300
G1 X12.898723063694153 Y42.559977891725346 F300
G1 X12.863953016696149 Y42.57960607242827 F300
G1 X12.82474554612167 Y42.59232291176849 F300
G1 X12.780738888888887 Y42.59695222222223 F300
G1 X12.234497777777777 Y42.59695222222223 F300
G1 X12.197841797423541 Y42.59344583200516 F300
G1 X12.162642682192152 Y42.58345433997098 F300
G1 X12.129260246913585 Y42.56747567901236 F300
G1 X12.09887002609573 Y42.54622965250692 F300
G1 X12.0725556493705 Y42.52060828340067 F300
G1 X12.050833827160496 Y42.49096209876544 F300
G1 X12.03475664438685 Y42.45816201106204 F300
G1 X12.025155269755235 Y42.42294676328804 F300
G1 X12.022831111111111 Y42.38528555555556 F300
G1 X12.028690331124897 Y42.342625154799954 F300
G1 X12.04159021280884 Y42.303454189289944 F300
G1 X12.060809968481289 Y42.267985618737654 F300
G1 X12.086066527777778 Y42.23658972222222 F300
G1 X12.116513602972512 Y42.21059321938577 F300
G1 X12.151283649970514 Y42.190965038682855 F300
G1 X12.190491120544994 Y42.17824819934262 F300
G1 X12.234497777777777 Y42.17361888888889 F300
G1 X12.234497777777777 Y42.17361888888889 F300;svg#Layer_2 > g#Layer_2-2 > path
G0 X15.015374444444443 Y41.05644222222223
G1 X14.801372654832226 Y41.030821920676296 F300
G1 X14.585461152263374 Y40.9981267489712 F300
G1 X14.442702663580462 Y40.96968607852016 F300
G1 X14.302528938174511 Y40.93410784444505 F300
G1 X14.165739218106994 Y40.88973251028808 F300
G1 X14.065930275050611 Y40.84968675376702 F300
G1 X13.968978583773314 Y40.80307694892025 F300
G1 X13.875077163381828 Y40.74906584431457 F300
G1 X13.784462222222222 Y40.686731111111115 F300
G1 X13.696370150510678 Y40.61360708513993 F300
G1 X13.618225551652023 Y40.535210784696616 F300
G1 X13.548845364511367 Y40.45196146106101 F300
G1 X13.487193374485598 Y40.36416156378601 F300
G1 X13.415141233930182 Y40.23976298454645 F300
G1 X13.353833718680114 Y40.10882921839769 F300
G1 X13.301621810699588 Y39.97222806584362 F300
G1 X13.257404556314347 Y39.83243772383687 F300
G1 X13.2193868820993 Y39.690142557311844 F300
G1 X13.18601 Y39.54655333333334 F300
G1 X13.136481550241493 Y39.314584123365826 F300
G1 X13.093315679012347 Y39.0764651851852 F300
G1 X13.072233795582548 Y38.916440117830234 F300
G1 X13.060087063255313 Y38.756691142103506 F300
G1 X13.059135432098767 Y38.59762814814816 F300
G1 X13.067165228513591 Y38.47899894378564 F300
G1 X13.083768814566895 Y38.361435016900586 F300
G1 X13.110004261168704 Y38.244863168768745 F300
G1 X13.147063333333334 Y38.129233333333346 F300
G1 X13.193538389828392 Y38.01948639095093 F300
G1 X13.24698485064112 Y37.919504073055265 F300
G1 X13.30699205823675 Y37.8285900920261 F300
G1 X13.373308480779219 Y37.74615116383028 F300
G1 X13.445830507766594 Y37.67170999630224 F300
G1 X13.524588472222222 Y37.60491736111112 F300
G1 X13.609376485631634 Y37.545785198796516 F300
G1 X13.700096225503483 Y37.49429490386305 F300
G1 X13.796924074566249 Y37.450380312925155 F300
G1 X13.90010856650196 Y37.41410574186797 F300
G1 X14.009952972114423 Y37.385668424644834 F300
G1 X14.126797777777776 Y37.365398888888905 F300
G1 X14.301301892185888 Y37.345901749064076 F300
G1 X14.48254677826849 Y37.33356829403729 F300
G1 X14.668993703703707 Y37.3295357613169 F300
G1 X14.855253778602195 Y37.33482899047365 F300
G1 X15.040673125866743 Y37.3502532079253 F300
G1 X15.22370148148148 Y37.37670868312759 F300
G1 X15.359729672608243 Y37.40466448501052 F300
G1 X15.49160149432587 Y37.43959010656835 F300
G1 X15.618839116814481 Y37.481793630124955 F300
G1 X15.740967777777774 Y37.531627777777786 F300
G1 X15.784678686791615 Y37.5572662592833 F300
G1 X15.815074700441228 Y37.58636415988701 F300
G1 X15.835175434591951 Y37.6178605829776 F300
G1 X15.846869461805554 Y37.65151930555557 F300
G1 X15.850611235822353 Y37.70034374084784 F300
G1 X15.841287010246845 Y37.74953276406878 F300
G1 X15.819619583333331 Y37.797975000000015 F300
G1 X15.787959976301297 Y37.84084978345419 F300
G1 X15.74780452358959 Y37.876348992009596 F300
G1 X15.699633246527776 Y37.902626527777784 F300
G1 X15.660933455871426 Y37.91404328384583 F300
G1 X15.619576999253969 Y37.917932306507154 F300
G1 X15.57516821324218 Y37.91301164034749 F300
G1 X15.527325555555556 Y37.89710555555556 F300
G1 X15.412201780151733 Y37.85281277299452 F300
G1 X15.294161302361534 Y37.82055551615614 F300
G1 X15.173595277777778 Y37.7981513888889 F300
G1 X14.990043112478876 Y37.77867298965139 F300
G1 X14.806106666666667 Y37.77010555555557 F300
G1 X14.632292946211482 Y37.764688519080636 F300
G1 X14.455410277777776 Y37.7627501388889 F300
G1 X14.33757389097515 Y37.76655383333426 F300
G1 X14.22126704238285 Y37.77658334927812 F300
G1 X14.10704222222222 Y37.7946588888889 F300
G1 X14.00757507030016 Y37.82070952825008 F300
G1 X13.920399088687752 Y37.8552518384391 F300
G1 X13.843883761813665 Y37.8971390848721 F300
G1 X13.776644509706768 Y37.945599145029924 F300
G1 X13.717549423868315 Y38.000189835390955 F300
G1 X13.664360445854172 Y38.062539505352 F300
G1 X13.61869357151673 Y38.13040227545881 F300
G1 X13.58004016563602 Y38.20351668879408 F300
G1 X13.548035173968346 Y38.28171099062523 F300
G1 X13.522445020576132 Y38.36486275720165 F300
G1 X13.500115961665504 Y38.47060189353881 F300
G1 X13.486947588532956 Y38.58071748637073 F300
G1 X13.48253889454691 Y38.6944350091795 F300
G1 X13.486576666666664 Y38.81094111111112 F300
G1 X13.507001483906025 Y38.99919971320806 F300
G1 X13.539299305555556 Y39.18709041666668 F300
G1 X13.579159581466616 Y39.373758117658255 F300
G1 X13.622184444444443 Y39.558265555555565 F300
G1 X13.662031018715634 Y39.71619860732245 F300
G1 X13.71069638888889 Y39.872061388888895 F300
G1 X13.750646533875951 Y39.972941150127866 F300
G1 X13.798395283240367 Y40.070083019726056 F300
G1 X13.855723333333332 Y40.16278555555556 F300
G1 X13.910420919054856 Y40.23269930906635 F300
G1 X13.970472056797758 Y40.29416198152094 F300
G1 X14.0354201724511 Y40.34817013240741 F300
G1 X14.104937002167715 Y40.39557385750828 F300
G1 X14.17878938271605 Y40.43709510288067 F300
G1 X14.275675922316445 Y40.48114178651517 F300
G1 X14.377081122237934 Y40.51764662632281 F300
G1 X14.482121546861999 Y40.54763865604767 F300
G1 X14.589908765432096 Y40.572112304526755 F300
G1 X14.807228003214284 Y40.60807520536487 F300
G1 X15.015233333333331 Y40.63325000000001 F300
G1 X15.06426447766543 Y40.6439574656093 F300
G1 X15.104922522032243 Y40.66236941678757 F300
G1 X15.138591544368502 Y40.68682948593281 F300
G1 X15.166224427083332 Y40.71644161458335 F300
G1 X15.19454491310387 Y40.763657831149615 F300
G1 X15.211337029799859 Y40.81470442245034 F300
G1 X15.217110416666666 Y40.86772375 F300
G1 X15.21146942936129 Y40.92050224014905 F300
G1 X15.194802427476873 Y40.96756103411954 F300
G1 X15.167057864583331 Y41.00760234375001 F300
G1 X15.140072598805427 Y41.0305509904031 F300
G1 X15.106899406675193 Y41.047364405982506 F300
G1 X15.065991773583194 Y41.05686961116577 F300
G1 X15.015233333333331 Y41.05658333333334 F300
G1 X15.015233333333331 Y41.05658333333334 F300
G1 X15.015374444444443 Y41.05644222222223 F300;svg#Layer_2 > g#Layer_2-2 > path
G0 X11.678802222222222 Y40.12750777777778
G1 X11.61635021838774 Y40.081069320348945 F300
G1 X11.560057222222222 Y40.02714250000001 F300
G1 X11.51205740483648 Y39.966012688992365 F300
G1 X11.474332222222221 Y39.897778888888894 F300
G1 X11.454456882154233 Y39.848857361177295 F300
G1 X11.439636527777777 Y39.802617083333345 F300
G1 X11.428651886460727 Y39.75529790331453 F300
G1 X11.420709999999998 Y39.70290444444445 F300
G1 X11.419519305089214 Y39.62423134542875 F300
G1 X11.429458888888888 Y39.54542444444446 F300
G1 X11.440098739901677 Y39.50978563065369 F300
G1 X11.458629042420652 Y39.479077312519756 F300
G1 X11.483610277777776 Y39.45237930555557 F300
G1 X11.52900340876083 Y39.420163503458966 F300
G1 X11.577343333333332 Y39.397540000000006 F300
G1 X11.652511289472711 Y39.37431724189272 F300
G1 X11.730538671939483 Y39.359910741397066 F300
G1 X11.81085086419753 Y39.354067325102896 F300
G1 X11.891456578703597 Y39.35661977572952 F300
G1 X11.971472009559333 Y39.36723078660776 F300
G1 X12.05019098765432 Y39.38569711934158 F300
G1 X12.12665045798094 Y39.4118753805448 F300
G1 X12.198836512962927 Y39.445146107047364 F300
G1 X12.266106666666666 Y39.48531111111113 F300
G1 X12.323329505123011 Y39.52698713970179 F300
G1 X12.378384016494104 Y39.57402914691324 F300
G1 X12.429495694444443 Y39.62652805555557 F300
G1 X12.474263615793827 Y39.683933405523184 F300
G1 X12.510553794207263 Y39.74561969688048 F300
G1 X12.536898888888887 Y39.81198333333335 F300
G1 X12.547038623373997 Y39.86637301121022 F300
G1 X12.545909951277793 Y39.92125242403018 F300
G1 X12.534200138888888 Y39.97563694444446 F300
G1 X12.512589392243086 Y40.02696006216232 F300
G1 X12.482218947682558 Y40.07265577373906 F300
G1 X12.44334222222222 Y40.11156222222224 F300
G1 X12.390136968279473 Y40.148984736627696 F300
G1 X12.334104583333334 Y40.17917208333335 F300
G1 X12.27541097442626 Y40.2044497786508 F300
G1 X12.214177777777776 Y40.226991111111126 F300
G1 X12.099456238906514 Y40.26138470365548 F300
G1 X11.9820524611364 Y40.285933965027404 F300
G1 X11.862993965992295 Y40.30114834946429 F300
G1 X11.743289999999996 Y40.30742444444446 F300
G1 X11.706643787096466 Y40.304361610281546 F300
G1 X11.671457371379976 Y40.29452843106722 F300
G1 X11.638052469135802 Y40.27848098765433 F300
G1 X11.607677791392916 Y40.25705080701118 F300
G1 X11.58136069620477 Y40.23117682736143 F300
G1 X11.559626049382713 Y40.2012775308642 F300
G1 X11.543515692609839 Y40.168246045809084 F300
G1 X11.533931341815684 Y40.13304821758462 F300
G1 X11.53162333333333 Y40.09575777777779 F300
G1 X11.537567096660114 Y40.052419685215355 F300
G1 X11.550537337130509 Y40.01315269987612 F300
G1 X11.569757062490636 Y39.9779729075537 F300
G1 X11.594911666666665 Y39.94706194444445 F300
G1 X11.625261715783903 Y39.92146726988945 F300
G1 X11.659999582861019 Y39.90203326137602 F300
G1 X11.69923202434562 Y39.88922561267466 F300
G1 X11.743289999999996 Y39.884091111111125 F300
G1 X11.820078015128878 Y39.88072166108528 F300
G1 X11.896536666666663 Y39.873225555555564 F300
G1 X11.84023333333333 Y39.88084555555557 F300
G1 X11.953856820115245 Y39.860522522669626 F300
G1 X12.064844480295065 Y39.8307153801736 F300
G1 X12.173396666666662 Y39.791381111111114 F300
G1 X12.122878888888883 Y39.81268888888889 F300
G1 X12.17452555555555 Y39.78743000000001 F300
G1 X12.178135404723102 Y39.78687418195422 F300
G1 X12.173166707818925 Y39.79234275720165 F300
G1 X12.156128847736621 Y39.805471316872435 F300
G1 X12.152856060382499 Y39.806944283844246 F300
G1 X12.159003333333327 Y39.799847777777785 F300
G1 X12.165704380150718 Y39.79476863300586 F300
G1 X12.163435267489708 Y39.79959691358026 F300
G1 X12.148832880658432 Y39.81816086419754 F300
G1 X12.14461478957912 Y39.82118732479141 F300
G1 X12.147432222222218 Y39.81254777777777 F300
G1 X12.126124444444438 Y39.86306555555556 F300
G1 X12.131204444444439 Y39.84500333333334 F300
G1 X12.123584444444438 Y39.90130666666667 F300
G1 X12.123584444444438 Y39.87915222222223 F300
G1 X12.131204444444439 Y39.93545555555556 F300
G1 X12.12118555555555 Y39.90342333333334 F300
G1 X12.142493333333329 Y39.95394111111112 F300
G1 X12.117375555555553 Y39.91217222222223 F300
G1 X12.113623045267488 Y39.90506962962965 F300
G1 X12.126866584362137 Y39.92223814814816 F300
G1 X12.121044444444442 Y39.9168288888889 F300
G1 X12.091640416666666 Y39.884990694444454 F300
G1 X12.05980222222222 Y39.85558666666668 F300
G1 X12.054366831275718 Y39.84972794238685 F300
G1 X12.071540576131685 Y39.86299761316874 F300
G1 X12.064599999999999 Y39.85911444444445 F300
G1 X12.028334444444441 Y39.835266666666676 F300
G1 X11.95086444444444 Y39.79589666666668 F300
G1 X12.001382222222219 Y39.81720444444446 F300
G1 X11.928216290073944 Y39.79211712304044 F300
G1 X11.852651111111108 Y39.77614111111112 F300
G1 X11.90895444444444 Y39.78376111111112 F300
G1 X11.832107664793257 Y39.778204913562334 F300
G1 X11.75514333333333 Y39.78249111111111 F300
G1 X11.811446666666663 Y39.774871111111125 F300
G1 X11.749921856019538 Y39.78687011611628 F300
G1 X11.690232222222216 Y39.80563333333335 F300
G1 X11.83811666666666 Y39.6577488888889 F300
G1 X11.83656444444444 Y39.66776777777778 F300
G1 X11.84418444444444 Y39.61146444444445 F300
G1 X11.841485804085663 Y39.6571150012657 F300
G1 X11.844607777777773 Y39.702622222222224 F300
G1 X11.836987777777773 Y39.6463188888889 F300
G1 X11.84675020759903 Y39.69109765130028 F300
G1 X11.861682222222216 Y39.73423111111112 F300
G1 X11.84037444444444 Y39.683713333333344 F300
G1 X11.86097666666666 Y39.724635555555565 F300
G1 X11.871842222222215 Y39.741851111111124 F300
G1 X11.884277638888882 Y39.75499208333335 F300
G1 X11.85998888888888 Y39.727598888888906 F300
G1 X11.88778777777777 Y39.75723222222223 F300
G1 X11.902304583333327 Y39.769702916666674 F300
G1 X11.889622222222213 Y39.76047777777779 F300
G1 X11.87761013888888 Y39.7507763888889 F300
G1 X11.89300888888888 Y39.76160666666668 F300
G1 X11.935412025434042 Y39.79745954890949 F300
G1 X11.967972398559672 Y39.84142436504637 F300
G1 X11.989705277777768 Y39.89183458333335 F300
G1 X11.997492916461066 Y39.93184116000749 F300
G1 X11.997216132732289 Y39.97189321442049 F300
G1 X11.988195247742421 Y40.01177932735059 F300
G1 X11.968926666666658 Y40.05116666666668 F300
G1 X11.933562601548225 Y40.09345022935466 F300
G1 X11.889656534310118 Y40.126129712060624 F300
G1 X11.838963333333323 Y40.14807472222224 F300
G1 X11.798720289786456 Y40.155953995433194 F300
G1 X11.758516076877939 Y40.155684362449215 F300
G1 X11.718604979364866 Y40.146574240157015 F300
G1 X11.679366666666658 Y40.127084444444456 F300
G1 X11.679366666666658 Y40.127084444444456 F300
G1 X11.678802222222222 Y40.12750777777778 F300;svg#Layer_2 > g#Layer_2-2 > path
G0 X16.999255555555557 Y40.155306666666675
G1 X16.934426241003074 Y40.12850589231418 F300
G1 X16.877660423566983 Y40.09234151208934 F300
G1 X16.828239064876605 Y40.046637159451535 F300
G1 X16.785895555555555 Y39.99063000000001 F300
G1 X16.759700171321985 Y39.940132315217916 F300
G1 X16.741128055555556 Y39.88550222222223 F300
G1 X16.729830539729686 Y39.82879105796677 F300
G1 X16.725358888888888 Y39.77233111111112 F300
G1 X16.727908542527672 Y39.71579313339215 F300
G1 X16.7379690400989 Y39.65927807703822 F300
G1 X16.755365330246853 Y39.60372328261744 F300
G1 X16.780145277777773 Y39.55015166666667 F300
G1 X16.811811915014246 Y39.500777172667405 F300
G1 X16.84951690824004 Y39.45755726539862 F300
G1 X16.893299460455694 Y39.421202644013746 F300
G1 X16.943516666666664 Y39.392742222222225 F300
G1 X16.985249303638525 Y39.37560900354685 F300
G1 X17.022803472222222 Y39.36377916666667 F300
G1 X17.061427482949995 Y39.355651286287355 F300
G1 X17.107064444444447 Y39.35026777777778 F300
G1 X17.174006890347982 Y39.35220841592129 F300
G1 X17.23956777777778 Y39.36579000000001 F300
G1 X17.30021980176794 Y39.38773729149079 F300
G1 X17.358912500000002 Y39.41831861111112 F300
G1 X17.41284860381743 Y39.45652405818923 F300
G1 X17.45941888888889 Y39.50111555555557 F300
G1 X17.499187141724462 Y39.55054760432087 F300
G1 X17.53339638888889 Y39.60462055555557 F300
G1 X17.559672653020492 Y39.66265238659378 F300
G1 X17.575835555555557 Y39.724212222222235 F300
G1 X17.581920321836606 Y39.771721771531176 F300
G1 X17.583684861111113 Y39.81441750000001 F300
G1 X17.581308780556654 Y39.857116829830446 F300
G1 X17.574283333333337 Y39.90483444444446 F300
G1 X17.554920672595067 Y39.97102081228506 F300
G1 X17.5256 Y40.03352777777779 F300
G1 X17.491652426231106 Y40.08721725536288 F300
G1 X17.45049422285482 Y40.13638054748611 F300
G1 X17.402718353909474 Y40.18075370370372 F300
G1 X17.349902477212567 Y40.21915001797552 F300
G1 X17.293070877293886 Y40.251074580929455 F300
G1 X17.232862386831282 Y40.27614481481483 F300
G1 X17.17017528263852 Y40.29371525964612 F300
G1 X17.106819115265736 Y40.303010938667015 F300
G1 X17.043282222222224 Y40.303614444444456 F300
G1 X17.001532568411694 Y40.29811161483992 F300
G1 X16.962586067684278 Y40.28660431042762 F300
G1 X16.926511677682743 Y40.26822680242519 F300
G1 X16.893563333333336 Y40.241666666666674 F300
G1 X16.868334545979252 Y40.210616728376955 F300
G1 X16.84793152777778 Y40.172839722222236 F300
G1 X16.835039472924482 Y40.132039219707465 F300
G1 X16.831615555555558 Y40.09194777777779 F300
G1 X16.83646600836818 Y40.05086859065779 F300
G1 X16.84793152777778 Y40.01089708333335 F300
G1 X16.86668257348194 Y39.97411193134906 F300
G1 X16.893563333333336 Y39.942228888888906 F300
G1 X16.9258294102809 Y39.91664091366143 F300
G1 X16.96239027777778 Y39.89617375000002 F300
G1 X17.001870447049598 Y39.88331281026326 F300
G1 X17.043282222222228 Y39.88028111111112 F300
G1 X17.09986777777778 Y39.87887000000001 F300
G1 X17.043564444444446 Y39.886490000000016 F300
G1 X17.08531452085088 Y39.87814711901635 F300
G1 X17.125691111111117 Y39.864617777777795 F300
G1 X17.075173333333336 Y39.88592555555557 F300
G1 X17.11644673232153 Y39.86518315897897 F300
G1 X17.154760000000003 Y39.83935888888891 F300
G1 X17.11186222222222 Y39.87252000000002 F300
G1 X17.140701805555555 Y39.84674958333336 F300
G1 X17.16647222222222 Y39.817910000000026 F300
G1 X17.133311111111112 Y39.860807777777815 F300
G1 X17.154575476240655 Y39.8291598051448 F300
G1 X17.171834444444446 Y39.79505000000003 F300
G1 X17.150526666666664 Y39.84556777777781 F300
G1 X17.16047363528702 Y39.815992321136726 F300
G1 X17.167036666666668 Y39.785454444444476 F300
G1 X17.159416666666665 Y39.841757777777815 F300
G1 X17.161603975646308 Y39.81112829528813 F300
G1 X17.159981111111115 Y39.78051555555559 F300
G1 X17.16760111111111 Y39.83681888888892 F300
G1 X17.161397762895305 Y39.80784043126964 F300
G1 X17.15179666666667 Y39.77966888888893 F300
G1 X17.173104444444448 Y39.83018666666671 F300
G1 X17.158084111068717 Y39.80067278772566 F300
G1 X17.139661111111113 Y39.773036666666705 F300
G1 X17.172822222222223 Y39.81593444444448 F300
G1 X17.148463917399475 Y39.78857752442222 F300
G1 X17.121034444444447 Y39.76428777777781 F300
G1 X17.163932222222225 Y39.79744888888893 F300
G1 X17.1364671791182 Y39.77913175122007 F300
G1 X17.107064444444447 Y39.76386444444448 F300
G1 X17.157582222222224 Y39.785172222222265 F300
G1 X17.127065962576168 Y39.7743819900743 F300
G1 X17.095352222222225 Y39.76739222222227 F300
G1 X17.151655555555557 Y39.775012222222266 F300
G1 X17.122863518954702 Y39.77323073817112 F300
G1 X17.094223333333336 Y39.77515333333337 F300
G1 X17.150526666666668 Y39.76753333333337 F300
G1 X17.106641111111113 Y39.77966888888893 F300
G1 X17.15715888888889 Y39.75836111111115 F300
G1 X17.1192 Y39.780092222222265 F300
G1 X17.16209777777778 Y39.746931111111145 F300
G1 X17.129360000000002 Y39.780092222222265 F300
G1 X17.162521111111115 Y39.73719444444448 F300
G1 X17.13909666666667 Y39.77783444444448 F300
G1 X17.160404444444445 Y39.7273166666667 F300
G1 X17.149978375992177 Y39.75741401008366 F300
G1 X17.143471111111115 Y39.78855888888893 F300
G1 X17.15109111111111 Y39.7322555555556 F300
G1 X17.14888624661915 Y39.76682556737111 F300
G1 X17.151232222222223 Y39.801400000000044 F300
G1 X17.143612222222227 Y39.74509666666671 F300
G1 X17.14958832919431 Y39.77316508649035 F300
G1 X17.158852222222226 Y39.80041222222226 F300
G1 X17.137544444444448 Y39.74989444444448 F300
G1 X17.16026333333334 Y39.78940555555559 F300
G1 X17.127102222222224 Y39.74650777777782 F300
G1 X17.15504222222222 Y39.775294444444484 F300
G1 X17.112144444444446 Y39.74213333333337 F300
G1 X17.147422222222225 Y39.762876666666706 F300
G1 X17.096904444444448 Y39.74156888888893 F300
G1 X17.112003333333334 Y39.746931111111145 F300
G1 X17.150098366058987 Y39.762534254935076 F300
G1 X17.184286159365076 Y39.783861586961415 F300
G1 X17.214012285780683 Y39.81093757335631 F300
G1 X17.238438888888886 Y39.844156666666706 F300
G1 X17.255120421472085 Y39.881173215358736 F300
G1 X17.26523236111111 Y39.92365513888893 F300
G1 X17.26708618705323 Y39.967131541428785 F300
G1 X17.25974666666667 Y40.007281111111155 F300
G1 X17.244497705470064 Y40.04497088152702 F300
G1 X17.223304722222224 Y40.08002388888893 F300
G1 X17.196083018762867 Y40.11023901399099 F300
G1 X17.162521111111115 Y40.133716666666714 F300
G1 X17.123971834934267 Y40.15044808098365 F300
G1 X17.082969722222224 Y40.160668888888935 F300
G1 X17.0410658351797 Y40.16273233947893 F300
G1 X16.99939666666667 Y40.155024444444486 F300
G1 X16.99939666666667 Y40.155024444444486 F300
G1 X16.999255555555557 Y40.155306666666675 F300;svg#Layer_2 > g#Layer_2-2 > path
G0 X8.704603333333333 Y35.18805444444444
G1 X8.696062252116532 Y35.040179548945574 F300
G1 X8.697721098628435 Y34.89473534404817 F300
G1 X8.709022792640424 Y34.75160253451519 F300
G1 X8.729503656114497 Y34.61066439631061 F300
G1 X8.758785590277776 Y34.47181413194445 F300
G1 X8.80743257231126 Y34.300683995775465 F300
G1 X8.868492995511666 Y34.13376779211685 F300
G1 X8.941340280163978 Y33.97107096975383 F300
G1 X9.025454722222221 Y33.812644444444445 F300
G1 X9.119520622861309 Y33.659934917510256 F300
G1 X9.222963434332167 Y33.512916193828396 F300
G1 X9.33519749931808 Y33.3717545844267 F300
G1 X9.455689270833332 Y33.23665975694445 F300
G1 X9.583522605863658 Y33.10829281381645 F300
G1 X9.717362143571128 Y32.98758939114893 F300
G1 X9.856574823827302 Y32.87474100132929 F300
G1 X10.000567777777778 Y32.76997444444444 F300
G1 X10.170000387362657 Y32.65950987300149 F300
G1 X10.344359299508518 Y32.557408027946934 F300
G1 X10.523351741329192 Y32.46307116874728 F300
G1 X10.706701006944444 Y32.375930486111116 F300
G1 X10.956109871926353 Y32.27054268660575 F300
G1 X11.211200771461808 Y32.17595217996353 F300
G1 X11.471121944444445 Y32.090947777777785 F300
G1 X11.733901362707488 Y32.01464427443626 F300
G1 X11.99865804131691 Y31.945771135647306 F300
G1 X12.264382465277775 Y31.88311756944445 F300
G1 X12.663952333640516 Y31.79789359605173 F300
G1 X13.057034444444442 Y31.720531111111118 F300
G1 X13.430257629835996 Y31.653142599879036 F300
G1 X13.805439700935281 Y31.595259614409954 F300
G1 X14.182285802469135 Y31.548412139917705 F300
G1 X14.465776717578017 Y31.521454699557445 F300
G1 X14.749488751252365 Y31.50225795365007 F300
G1 X15.033357846058431 Y31.49145300738495 F300
G1 X15.31732086419753 Y31.489683786008236 F300
G1 X15.601019159086366 Y31.497596260803174 F300
G1 X15.884430224300441 Y31.5158382470458 F300
G1 X16.16757572493138 Y31.545086476192232 F300
G1 X16.450474444444442 Y31.58605222222223 F300
G1 X16.694844293025916 Y31.632245268208663 F300
G1 X16.93534545484327 Y31.68872327869482 F300
G1 X17.171956920885695 Y31.755336746977328 F300
G1 X17.404650188482073 Y31.831975868206065 F300
G1 X17.633385930342406 Y31.918569322168565 F300
G1 X17.858110694444445 Y32.01508291666667 F300
G1 X18.078416254411913 Y32.12134614138466 F300
G1 X18.293835644101005 Y32.237124648748676 F300
G1 X18.504311083888688 Y32.362391924365895 F300
G1 X18.709766173907674 Y32.49715633672073 F300
G1 X18.91010274237827 Y32.641459486955284 F300
G1 X19.105197777777782 Y32.79537444444445 F300
G1 X19.303544996768412 Y32.96711486710101 F300
G1 X19.493036199637167 Y33.14760102794188 F300
G1 X19.673615324725922 Y33.33656522200336 F300
G1 X19.845189670781895 Y33.53377753086421 F300
G1 X20.007446146137237 Y33.73880177331422 F300
G1 X20.159846568787724 Y33.95086567982592 F300
G1 X20.30228145614825 Y34.16974148908299 F300
G1 X20.434600329218107 Y34.395229506172846 F300
G1 X20.556314992769586 Y34.62656235344808 F300
G1 X20.667133475886416 Y34.863238899689215 F300
G1 X20.766896822278206 Y35.105069470798014 F300
G1 X20.855398888888892 Y35.351884444444444 F300
G1 X20.866252724555505 Y35.40158764304691 F300
G1 X20.865735759595616 Y35.4445383105938 F300
G1 X20.856503907805095 Y35.48199701771991 F300
G1 X20.839971475694448 Y35.515013298611116 F300
G1 X20.806985543246114 Y35.5533658413953 F300
G1 X20.765062046339054 Y35.58241430618478 F300
G1 X20.71568125 Y35.60196861111111 F300
G1 X20.663129748043218 Y35.610455106703746 F300
G1 X20.610446560740378 Y35.60743209130267 F300
G1 X20.55919123263889 Y35.592033506944446 F300
G1 X20.525017144070226 Y35.57268910113177 F300
G1 X20.494415323467503 Y35.54598213300603 F300
G1 X20.46801174692894 Y35.5105873254403 F300
G1 X20.447164444444446 Y35.464491111111116 F300
G1 X20.37329685266282 Y35.2575259822953 F300
G1 X20.29086495154725 Y35.05518130034648 F300
G1 X20.20010714164938 Y34.857474650532225 F300
G1 X20.10122817213882 Y34.664434846144374 F300
G1 X19.994401557146933 Y34.47610465611095 F300
G1 X19.87977210069445 Y34.292543489583345 F300
G1 X19.757318164184852 Y34.113633879776145 F300
G1 X19.627845551028766 Y33.940435530168116 F300
G1 X19.491529450970898 Y33.77300846896029 F300
G1 X19.34852027487934 Y33.61142906039359 F300
G1 X19.198946045698253 Y33.45579234244444 F300
G1 X19.042914861111118 Y33.30621430555556 F300
G1 X18.847819821763085 Y33.13536479800182 F300
G1 X18.644843037695978 Y32.97451516652927 F300
G1 X18.43420116521022 Y32.82383608659168 F300
G1 X18.21607332697792 Y32.683544518609395 F300
G1 X17.990607413194446 Y32.553909079861114 F300
G1 X17.79821977252241 Y32.454749808011805 F300
G1 X17.601775906152923 Y32.363722417921224 F300
G1 X17.40135674895164 Y32.28095942788542 F300
G1 X17.19702925285565 Y32.20662256764244 F300
G1 X16.988849265874247 Y32.140904983021166 F300
G1 X16.776864444444445 Y32.08403333333333 F300
G1 X16.523172538702653 Y32.028110944706356 F300
G1 X16.267870424421915 Y31.983695757925545 F300
G1 X16.011075575586467 Y31.95013517171069 F300
G1 X15.752899506172847 Y31.926814650205767 F300
G1 X15.493942338293092 Y31.913169753049143 F300
G1 X15.234477227309629 Y31.908597111307742 F300
G1 X14.974704122830618 Y31.912504655248327 F300
G1 X14.714823456790127 Y31.924316460905352 F300
G1 X14.36895034413947 Y31.95134655964693 F300
G1 X14.025134155588912 Y31.989913566343642 F300
G1 X13.683991111111112 Y32.03859555555555 F300
G1 X13.288389969461267 Y32.105962619330455 F300
G1 X12.894508776777887 Y32.18315674328779 F300
G1 X12.50240912802671 Y32.26924232099455 F300
G1 X12.112154444444448 Y32.36329222222222 F300
G1 X11.877022227699808 Y32.42428422503905 F300
G1 X11.642763143293722 Y32.490229492095274 F300
G1 X11.410250138888895 Y32.56268222222222 F300
G1 X11.180578481243765 Y32.64312797223232 F300
G1 X10.954805834829134 Y32.73304212510605 F300
G1 X10.733640000000003 Y32.83403888888889 F300
G1 X10.566992456211118 Y32.92095068030036 F300
G1 X10.403489994243406 Y33.017136071208874 F300
G1 X10.244122289532474 Y33.12250666535642 F300
G1 X10.08992197916667 Y33.23701694444445 F300
G1 X9.942638988376789 Y33.36007614148445 F300
G1 X9.804119297703133 Y33.490795238556906 F300
G1 X9.675200198708206 Y33.629086792809076 F300
G1 X9.556773333333336 Y33.7749325 F300
G1 X9.469786454529336 Y33.89775325748074 F300
G1 X9.391281931983933 Y34.02464507802193 F300
G1 X9.321622097859679 Y34.15570286621136 F300
G1 X9.261235574663948 Y34.29106445488657 F300
G1 X9.210632187500003 Y34.43090513888889 F300
G1 X9.170973425218929 Y34.573089220573095 F300
G1 X9.142140000794406 Y34.71947957733853 F300
G1 X9.124776683666337 Y34.87047782079898 F300
G1 X9.119704202490528 Y35.026517878016506 F300
G1 X9.12793666666667 Y35.18805444444444 F300
G1 X9.127210625761212 Y35.23880506132614 F300
G1 X9.116911586398594 Y35.279837001882996 F300
G1 X9.099428037676505 Y35.31319172357669 F300
G1 X9.075899739583337 Y35.34035522569444 F300
G1 X9.035221258863972 Y35.36829506306216 F300
G1 X8.98781927605728 Y35.38506849658666 F300
G1 X8.93505541666667 Y35.390778194444444 F300
G1 X8.882087312373322 Y35.3850331258093 F300
G1 X8.831403473234516 Y35.368216855464695 F300
G1 X8.784818385416669 Y35.33983928819444 F300
G1 X8.75581490814996 Y35.31215983796789 F300
G1 X8.732033150431597 Y35.27838500158581 F300
G1 X8.714389495371972 Y35.237502361116206 F300
G1 X8.704603333333337 Y35.18805444444444 F300
G1 X8.704603333333337 Y35.18805444444444 F300
G1 X8.704603333333333 Y35.18805444444444 F300;svg#Layer_2 > g#Layer_2-2 > path
G0 X13.131541111111112 Y28.083392222222226
G1 X13.069484333315303 Y27.913268331671105 F300
G1 X12.99987399176955 Y27.73902362139918 F300
G1 X12.947356861116871 Y27.625291498098946 F300
G1 X12.888487729670402 Y27.516167347197026 F300
G1 X12.82176563786008 Y27.413313045267493 F300
G1 X12.765497752712736 Y27.341140803887825 F300
G1 X12.703474403088368 Y27.274466251501032 F300
G1 X12.634808780062768 Y27.213810022291277 F300
G1 X12.558488888888887 Y27.159820000000003 F300
G1 X12.48612843668631 Y27.119617733314975 F300
G1 X12.411294754850479 Y27.088500496528905 F300
G1 X12.334192777777778 Y27.067374583333336 F300
G1 X12.275177847450642 Y27.05879487536228 F300
G1 X12.215546755466569 Y27.0570284736489 F300
G1 X12.155141178300756 Y27.062639521932 F300
G1 X12.09381 Y27.076423333333338 F300
G1 X12.009213124178928 Y27.104979993086882 F300
G1 X11.926049794238686 Y27.137414691358035 F300
G1 X11.842959348707147 Y27.169698055141737 F300
G1 X11.758979465020577 Y27.19765345679013 F300
G1 X11.702012808412597 Y27.21187659039324 F300
G1 X11.643427299136672 Y27.221276614083745 F300
G1 X11.582564444444445 Y27.224590000000006 F300
G1 X11.511131398779163 Y27.219537292882595 F300
G1 X11.445477722221783 Y27.20570185948437 F300
G1 X11.384578754340735 Y27.184202104121457 F300
G1 X11.327536979166668 Y27.15581817708334 F300
G1 X11.256152653239571 Y27.108108463415547 F300
G1 X11.18975093847347 Y27.05070845697948 F300
G1 X11.127410555555558 Y26.98493041666667 F300
G1 X11.042529685555099 Y26.87730207699832 F300
G1 X10.964431631944446 Y26.762845781250007 F300
G1 X10.820846666666668 Y26.540483333333338 F300
G1 X10.06406777777778 Y25.427540000000004 F300
G1 X10.043721261874285 Y25.38774379709702 F300
G1 X10.034649560064508 Y25.347912996587773 F300
G1 X10.034866283552374 Y25.308175994166632 F300
G1 X10.043395000000002 Y25.26852541666667 F300
G1 X10.066115936587375 Y25.21829725980358 F300
G1 X10.098947999222457 Y25.174262900222438 F300
G1 X10.139985555555556 Y25.137980000000006 F300
G1 X10.233597525656478 Y25.078134099814545 F300
G1 X10.329549273570045 Y25.02903162750553 F300
G1 X10.42769925028652 Y24.989710466734586 F300
G1 X10.527977225888518 Y24.95937130957879 F300
G1 X10.630362345679016 Y24.9373618106996 F300
G1 X10.760849944472533 Y24.920815011379027 F300
G1 X10.893002508443466 Y24.915605619942358 F300
G1 X11.026403339095179 Y24.92075693425099 F300
G1 X11.160626543209878 Y24.935396707818935 F300
G1 X11.337910258616024 Y24.96782249808517 F300
G1 X11.510999640125359 Y25.01254936679546 F300
G1 X11.67837888888889 Y25.067142222222227 F300
G1 X11.882852571576624 Y25.144980661294866 F300
G1 X12.086084166666668 Y25.22649194444445 F300
G1 X12.290401330459824 Y25.3048708924682 F300
G1 X12.498234444444446 Y25.373353333333338 F300
G1 X12.58676165214183 Y25.398658974096694 F300
G1 X12.700498930041157 Y25.426484279835403 F300
G1 X12.779212382066044 Y25.440558170369414 F300
G1 X12.857981106956808 Y25.448615198334938 F300
G1 X12.934403662551443 Y25.44844534979424 F300
G1 X12.990818339731439 Y25.441165165137686 F300
G1 X13.04176305574485 Y25.426963173136507 F300
G1 X13.08711523338024 Y25.405115843882545 F300
G1 X13.126602222222225 Y25.374482222222227 F300
G1 X13.146201581147368 Y25.350603388781842 F300
G1 X13.159115907284296 Y25.325392248434973 F300
G1 X13.167189958847741 Y25.298804855967084 F300
G1 X13.173230902683821 Y25.25644680449989 F300
G1 X13.175761152263377 Y25.211775884773665 F300
G1 X13.179141695848628 Y25.16693783834294 F300
G1 X13.187844444444448 Y25.122740000000007 F300
G1 X13.208714199803936 Y25.068358172265754 F300
G1 X13.237464737970194 Y25.018430233394973 F300
G1 X13.273692916666668 Y24.97358555555556 F300
G1 X13.316559683509182 Y24.935307163541097 F300
G1 X13.36515728749114 Y24.904915388836507 F300
G1 X13.41954888888889 Y24.88327444444445 F300
G1 X13.481760987091954 Y24.870648428126692 F300
G1 X13.540724249874689 Y24.86887880835461 F300
G1 X13.59719809510282 Y24.876285450769846 F300
G1 X13.65189094650206 Y24.891730658436224 F300
G1 X13.722145757698495 Y24.923099777346437 F300
G1 X13.789308637481671 Y24.964612100519183 F300
G1 X13.853627572016464 Y25.014141934156385 F300
G1 X13.94300485107637 Y25.096743033149167 F300
G1 X14.021811111111113 Y25.17932555555556 F300
G1 X15.384944444444447 Y26.65520666666668 F300
G1 X15.03117888888889 Y26.74862222222223 F300
G1 X15.067614772088842 Y26.546637698974834 F300
G1 X15.115526748971195 Y26.342781440329237 F300
G1 X15.155362515118465 Y26.208801927728413 F300
G1 X15.202589745205685 Y26.077989305994983 F300
G1 X15.258263251028808 Y25.951302633744866 F300
G1 X15.306279841262867 Y25.859495156434885 F300
G1 X15.359961405059 Y25.77133717822396 F300
G1 X15.419848898074832 Y25.687119717976156 F300
G1 X15.486544444444444 Y25.607174444444453 F300
G1 X15.555741185564967 Y25.538253262172027 F300
G1 X15.628163899288072 Y25.479765487182068 F300
G1 X15.703458279223142 Y25.43085977531501 F300
G1 X15.781406523729306 Y25.390865438514098 F300
G1 X15.861894773662556 Y25.35929448559672 F300
G1 X15.967119507674026 Y25.330999518639448 F300
G1 X16.074443676048066 Y25.31560724667241 F300
G1 X16.18356997675352 Y25.31267456128677 F300
G1 X16.29422263374486 Y25.322077736625527 F300
G1 X16.40293357266087 Y25.3432048219072 F300
G1 X16.510459507555346 Y25.375873163174596 F300
G1 X16.616336123956927 Y25.42009313352881 F300
G1 X16.719996666666667 Y25.476082222222228 F300
G1 X16.818603114841437 Y25.541093930779294 F300
G1 X16.916039980630885 Y25.616318741440644 F300
G1 X17.01069217013889 Y25.70144989583334 F300
G1 X17.098405788723838 Y25.793541340299996 F300
G1 X17.178312076715354 Y25.89239687346269 F300
G1 X17.248934027777775 Y25.99748777777779 F300
G1 X17.295033441514853 Y26.08050317967759 F300
G1 X17.333734423057063 Y26.16551158083987 F300
G1 X17.364555971059417 Y26.252412076615233 F300
G1 X17.386925260416668 Y26.34115065972223 F300
G1 X17.40011365199768 Y26.431327454079348 F300
G1 X17.40341247696241 Y26.522594788901934 F300
G1 X17.396029133159338 Y26.615202098121138 F300
G1 X17.37686888888889 Y26.70939333333334 F300
G1 X17.35160784073503 Y26.785326836207094 F300
G1 X17.318218538191886 Y26.856995258079174 F300
G1 X17.27733598496956 Y26.92432028656766 F300
G1 X17.229412187500003 Y26.987130868055566 F300
G1 X17.175108020649766 Y27.044793916821924 F300
G1 X17.11576758981351 Y27.096156485474385 F300
G1 X17.05189071413927 Y27.141006423143093 F300
G1 X16.983874444444442 Y27.17901111111112 F300
G1 X16.91219983130507 Y27.209633627850494 F300
G1 X16.838623453249994 Y27.2319165407377 F300
G1 X16.76344340194869 Y27.245580462606796 F300
G1 X16.686901701388887 Y27.250135520833346 F300
G1 X16.610979199967318 Y27.24507688593866 F300
G1 X16.535337071886417 Y27.2299526072236 F300
G1 X16.460006973773925 Y27.203891133346573 F300
G1 X16.38514 Y27.165605555555565 F300
G1 X16.342229170309697 Y27.132624027911938 F300
G1 X16.312646165359805 Y27.096115464804846 F300
G1 X16.29381663528557 Y27.05718701376941 F300
G1 X16.284266460905354 Y27.01622115226339 F300
G1 X16.283593674294853 Y26.973150039875872 F300
G1 X16.29152329338153 Y26.931361063248673 F300
G1 X16.307510522529043 Y26.89146544776224 F300
G1 X16.33159094650206 Y26.854262181069974 F300
G1 X16.36195822558833 Y26.82294928326479 F300
G1 X16.398474761380918 Y26.797892456996536 F300
G1 X16.441544197779983 Y26.780045598986682 F300
G1 X16.49196111111111 Y26.771200000000015 F300
G1 X17.370377777777776 Y26.714614444444454 F300
G1 X17.450796941601492 Y26.71226863275665 F300
G1 X17.526329634729294 Y26.715807233093116 F300
G1 X17.596704320987655 Y26.726028765432112 F300
G1 X17.664581738765616 Y26.744741603794452 F300
G1 X17.726068397194833 Y26.772472586696765 F300
G1 X17.781356049382715 Y26.810538641975317 F300
G1 X17.81698859733318 Y26.845060841756414 F300
G1 X17.849457948081564 Y26.88704994815883 F300
G1 X17.878453530201515 Y26.93804438540461 F300
G1 X17.903354444444442 Y26.999941111111116 F300
G1 X17.938899644249105 Y27.125652282010034 F300
G1 X17.965671652786956 Y27.257521442893328 F300
G1 X17.985251805555556 Y27.39381750000001 F300
G1 X18.004443613642998 Y27.599031328311625 F300
G1 X18.016666666666666 Y27.79637222222223 F300
G1 X18.023687711319926 Y28.017230620930583 F300
G1 X18.02012425275523 Y28.237582152227784 F300
G1 X18.006516473018856 Y28.45756826266385 F300
G1 X17.983364444444444 Y28.677328888888898 F300
G1 X17.972035988041704 Y28.726113422480918 F300
G1 X17.953107580091995 Y28.766634281447732 F300
G1 X17.928196874924307 Y28.800231807696537 F300
G1 X17.898188454861113 Y28.827823888888897 F300
G1 X17.850561250341226 Y28.856094009818545 F300
G1 X17.79928611068022 Y28.872851972911484 F300
G1 X17.746244861111112 Y28.878623888888896 F300
G1 X17.693470035924662 Y28.873009576747975 F300
G1 X17.646646349311915 Y28.856399068689164 F300
G1 X17.607027725694444 Y28.828776388888897 F300
G1 X17.58445816340517 Y28.801908506235897 F300
G1 X17.568081030479544 Y28.768862478328916 F300
G1 X17.55909078044296 Y28.728055940690005 F300
G1 X17.560031111111112 Y28.677328888888898 F300
G1 X17.583329538929533 Y28.4560561638231 F300
G1 X17.597062813690723 Y28.233964749995373 F300
G1 X17.600618194444444 Y28.011372638888897 F300
G1 X17.593363314005188 Y27.788963625914285 F300
G1 X17.57468960186626 Y27.56735984924125 F300
G1 X17.543944444444445 Y27.346792222222234 F300
G1 X17.53605790123457 Y27.273435349794255 F300
G1 X17.522244691358026 Y27.18590465020577 F300
G1 X17.50865162542556 Y27.149508987246577 F300
G1 X17.491874444444445 Y27.131456666666672 F300
G1 X17.454998067656177 Y27.121859482524126 F300
G1 X17.395516460905355 Y27.12136460905351 F300
G1 X17.267769094650205 Y27.136986131687255 F300
G1 X17.167742222222223 Y27.151071111111122 F300
G1 X16.492102222222222 Y27.19453333333334 F300
G1 X16.598923333333335 Y26.80012777777779 F300
G1 X16.63610010550868 Y26.817824315656193 F300
G1 X16.672115441368366 Y26.826603740765673 F300
G1 X16.707329751642963 Y26.82798039075035 F300
G1 X16.742168749999998 Y26.822829027777786 F300
G1 X16.7873818391892 Y26.80697240644334 F300
G1 X16.831019554491068 Y26.78201827762991 F300
G1 X16.87282 Y26.748904444444452 F300
G1 X16.910691787210734 Y26.708473754672507 F300
G1 X16.938811946011622 Y26.665973346543744 F300
G1 X16.958586133823815 Y26.621505328207633 F300
G1 X16.97096277777778 Y26.574949722222232 F300
G1 X16.976824013660345 Y26.51018627309148 F300
G1 X16.971398523317728 Y26.442623019870325 F300
G1 X16.95522888888889 Y26.37242000000001 F300
G1 X16.928876638630175 Y26.299916708532905 F300
G1 X16.89358899591474 Y26.227646639225743 F300
G1 X16.84975969217571 Y26.156137346619115 F300
G1 X16.797712304526755 Y26.086037613168738 F300
G1 X16.720019911286908 Y26.000116568674088 F300
G1 X16.63345053135442 Y25.922588615969985 F300
G1 X16.539599176954734 Y25.8550334979424 F300
G1 X16.464238764047806 Y25.811436135912757 F300
G1 X16.388197700923698 Y25.776414668823577 F300
G1 X16.312051723890985 Y25.750285281494087 F300
G1 X16.23626777777778 Y25.733468888888904 F300
G1 X16.149831651913438 Y25.726422999808687 F300
G1 X16.0726725724405 Y25.732574026563544 F300
G1 X16.003033681812706 Y25.749832918407005 F300
G1 X15.93939935111112 Y25.77689950222224 F300
G1 X15.879690313382694 Y25.8137471641391 F300
G1 X15.824668748351186 Y25.859220887527183 F300
G1 X15.77380156904527 Y25.912874883753176 F300
G1 X15.726696364444447 Y25.974403128888902 F300
G1 X15.67247765402197 Y26.06241723874755 F300
G1 X15.624654972413735 Y26.159183435575343 F300
G1 X15.58275625777778 Y26.262967448888897 F300
G1 X15.531492544994517 Y26.42265245182319 F300
G1 X15.492176471111113 Y26.579580142222234 F300
G1 X15.461283321488821 Y26.733100549974267 F300
G1 X15.439554444444445 Y26.861228888888895 F300
G1 X15.428867641468806 Y26.89916684398688 F300
G1 X15.411199753718698 Y26.93108550842217 F300
G1 X15.387709506692875 Y26.957838426054465 F300
G1 X15.358938189300416 Y26.979866748971208 F300
G1 X15.314733284573904 Y27.0010337093248 F300
G1 X15.266705405260446 Y27.012444933927497 F300
G1 X15.216546625514406 Y27.013900658436228 F300
G1 X15.167629410524409 Y27.00481715817635 F300
G1 X15.123593148220742 Y26.985323864953386 F300
G1 X15.085788888888889 Y26.954644444444455 F300
G1 X13.863766666666667 Y25.631445555555565 F300
G1 X13.76724144032922 Y25.5371781069959 F300
G1 X13.663253004115228 Y25.436388189300423 F300
G1 X13.616871969862352 Y25.383701388588563 F300
G1 X13.581685555555557 Y25.333277777777784 F300
G1 X13.555243188651085 Y25.313543861679925 F300
G1 X13.526087777777777 Y25.297576666666675 F300
G1 X13.565047227236198 Y25.281846401136402 F300
G1 X13.58478811040241 Y25.281168684829677 F300
G1 X13.594411377695755 Y25.288552885964794 F300
G1 X13.597273782324283 Y25.305472017776125 F300
G1 X13.588741111111114 Y25.340615555555566 F300
G1 X13.589077703226593 Y25.37147534714964 F300
G1 X13.581756111111112 Y25.407978472222233 F300
G1 X13.56037777777778 Y25.472695555555568 F300
G1 X13.530685442057235 Y25.53942871245161 F300
G1 X13.492601366373924 Y25.599028512825697 F300
G1 X13.447076530305718 Y25.652235926686327 F300
G1 X13.394748611111114 Y25.699566944444456 F300
G1 X13.316633683120756 Y25.753108392623812 F300
G1 X13.231650393818324 Y25.795654277282377 F300
G1 X13.141701111111114 Y25.827590000000008 F300
G1 X13.024751138530902 Y25.853949915952104 F300
G1 X12.908184592110658 Y25.866051225828052 F300
G1 X12.791423761822982 Y25.86557701399415 F300
G1 X12.673878580246917 Y25.85391963477367 F300
G1 X12.51842889445986 Y25.823851103715423 F300
G1 X12.361289993673006 Y25.779692618227266 F300
G1 X12.202199012345684 Y25.724395967078205 F300
G1 X11.966373415512145 Y25.630290569147924 F300
G1 X11.730519444444448 Y25.53180347222223 F300
G1 X11.572341740137109 Y25.469013217420507 F300
G1 X11.416418833089262 Y25.413682394197497 F300
G1 X11.26269691358025 Y25.368926625514412 F300
G1 X11.145481295892257 Y25.343486742528274 F300
G1 X11.02999359702844 Y25.327488765775275 F300
G1 X10.915831668182935 Y25.322087510108627 F300
G1 X10.802588456790126 Y25.328549902263383 F300
G1 X10.7142934316159 Y25.342817071786477 F300
G1 X10.625730063075753 Y25.366150094486706 F300
G1 X10.536437842785057 Y25.399701043898084 F300
G1 X10.445999626607856 Y25.444894885706816 F300
G1 X10.354051111111115 Y25.50345777777779 F300
G1 X10.429968888888892 Y25.213897777777788 F300
G1 X11.18674777777778 Y26.326841111111126 F300
G1 X11.361443333333337 Y26.583663333333345 F300
G1 X11.436726111111115 Y26.699815416666677 F300
G1 X11.467954594861547 Y26.738973951064462 F300
G1 X11.501178550707609 Y26.770299240224873 F300
G1 X11.536985555555558 Y26.791520000000013 F300
G1 X11.586209429181201 Y26.803030783114497 F300
G1 X11.64189458789435 Y26.801027899915294 F300
G1 X11.704489670781896 Y26.787082839506194 F300
G1 X11.797614872664662 Y26.753104972655592 F300
G1 X11.892062921810702 Y26.711337530864213 F300
G1 X11.984468642862225 Y26.671792104102487 F300
G1 X12.059943333333335 Y26.648856666666678 F300
G1 X12.145264186040148 Y26.636915587675244 F300
G1 X12.229675319532843 Y26.633287539373885 F300
G1 X12.313191541243212 Y26.63741776145694 F300
G1 X12.39582958847737 Y26.648888024691377 F300
G1 X12.504220535843123 Y26.674973540909836 F300
G1 X12.609460554628539 Y26.712446122678386 F300
G1 X12.711270411522637 Y26.760585308641993 F300
G1 X12.808231513009673 Y26.81817460493461 F300
G1 X12.899553300445016 Y26.884182837696034 F300
G1 X12.98478555555556 Y26.957890000000013 F300
G1 X13.0749522383064 Y27.05189467074225 F300
G1 X13.155125420231624 Y27.152905984864127 F300
G1 X13.226770205761323 Y27.260134320987675 F300
G1 X13.290958648186324 Y27.37237616809566 F300
G1 X13.348892611668886 Y27.488656057992202 F300
G1 X13.40174275720165 Y27.608004567901247 F300
G1 X13.473756743302921 Y27.789950656055865 F300
G1 X13.54005777777778 Y27.970926666666678 F300
G1 X13.552162722835288 Y28.02032339961899 F300
G1 X13.55260673390513 Y28.06289859686686 F300
G1 X13.544170369582858 Y28.099964713964834 F300
G1 X13.528321302083336 Y28.132626770833348 F300
G1 X13.49608918088099 Y28.170605421691395 F300
G1 X13.454587369553389 Y28.19947402532732 F300
G1 X13.405208472222224 Y28.219000000000015 F300
G1 X13.352613389649582 Y28.227502392407644 F300
G1 X13.299497443768328 Y28.224638744204178 F300
G1 X13.24746168402778 Y28.20948822916668 F300
G1 X13.212545714988316 Y28.19036204506493 F300
G1 X13.181108046143056 Y28.163939699109335 F300
G1 X13.1537670030761 Y28.12896741665835 F300
G1 X13.131823333333335 Y28.08353333333335 F300
G1 X13.131823333333335 Y28.08353333333335 F300
G1 X13.131541111111112 Y28.083392222222226 F300;svg#Layer_2 > g#Layer_2-2 > path
G0 X17.067694444444445 Y26.219737777777784
G1 X17.068662745316768 Y25.955617903639077 F300
G1 X17.082381242326086 Y25.693266531738516 F300
G1 X17.10749637114487 Y25.432369045149162 F300
G1 X17.142702839506175 Y25.172614938271614 F300
G1 X17.203065119113607 Y24.827973309814933 F300
G1 X17.275940021408566 Y24.48496692717146 F300
G1 X17.358257901234566 Y24.143272098765443 F300
G1 X17.49245789148558 Y23.63345453295252 F300
G1 X17.62988111111111 Y23.127287777777788 F300
G1 X18.487836666666666 Y19.934225555555567 F300
G1 X18.70318986111111 Y19.16642236111112 F300
G1 X18.807681635157373 Y18.78100114925894 F300
G1 X18.90086888888889 Y18.394280000000006 F300
G1 X18.916297037037044 Y18.324916049382722 F300
G1 X18.921856715998413 Y18.28514389993273 F300
G1 X18.92194148148149 Y18.247367654320996 F300
G1 X18.917381135329933 Y18.22364105474943 F300
G1 X18.908397504732083 Y18.203729825990127 F300
G1 X18.89409555555556 Y18.187693333333343 F300
G1 X18.86436033930138 Y18.174790856286645 F300
G1 X18.81460296296297 Y18.169019629629645 F300
G1 X18.70500666666667 Y18.173676296296307 F300
G1 X18.618082222222224 Y18.180496666666677 F300
G1 X17.74516888888889 Y18.193620000000006 F300
G1 X16.10404666666667 Y18.21817333333334 F300
G1 X15.75493777777778 Y18.223394444444455 F300
G1 X15.6474738271605 Y18.217154197530878 F300
G1 X15.576426886232936 Y18.21391528692325 F300
G1 X15.50736617283951 Y18.215335432098776 F300
G1 X15.462561225559057 Y18.221421252711263 F300
G1 X15.430530986502003 Y18.231803631340497 F300
G1 X15.410344444444448 Y18.246254444444453 F300
G1 X15.394202477586726 Y18.27293615794954 F300
G1 X15.386031507138185 Y18.30697777047592 F300
G1 X15.385552986111113 Y18.34913767361112 F300
G1 X15.39633823357109 Y18.414557388065745 F300
G1 X15.418070277777781 Y18.487554444444452 F300
G1 X15.44578914403678 Y18.55958174783898 F300
G1 X15.47455881944445 Y18.624912881944454 F300
G1 X15.521681111111116 Y18.724621111111116 F300
G1 X15.602421421888874 Y18.89240640356778 F300
G1 X15.690248645089222 Y19.059299707379434 F300
G1 X15.783286435555564 Y19.22589067555557 F300
G1 X16.07023757333334 Y19.72287949333334 F300
G1 X16.162507145527567 Y19.89053855046696 F300
G1 X16.249358628193587 Y20.059332603494575 F300
G1 X16.328903271111116 Y20.22986575111112 F300
G1 X16.3996778574757 Y20.403839642369203 F300
G1 X16.45919770868331 Y20.58062690579728 F300
G1 X16.505652275555562 Y20.761127635555567 F300
G1 X16.530561353963858 Y20.898098709870204 F300
G1 X16.54639270241777 Y21.038299167641053 F300
G1 X16.55218937919976 Y21.182360819508062 F300
G1 X16.54685333333334 Y21.330943333333344 F300
G1 X16.537397310685623 Y21.383679815948977 F300
G1 X16.519440296703582 Y21.427436465002877 F300
G1 X16.49486112434891 Y21.463486038798763 F300
G1 X16.464637818930047 Y21.49266189300413 F300
G1 X16.428454747801226 Y21.51553484529071 F300
G1 X16.38946884924102 Y21.53029134298104 F300
G1 X16.348300704287546 Y21.537096757080878 F300
G1 X16.305406995884777 Y21.53550218106997 F300
G1 X16.264462549845966 Y21.52549990604535 F300
G1 X16.2249347328767 Y21.506783152805248 F300
G1 X16.187268019194914 Y21.478192928047797 F300
G1 X16.15244777777778 Y21.437764444444454 F300
G1 X15.9900482788658 Y21.213647331716377 F300
G1 X15.820075986430362 Y20.99639363957364 F300
G1 X15.642695534807304 Y20.785995888877295 F300
G1 X15.458050408242347 Y20.58246220275297 F300
G1 X15.26626477366256 Y20.385817695473264 F300
G1 X15.067417128160693 Y20.196079830000123 F300
G1 X14.862146977985809 Y20.013786775513672 F300
G1 X14.650584356262474 Y19.838970374822587 F300
G1 X14.432843316193727 Y19.671680151522864 F300
G1 X14.209023744855973 Y19.511984526748982 F300
G1 X13.979826013081652 Y19.36036200626704 F300
G1 X13.74534302546049 Y19.21684244750115 F300
G1 X13.505679573689312 Y19.081493237142205 F300
G1 X13.26092866180213 Y18.954401571502313 F300
G1 X13.011173333333337 Y18.835675555555568 F300
G1 X13.322041111111117 Y18.709240000000012 F300
G1 X12.232804444444449 Y21.5869188888889 F300
G1 X12.212123255879273 Y21.629944509382288 F300
G1 X12.187063846217674 Y21.664571792379192 F300
G1 X12.15858424866383 Y21.69191279797255 F300
G1 X12.12719061728396 Y21.71271683127573 F300
G1 X12.08002380302318 Y21.73106294941109 F300
G1 X12.030932851726735 Y21.737202566438512 F300
G1 X11.980466419753094 Y21.731113539094665 F300
G1 X11.944603744707697 Y21.71883067314242 F300
G1 X11.909942896354647 Y21.699670510507715 F300
G1 X11.876817356189713 Y21.67291637488162 F300
G1 X11.845877777777785 Y21.63743666666668 F300
G1 X9.985468888888896 Y19.095743333333346 F300
G1 X10.350946666666674 Y19.095743333333346 F300
G1 X10.245155177073983 Y19.310942920617176 F300
G1 X10.14797657102345 Y19.52953069785074 F300
G1 X10.059412616051757 Y19.75142162787369 F300
G1 X9.979489305555562 Y19.97654125000001 F300
G1 X9.908329877769273 Y20.20457545618337 F300
G1 X9.846035493830652 Y20.435242957809997 F300
G1 X9.79265441618723 Y20.66847858572372 F300
G1 X9.74826111111112 Y20.904223333333345 F300
G1 X9.721649548544395 Y21.110074874057403 F300
G1 X9.704234444444452 Y21.317255555555565 F300
G1 X9.686173218059903 Y21.52422119419139 F300
G1 X9.657667777777785 Y21.72901777777779 F300
G1 X9.638162585311287 Y21.80706243414529 F300
G1 X9.609473635796679 Y21.879653853316213 F300
G1 X9.572039465020584 Y21.946030987654336 F300
G1 X9.525437126200991 Y22.005855552249344 F300
G1 X9.471322380913847 Y22.05597039081232 F300
G1 X9.40952127572017 Y22.09568716049384 F300
G1 X9.359406631055501 Y22.117346334284065 F300
G1 X9.305195427401827 Y22.13196758342361 F300
G1 X9.246321197750024 Y22.138805860891217 F300
G1 X9.182123333333339 Y22.136687777777787 F300
G1 X9.113504349453418 Y22.124053339624403 F300
G1 X9.051083527468734 Y22.102405955758556 F300
G1 X8.993758057174384 Y22.072922935697385 F300
G1 X8.940598600823055 Y22.036410041152276 F300
G1 X8.8756984122891 Y21.97850952313605 F300
G1 X8.816788213314956 Y21.9120201535567 F300
G1 X8.76291880658437 Y21.838891069958862 F300
G1 X8.690931147530769 Y21.723304676470512 F300
G1 X8.62826222222223 Y21.610202222222235 F300
G1 X8.160478888888896 Y20.743638888888906 F300
G1 X7.158166666666673 Y18.886757777777795 F300
G1 X7.447726666666673 Y18.962675555555574 F300
G1 X7.383383851333987 Y19.01166584660062 F300
G1 X7.3303371254914635 Y19.064031382267068 F300
G1 X7.287061806452906 Y19.119382889997517 F300
G1 X7.252337647035447 Y19.177546754435436 F300
G1 X7.225231927083341 Y19.238521319444462 F300
G1 X7.200910902305776 Y19.31956850448473 F300
G1 X7.1869908631806 Y19.404105756800647 F300
G1 X7.1826113635736455 Y19.491863525245332 F300
G1 X7.18711208333334 Y19.582576666666686 F300
G1 X7.205011267196514 Y19.702512112543268 F300
G1 X7.2345687821113 Y19.82204506654475 F300
G1 X7.273796197916673 Y19.939543680555573 F300
G1 X7.321294786374533 Y20.054427326593427 F300
G1 X7.372727350373078 Y20.15971997896046 F300
G1 X7.42571333333334 Y20.25412444444446 F300
G1 X7.584174910364415 Y20.507088867874174 F300
G1 X7.751629959366374 Y20.75581483163727 F300
G1 X7.925317222222229 Y21.001625277777794 F300
G1 X8.452861111111117 Y21.73071111111113 F300
G1 X10.665342222222229 Y24.86676444444446 F300
G1 X10.37578222222223 Y24.790846666666678 F300
G1 X10.42525935206415 Y24.757762068405512 F300
G1 X10.466110982311395 Y24.720061848576492 F300
G1 X10.49953421632961 Y24.678293071958205 F300
G1 X10.52641049382717 Y24.632723827160508 F300
G1 X10.552917286852928 Y24.566537358906807 F300
G1 X10.56921208877047 Y24.49590969939573 F300
G1 X10.576097283950624 Y24.42163728395063 F300
G1 X10.57422819029679 Y24.34668341444963 F300
G1 X10.564602950013391 Y24.27249656250263 F300
G1 X10.548078888888895 Y24.20029666666668 F300
G1 X10.514073456291559 Y24.10518780572805 F300
G1 X10.468446809422156 Y24.01690502142058 F300
G1 X10.41265403292182 Y23.934265637860094 F300
G1 X10.34864224597432 Y23.85711643591876 F300
G1 X10.277873503974604 Y23.784658951664753 F300
G1 X10.201844485596716 Y23.71627510288067 F300
G1 X10.082133884493423 Y23.62075382231298 F300
G1 X9.962467777777784 Y23.53340555555557 F300
G1 X9.771729918217051 Y23.397107147416634 F300
G1 X9.577293975694452 Y23.251324444444457 F300
G1 X9.451518850174175 Y23.14861982680043 F300
G1 X9.332249726174913 Y23.040958025537012 F300
G1 X9.22179319444445 Y22.92743916666668 F300
G1 X9.14527150196469 Y22.8368225855398 F300
G1 X9.076560085289387 Y22.742457904797007 F300
G1 X9.016419507978126 Y22.643765309133247 F300
G1 X8.965696371527784 Y22.540106805555567 F300
G1 X8.933094902670302 Y22.45477670708837 F300
G1 X8.907419826359627 Y22.365523396049213 F300
G1 X8.889264750920045 Y22.271720996116798 F300
G1 X8.8793883292136 Y22.172687366181705 F300
G1 X8.87873444444445 Y22.067684444444456 F300
G1 X8.886000289993762 Y22.017582162572143 F300
G1 X8.901567824847255 Y21.97639282926779 F300
G1 X8.923554580715054 Y21.942501507249844 F300
G1 X8.950992152777784 Y21.914768506944455 F300
G1 X8.995917629009574 Y21.886284030937937 F300
G1 X9.045672860357689 Y21.86933808130278 F300
G1 X9.098550277777782 Y21.86353194444446 F300
G1 X9.15134140242172 Y21.869248380064725 F300
G1 X9.199671843272547 Y21.886114448879923 F300
G1 X9.24203381944445 Y21.914371631944455 F300
G1 X9.267085453453639 Y21.941861911572165 F300
G1 X9.286339804868335 Y21.975582974490614 F300
G1 X9.298727252594862 Y22.01689484870905 F300
G1 X9.302067777777784 Y22.067684444444456 F300
G1 X9.303479957303319 Y22.158015595752733 F300
G1 X9.314352313665479 Y22.24257128270539 F300
G1 X9.33368312229491 Y22.322236305845216 F300
G1 X9.360718392374093 Y22.39781503165553 F300
G1 X9.394918888888897 Y22.470032862222237 F300
G1 X9.44696084869668 Y22.556194868255353 F300
G1 X9.508579401241317 Y22.63856342400769 F300
G1 X9.579006249935295 Y22.71780068766178 F300
G1 X9.657509733333342 Y22.79452858666668 F300
G1 X9.768410484440846 Y22.88988981523259 F300
G1 X9.887466240655321 Y22.981813821265167 F300
G1 X10.012048577777783 Y23.071421324444458 F300
G1 X10.380743688888895 Y23.33096078222224 F300
G1 X10.49596807911049 Y23.421010257882543 F300
G1 X10.59824595171954 Y23.511437602946536 F300
G1 X10.685803333333338 Y23.60339666666668 F300
G1 X10.752238890306993 Y23.68860189662815 F300
G1 X10.81208933503706 Y23.781030898311762 F300
G1 X10.864864122056748 Y23.879898723653927 F300
G1 X10.909942899305559 Y23.98445399305557 F300
G1 X10.946068077251663 Y24.092245442377997 F300
G1 X10.972595740169725 Y24.201558174393163 F300
G1 X10.989156206940896 Y24.311574174905783 F300
G1 X10.995242361111117 Y24.421523611111127 F300
G1 X10.992053865424744 Y24.5098254621337 F300
G1 X10.981372846794272 Y24.59581495045321 F300
G1 X10.963004336427218 Y24.679288509094384 F300
G1 X10.936623727842477 Y24.76003420530668 F300
G1 X10.901762864583336 Y24.837796979166683 F300
G1 X10.859170562179715 Y24.91019325589472 F300
G1 X10.80768261987297 Y24.978559792628545 F300
G1 X10.746404660235212 Y25.04270420797106 F300
G1 X10.67417539993263 Y25.102225551956842 F300
G1 X10.589565555555561 Y25.15646555555557 F300
G1 X10.548028704535604 Y25.17463287547959 F300
G1 X10.507646075368474 Y25.18320682231865 F300
G1 X10.468372557451513 Y25.18356596181557 F300
G1 X10.430074722222226 Y25.176397500000014 F300
G1 X10.381766204204482 Y25.155919492428602 F300
G1 X10.338117541047104 Y25.12397498575897 F300
G1 X10.300005555555563 Y25.08054777777779 F300
G1 X7.84622444444445 Y21.602441111111126 F300
G1 X7.662841085102404 Y21.35084250854507 F300
G1 X7.470790493827169 Y21.093364485596723 F300
G1 X7.344446120462411 Y20.919591234676133 F300
G1 X7.22265061121427 Y20.74311705186661 F300
G1 X7.108244691358032 Y20.563246625514417 F300
G1 X7.028488969902892 Y20.42476990030209 F300
G1 X6.956060825987112 Y20.284229213330192 F300
G1 X6.8920121703194575 Y20.141185710339492 F300
G1 X6.837421111111118 Y19.99518555555557 F300
G1 X6.801092013763523 Y19.867756093875286 F300
G1 X6.776689078112759 Y19.73858731099948 F300
G1 X6.764243340246154 Y19.60849154773624 F300
G1 X6.763975390946509 Y19.478243292181084 F300
G1 X6.772844156442713 Y19.37416023242048 F300
G1 X6.789823927038039 Y19.272425722789293 F300
G1 X6.814974273902938 Y19.17333204875555 F300
G1 X6.848467721694684 Y19.077182068818743 F300
G1 X6.890593868312763 Y18.984317818930055 F300
G1 X6.940939931088449 Y18.896433379152953 F300
G1 X6.999906515595729 Y18.813455993373783 F300
G1 X7.067987052368341 Y18.73563433001039 F300
G1 X7.145856339459369 Y18.66335798951347 F300
G1 X7.2343666666666735 Y18.59719777777779 F300
G1 X7.26711505054842 Y18.58028924840987 F300
G1 X7.302216504109715 Y18.570732672331683 F300
G1 X7.339165185185193 Y18.56796164609055 F300
G1 X7.3762786245574405 Y18.571689029970898 F300
G1 X7.4122735716865895 Y18.58142209761224 F300
G1 X7.4464096296296365 Y18.596894650205776 F300
G1 X7.477356974234562 Y18.617759968606343 F300
G1 X7.503421441074957 Y18.643178851653357 F300
G1 X7.523926666666673 Y18.67311555555557 F300
G1 X8.375955555555562 Y20.251584444444457 F300
G1 X8.793644444444451 Y21.02529666666668 F300
G1 X9.010814444444453 Y21.42760444444446 F300
G1 X9.058238230452682 Y21.523737695473265 F300
G1 X9.090212970860593 Y21.583253594719423 F300
G1 X9.126326954732518 Y21.638999341563803 F300
G1 X9.15429622143617 Y21.672186995794156 F300
G1 X9.181582971696063 Y21.695097705185447 F300
G1 X9.208370000000007 Y21.707568888888904 F300
G1 X9.221046494900172 Y21.714571237479362 F300
G1 X9.222104814814825 Y21.720133004115244 F300
G1 X9.21843943555645 Y21.72495946777543 F300
G1 X9.215707777777785 Y21.724732181069975 F300
G1 X9.21624296498854 Y21.720599345802732 F300
G1 X9.229536666666675 Y21.70136000000001 F300
G1 X9.241283692273178 Y21.678278471583784 F300
G1 X9.247563611111119 Y21.646132638888897 F300
G1 X9.252255555555562 Y21.585084444444455 F300
G1 X9.26830694444445 Y21.38961027777779 F300
G1 X9.284146666666675 Y21.193924444444455 F300
G1 X9.317877116951799 Y20.933672000012084 F300
G1 X9.36118787404536 Y20.674957318725912 F300
G1 X9.414956666666674 Y20.41809555555557 F300
G1 X9.482778821522583 Y20.152632931442312 F300
G1 X9.562086442959046 Y19.890732776480025 F300
G1 X9.652481944444453 Y19.63242416666668 F300
G1 X9.753488484787875 Y19.37803103474951 F300
G1 X9.864609373368214 Y19.12789658235667 F300
G1 X9.985468888888896 Y18.882101111111126 F300
G1 X10.00888558602059 Y18.845961938362667 F300
G1 X10.03554516414705 Y18.819129588566668 F300
G1 X10.064727483479023 Y18.799901768965135 F300
G1 X10.096183621399186 Y18.78718037037039 F300
G1 X10.141687232381535 Y18.779536168116422 F300
G1 X10.188298049805894 Y18.782323120685685 F300
G1 X10.235151934156388 Y18.794988518518537 F300
G1 X10.278915227525111 Y18.8164020860335 F300
G1 X10.317932361387431 Y18.845547878862984 F300
G1 X10.350946666666674 Y18.882101111111126 F300
G1 X12.211355555555564 Y21.42379444444446 F300
G1 X11.824428888888898 Y21.47431222222224 F300
G1 X12.913665555555564 Y18.596633333333347 F300
G1 X12.937794677406764 Y18.547201472078903 F300
G1 X12.967189193338125 Y18.508740943330196 F300
G1 X13.000943656306521 Y18.47976975653091 F300
G1 X13.038831111111119 Y18.45943805555557 F300
G1 X13.080299299492653 Y18.44780877645968 F300
G1 X13.124855902566342 Y18.44514566585485 F300
G1 X13.17283921860938 Y18.45210664726142 F300
G1 X13.224533333333342 Y18.4701977777778 F300
G1 X13.487474368406454 Y18.595458252790053 F300
G1 X13.744778593014635 Y18.729868457705273 F300
G1 X13.996419073419585 Y18.873256864761018 F300
G1 X14.242356800655601 Y19.025476759307832 F300
G1 X14.4825388888889 Y19.18640460905352 F300
G1 X14.716921478113541 Y19.355956904360536 F300
G1 X14.944826179964547 Y19.533576592386613 F300
G1 X15.16619258926686 Y19.719134968986037 F300
G1 X15.38094506570237 Y19.91252325405243 F300
G1 X15.588991111111122 Y20.113650946502073 F300
G1 X15.789709685396131 Y20.321895843217078 F300
G1 X15.983035288501037 Y20.537153355322424 F300
G1 X16.16887612629678 Y20.759327688138693 F300
G1 X16.347122106986777 Y20.98833910108096 F300
G1 X16.517643333333343 Y21.22412222222224 F300
G1 X16.12323777777779 Y21.330943333333348 F300
G1 X16.12781344520167 Y21.189797414823428 F300
G1 X16.12094487347211 Y21.05238133492628 F300
G1 X16.103751167637004 Y20.91806784533674 F300
G1 X16.077200560000012 Y20.786254444444463 F300
G1 X16.028558289941408 Y20.612996518473462 F300
G1 X15.966708764862434 Y20.44249863075804 F300
G1 X15.893556302222233 Y20.273975955555574 F300
G1 X15.812117408199597 Y20.10887589317473 F300
G1 X15.72382468365437 Y19.945167520857215 F300
G1 X15.630752097777787 Y19.782356133333348 F300
G1 X15.347235040000012 Y19.29964324444446 F300
G1 X15.257635533281281 Y19.137577426902585 F300
G1 X15.175057656660567 Y18.9759046112331 F300
G1 X15.101452222222234 Y18.814085555555575 F300
G1 X15.065719470439795 Y18.721740468572893 F300
G1 X15.034368035737339 Y18.62246614709139 F300
G1 X15.009368402777786 Y18.51816894097224 F300
G1 X14.99308632397891 Y18.412551682554085 F300
G1 X14.987435067984674 Y18.30975681125309 F300
G1 X14.993749166666676 Y18.211417638888907 F300
G1 X15.007822557627014 Y18.139257316748512 F300
G1 X15.030304919731023 Y18.072610916525214 F300
G1 X15.06187293258818 Y18.011556441608743 F300
G1 X15.103595347222232 Y17.956339461805577 F300
G1 X15.142357898263661 Y17.91915477750992 F300
G1 X15.188592558185077 Y17.885857985751812 F300
G1 X15.243710936513393 Y17.85687542412603 F300
G1 X15.309456552467081 Y17.83300228129855 F300
G1 X15.387907777777786 Y17.81544222222224 F300
G1 X15.526948781008741 Y17.79852783946614 F300
G1 X15.66945284512765 Y17.790543771921342 F300
G1 X15.81441611111112 Y17.78878986111113 F300
G1 X16.243464444444456 Y17.792723333333353 F300
G1 X17.151232222222234 Y17.779176666666686 F300
G1 X18.059000000000008 Y17.76563000000002 F300
G1 X18.46943930555556 Y17.75176583333335 F300
G1 X18.67595140579375 Y17.74940426734065 F300
G1 X18.879137777777785 Y17.759280000000018 F300
G1 X18.963546761337803 Y17.772573148496136 F300
G1 X19.0402656644565 Y17.795858012694495 F300
G1 X19.109468448151034 Y17.828603553975597 F300
G1 X19.17118486111112 Y17.870740138888905 F300
G1 X19.21476035506563 Y17.91118380733816 F300
G1 X19.252647078121896 Y17.957479741956824 F300
G1 X19.284686708720077 Y18.010082047772443 F300
G1 X19.310440635208295 Y18.069654192644506 F300
G1 X19.32914111111112 Y18.137034444444463 F300
G1 X19.340273739429858 Y18.21707671487983 F300
G1 X19.34176099120666 Y18.297904952274845 F300
G1 X19.335140946502072 Y18.37963057613171 F300
G1 X19.3136166297646 Y18.501648974381997 F300
G1 X19.282783497942397 Y18.623136090535002 F300
G1 X19.215123333333345 Y18.85783000000002 F300
G1 X18.27504111111112 Y22.356680000000022 F300
G1 X18.01656083333334 Y23.310467638888916 F300
G1 X17.888877144265233 Y23.78780880175455 F300
G1 X17.765065555555562 Y24.266054444444467 F300
G1 X17.687605001437053 Y24.586398536034707 F300
G1 X17.61883978428066 Y24.908743028548436 F300
G1 X17.56174208333334 Y25.2332652777778 F300
G1 X17.528418206745428 Y25.47784983561098 F300
G1 X17.5046087187126 Y25.723629831302325 F300
G1 X17.49156985416029 Y25.970844739254762 F300
G1 X17.490604444444454 Y26.2197377777778 F300
G1 X17.48639428009147 Y26.270348136840557 F300
G1 X17.47330939484777 Y26.311639504547383 F300
G1 X17.45345436565488 Y26.345426580564897 F300
G1 X17.42787173611112 Y26.373010902777803 F300
G1 X17.38494026840554 Y26.401373470761186 F300
G1 X17.336292937629114 Y26.418312792965708 F300
G1 X17.28348861111112 Y26.42410194444447 F300
G1 X17.230631137478344 Y26.418358114647223 F300
G1 X17.18119045740225 Y26.401452596464107 F300
G1 X17.136830069444457 Y26.373010902777807 F300
G1 X17.109930175445513 Y26.345314464985215 F300
G1 X17.088549536122898 Y26.311416890981207 F300
G1 X17.073679819753156 Y26.270120331240832 F300
G1 X17.067271111111122 Y26.2197377777778 F300
G1 X17.067271111111122 Y26.2197377777778 F300
G1 X17.067694444444445 Y26.219737777777784 F300;svg#Layer_2 > g#Layer_2-2 > path
G0 X6.512018888888889 Y18.54188222222223
G1 X6.285548514526501 Y18.127027313076464 F300
G1 X6.061241649305555 Y17.695136180555565 F300
G1 X5.920194243266628 Y17.401885254570487 F300
G1 X5.7892619581952545 Y17.10402011074024 F300
G1 X5.671543472222223 Y16.801664722222228 F300
G1 X5.59355814780246 Y16.571220576031138 F300
G1 X5.526433039738661 Y16.339273085727076 F300
G1 X5.471357444776263 Y16.105698228241316 F300
G1 X5.4295621701388885 Y15.87035784722223 F300
G1 X5.4065671983600385 Y15.680875697781993 F300
G1 X5.393582468074394 Y15.490351363864411 F300
G1 X5.391293881979947 Y15.298544585318425 F300
G1 X5.400462557020772 Y15.105211028062802 F300
G1 X5.421935555555556 Y14.910105555555566 F300
G1 X5.440913922225353 Y14.801554693912879 F300
G1 X5.467049195425689 Y14.695496809660929 F300
G1 X5.500963911306559 Y14.59262624496495 F300
G1 X5.543361666666668 Y14.493651388888896 F300
G1 X5.5948191650798496 Y14.39969283291593 F300
G1 X5.655864896243706 Y14.311848508938297 F300
G1 X5.727564709981156 Y14.230581600898066 F300
G1 X5.811261111111111 Y14.156572222222229 F300
G1 X5.879878029256587 Y14.108540896467042 F300
G1 X5.951282706043413 Y14.068561714760772 F300
G1 X6.025100892359956 Y14.036579465826646 F300
G1 X6.101055346704747 Y14.012677002885274 F300
G1 X6.178926111111111 Y13.997099027777782 F300
G1 X6.257781778661675 Y13.990293524712117 F300
G1 X6.336672356927936 Y13.992564247195276 F300
G1 X6.4155418565627915 Y14.004240617955428 F300
G1 X6.4943150323278065 Y14.025922848159095 F300
G1 X6.572837777777778 Y14.058500000000008 F300
G1 X6.660744630127677 Y14.107681188368595 F300
G1 X6.736252875837442 Y14.161865009876703 F300
G1 X6.80097329435265 Y14.220449373226822 F300
G1 X6.856258482243724 Y14.283063432977633 F300
G1 X6.903214166666667 Y14.349535052083342 F300
G1 X6.952591016920511 Y14.44037139314705 F300
G1 X6.990646368786821 Y14.536621370279098 F300
G1 X7.018447861171813 Y14.637962532205329 F300
G1 X7.036846388888889 Y14.744141250000007 F300
G1 X7.047790071032128 Y14.887750878273927 F300
G1 X7.045665473965926 Y15.034823036288216 F300
G1 X7.032419027777777 Y15.183700156250008 F300
G1 X7.010078533974561 Y15.331922706105727 F300
G1 X6.9813599881563455 Y15.47450194715986 F300
G1 X6.948616666666666 Y15.60959333333334 F300
G1 X6.74457 Y15.34162333333334 F300
G1 X6.8245658673805725 Y15.349832074702874 F300
G1 X6.90045518969288 Y15.366244304653657 F300
G1 X6.972412566473248 Y15.39029587358278 F300
G1 X7.040569949160944 Y15.421625144511626 F300
G1 X7.104985416666667 Y15.46005083333334 F300
G1 X7.179348043690609 Y15.51731779147048 F300
G1 X7.246284864736259 Y15.584160983522644 F300
G1 X7.305575825249243 Y15.66046145045425 F300
G1 X7.35671 Y15.746330000000006 F300
G1 X7.397958164669932 Y15.839366726526995 F300
G1 X7.428317647026729 Y15.9347602581886 F300
G1 X7.449498395061729 Y16.03239880658437 F300
G1 X7.467288462986193 Y16.181978469949826 F300
G1 X7.472671975308643 Y16.334021193415644 F300
G1 X7.465930000000001 Y16.635894444444453 F300
G1 X7.406522222222223 Y18.732946666666674 F300
G1 X7.399813729816119 Y18.7831591709079 F300
G1 X7.384701680955805 Y18.824381864992212 F300
G1 X7.363107100642343 Y18.858266311199223 F300
G1 X7.33601076388889 Y18.885981666666673 F300
G1 X7.29145055390686 Y18.914453055245374 F300
G1 X7.241897823071406 Y18.93140183529906 F300
G1 X7.189034722222223 Y18.937205000000002 F300
G1 X7.136232595516007 Y18.93148054282185 F300
G1 X7.087697882202292 Y18.91460086112545 F300
G1 X7.044969097222223 Y18.88629916666667 F300
G1 X7.019579325783839 Y18.85876082162907 F300
G1 X6.999936548875425 Y18.82499564450159 F300
G1 X6.987094659442448 Y18.78367411407266 F300
G1 X6.98318888888889 Y18.732946666666674 F300
G1 X7.030743333333334 Y17.05527666666667 F300
G1 X7.046706527777779 Y16.65415069444445 F300
G1 X7.051441653969604 Y16.45297000642897 F300
G1 X7.04795888888889 Y16.252918888888892 F300
G1 X7.03921266971803 Y16.155319665217455 F300
G1 X7.017907448559673 Y16.046379259259265 F300
G1 X6.99511209832868 Y15.975574678005025 F300
G1 X6.964830269710488 Y15.91106722313515 F300
G1 X6.9260806995884785 Y15.855079629629632 F300
G1 X6.890694238977424 Y15.82009487234015 F300
G1 X6.84969727809094 Y15.792699424842265 F300
G1 X6.8016474848948 Y15.773694985767445 F300
G1 X6.744570000000001 Y15.764815555555558 F300
G1 X6.699346453037772 Y15.75828106685647 F300
G1 X6.6586357754458385 Y15.744081580489539 F300
G1 X6.622399135802471 Y15.7231250617284 F300
G1 X6.590773944450594 Y15.695700616031028 F300
G1 X6.565454269467791 Y15.6633062306083 F300
G1 X6.546794938271606 Y15.626213086419757 F300
G1 X6.5359924353079695 Y15.586284667007195 F300
G1 X6.533455433580896 Y15.5432324534842 F300
G1 X6.540523333333334 Y15.496845555555558 F300
G1 X6.601352674897122 Y15.254223292181075 F300
G1 X6.625043003106763 Y15.129713886629808 F300
G1 X6.638632139917696 Y15.004890411522636 F300
G1 X6.6400794938780905 Y14.921620024848593 F300
G1 X6.6339996218259305 Y14.838926384199189 F300
G1 X6.619122222222222 Y14.75671777777778 F300
G1 X6.602635644068659 Y14.701509317389622 F300
G1 X6.579373037595473 Y14.64563315530087 F300
G1 X6.54925131687243 Y14.590708395061732 F300
G1 X6.513123234090599 Y14.539876361912563 F300
G1 X6.471715408870509 Y14.495296936302388 F300
G1 X6.425068312757203 Y14.458283456790125 F300
G1 X6.386661076758196 Y14.43646997879626 F300
G1 X6.345793211241258 Y14.420768721188463 F300
G1 X6.302052682310526 Y14.411764358853926 F300
G1 X6.254914444444445 Y14.41043111111111 F300
G1 X6.183070675690117 Y14.421116849345902 F300
G1 X6.121242750042705 Y14.442392573418193 F300
G1 X6.067476112445409 Y14.472789260439706 F300
G1 X6.020246666666668 Y14.511615680000004 F300
G1 X5.979147750735646 Y14.557901180331271 F300
G1 X5.943314850234004 Y14.611452167016319 F300
G1 X5.912335598461263 Y14.671997168927719 F300
G1 X5.885925822222222 Y14.739305795555556 F300
G1 X5.859256392327627 Y14.831693755914015 F300
G1 X5.839572522758006 Y14.93013176580615 F300
G1 X5.826111644444444 Y15.032792071111107 F300
G1 X5.816012428112027 Y15.18695962970941 F300
G1 X5.814963866666668 Y15.33136512 F300
G1 X5.819843559136119 Y15.468888286020311 F300
G1 X5.826642222222223 Y15.574315555555552 F300
G1 X5.845503663248334 Y15.759701673556595 F300
G1 X5.873784718252565 Y15.942794817434883 F300
G1 X5.9107921512707415 Y16.123851773980277 F300
G1 X5.955875746527779 Y16.303121371527777 F300
G1 X6.027314169682162 Y16.539245665296505 F300
G1 X6.1103201455094425 Y16.77248447506873 F300
G1 X6.203391250000001 Y17.00315375 F300
G1 X6.304589666098283 Y17.230575909086756 F300
G1 X6.412416376794475 Y17.45519256423609 F300
G1 X6.525281128472223 Y17.677177586805556 F300
G1 X6.700866473860841 Y18.006165819764938 F300
G1 X6.877637777777778 Y18.32795777777778 F300
G1 X6.897412705786854 Y18.37476033951102 F300
G1 X6.9053254148449685 Y18.417989109786113 F300
G1 X6.903898973656029 Y18.45811326057007 F300
G1 X6.8945887500000005 Y18.49566171875 F300
G1 X6.870572260749538 Y18.542673529773023 F300
G1 X6.836378292428472 Y18.582258145728126 F300
G1 X6.793641388888889 Y18.613901805555557 F300
G1 X6.745132737721338 Y18.63555395045036 F300
G1 X6.69462540471276 Y18.64545172573958 F300
G1 X6.6433227777777795 Y18.642580434027778 F300
G1 X6.607391163753807 Y18.63162962088324 F300
G1 X6.573280857963407 Y18.61242079258329 F300
G1 X6.5412348598550905 Y18.583292854374147 F300
G1 X6.5121600000000015 Y18.541600000000003 F300
G1 X6.5121600000000015 Y18.541600000000003 F300
G1 X6.512018888888889 Y18.54188222222223 F300;svg#Layer_2 > g#Layer_2-2 > path
G0 X6.808352222222222 Y14.147823333333339
G1 X6.718887777777777 Y12.911548888888895 F300
G1 X6.720454117985928 Y12.874484268246714 F300
G1 X6.729805209654291 Y12.839348112786697 F300
G1 X6.746106543209877 Y12.806185925925934 F300
G1 X6.768215189332135 Y12.776205597417574 F300
G1 X6.795005801625374 Y12.750211584405745 F300
G1 X6.825818641975309 Y12.728668888888896 F300
G1 X6.859635046013761 Y12.71250351312949 F300
G1 X6.89470693846113 Y12.702747092709663 F300
G1 X6.930554444444444 Y12.699882222222229 F300
G1 X8.165978315201608 Y12.72327125411963 F300
G1 X9.401465631223589 Y12.736485517465725 F300
G1 X10.636983116379213 Y12.739445280779346 F300
G1 X11.872497513885818 Y12.732069452844712 F300
G1 X13.107975555555553 Y12.714275555555563 F300
G1 X14.137440209123945 Y12.691545772664105 F300
G1 X15.166660105215177 Y12.661698297980978 F300
G1 X16.195627777777776 Y12.624670000000007 F300
G1 X16.967195685655838 Y12.592178825410791 F300
G1 X17.738536666666665 Y12.555666666666673 F300
G1 X18.394985555555554 Y12.514056527777784 F300
G1 X18.614813032521454 Y12.5044384668664 F300
G1 X18.833855950411966 Y12.502142261683925 F300
G1 X19.051857777777776 Y12.510228888888895 F300
G1 X19.221201641650506 Y12.52589001964391 F300
G1 X19.39062374485597 Y12.552729465020583 F300
G1 X19.502035145261278 Y12.578245456305154 F300
G1 X19.610860376775705 Y12.610735329117787 F300
G1 X19.7165329218107 Y12.65107868312758 F300
G1 X19.818171366426597 Y12.70007037279656 F300
G1 X19.915149794176678 Y12.758642902665606 F300
G1 X20.007038888888886 Y12.82801111111112 F300
G1 X20.081368895039724 Y12.898143215029956 F300
G1 X20.14449003616228 Y12.972645092158352 F300
G1 X20.19748742996937 Y13.051157075274563 F300
G1 X20.241215390946508 Y13.133485308641987 F300
G1 X20.276580478521602 Y13.22034061379436 F300
G1 X20.30336204524985 Y13.310109065991666 F300
G1 X20.32200781557492 Y13.402578938074058 F300
G1 X20.332838312757204 Y13.497567654321 F300
G1 X20.335547326734122 Y13.62506499469343 F300
G1 X20.325757446440782 Y13.75394181804185 F300
G1 X20.304077777777778 Y13.883381111111122 F300
G1 X20.26766320621983 Y14.032863651678689 F300
G1 X20.223498542526013 Y14.180860878987376 F300
G1 X20.173398436213997 Y14.327912469135816 F300
G1 X20.007284526748972 Y14.764823827160503 F300
G1 X19.926784053796837 Y14.984117840092697 F300
G1 X19.85675555555555 Y15.205027777777786 F300
G1 X19.785370982735973 Y15.476861914936253 F300
G1 X19.723995370850005 Y15.750805469083296 F300
G1 X19.672884055380766 Y16.026722695461576 F300
G1 X19.632319674055864 Y16.30448446843967 F300
G1 X19.602614444444445 Y16.58396555555556 F300
G1 X19.59559357561473 Y16.71819517293271 F300
G1 X19.59228246527778 Y16.86973539930556 F300
G1 X19.58674003793487 Y17.023919827147495 F300
G1 X19.572663611111107 Y17.178166805555563 F300
G1 X19.555203362508408 Y17.279303673513677 F300
G1 X19.529574553286373 Y17.374538964768377 F300
G1 X19.49414850694444 Y17.46286508680556 F300
G1 X19.459723849156244 Y17.52455142014079 F300
G1 X19.41795165000291 Y17.581053874508427 F300
G1 X19.367606915443815 Y17.63217161982706 F300
G1 X19.307127777777776 Y17.67743555555556 F300
G1 X19.248346241987072 Y17.709409876246802 F300
G1 X19.186978096124413 Y17.733374326700467 F300
G1 X19.123212962962963 Y17.750719259259267 F300
G1 X19.024629174467403 Y17.76683810645701 F300
G1 X18.923587777777776 Y17.774708148148157 F300
G1 X18.72377444444444 Y17.78157555555556 F300
G1 X17.964455555555553 Y17.816571111111113 F300
G1 X16.445817777777773 Y17.88670333333334 F300
G1 X16.23378526748971 Y17.90180222222223 F300
G1 X16.124573262318673 Y17.907874314491064 F300
G1 X16.015982880658434 Y17.90787000000001 F300
G1 X15.944177229947655 Y17.90257083033759 F300
G1 X15.87439163128103 Y17.891780835224125 F300
G1 X15.806866666666663 Y17.874426666666675 F300
G1 X15.738486842499967 Y17.846338378342807 F300
G1 X15.679602512700672 Y17.809772511793806 F300
G1 X15.62879988155734 Y17.765778160721077 F300
G1 X15.585022361111108 Y17.714935833333342 F300
G1 X15.547958037367973 Y17.658196631282827 F300
G1 X15.517360666798123 Y17.59663654606839 F300
G1 X15.492804380817446 Y17.5309187603827 F300
G1 X15.473985555555553 Y17.461676666666676 F300
G1 X15.386693320231187 Y17.0363054499877 F300
G1 X15.311231527777773 Y16.60671972222223 F300
G1 X15.168056666666661 Y15.74774111111112 F300
G1 X15.013557638888885 Y14.92813250000001 F300
G1 X14.939555109033503 Y14.517110202492411 F300
G1 X14.876521111111105 Y14.105772222222233 F300
G1 X14.871116610167062 Y14.02976024380123 F300
G1 X14.875519998391278 Y13.957783465253312 F300
G1 X14.889461522633743 Y13.89042621399178 F300
G1 X14.91381863083621 Y13.826672472805313 F300
G1 X14.9479599603338 Y13.77048126521771 F300
G1 X14.992462181069957 Y13.722148600823054 F300
G1 X15.03136069725214 Y13.692837695426416 F300
G1 X15.076579020172494 Y13.66870308836209 F300
G1 X15.129149899982165 Y13.650385719377475 F300
G1 X15.19035222222222 Y13.638976666666679 F300
G1 X15.2639612640132 Y13.636484660112856 F300
G1 X15.334939367339791 Y13.644811870911601 F300
G1 X15.403828232505179 Y13.662357531139625 F300
G1 X15.471110416666663 Y13.687854027777787 F300
G1 X15.557574227845713 Y13.731579001223862 F300
G1 X15.639754302447702 Y13.78297676534289 F300
G1 X15.717684444444439 Y13.838648888888898 F300
G1 X15.821617233148682 Y13.922377977516195 F300
G1 X15.91838211826543 Y14.012531099330058 F300
G1 X16.008000559887975 Y14.108807649165623 F300
G1 X16.09043332413747 Y14.210977422192379 F300
G1 X16.165571111111106 Y14.318867638888898 F300
G1 X16.23291497498804 Y14.431783521203775 F300
G1 X16.292053887327075 Y14.54900146229571 F300
G1 X16.342877444653503 Y14.670348315162446 F300
G1 X16.385194325990078 Y14.795690922218407 F300
G1 X16.418724444444443 Y14.924922222222232 F300
G1 X16.010489999999994 Y14.924922222222232 F300
G1 X16.05410914203536 Y14.731540412418257 F300
G1 X16.104443868312753 Y14.538230740740754 F300
G1 X16.143769290796058 Y14.411076500162842 F300
G1 X16.189035700272257 Y14.286682577437233 F300
G1 X16.241515020576127 Y14.165744444444456 F300
G1 X16.30239716964288 Y14.049177004003601 F300
G1 X16.373067755998893 Y13.937572898093903 F300
G1 X16.455131111111108 Y13.831452222222234 F300
G1 X16.535863636573918 Y13.746811243565519 F300
G1 X16.625590646936523 Y13.670634212436969 F300
G1 X16.723566255144032 Y13.60359958847738 F300
G1 X16.80138155822727 Y13.560215787736064 F300
G1 X16.881985853920007 Y13.52334425359102 F300
G1 X16.96507705417019 Y13.493244552997766 F300
G1 X17.050390041152262 Y13.470260041152274 F300
G1 X17.137275147873897 Y13.454884881010372 F300
G1 X17.224794322118385 Y13.447582542656983 F300
G1 X17.312797917470633 Y13.448710320699194 F300
G1 X17.401139999999995 Y13.45877777777779 F300
G1 X17.480150799194814 Y13.476359877236165 F300
G1 X17.553630600073294 Y13.501217952787991 F300
G1 X17.62217762714838 Y13.532687660963212 F300
G1 X17.686309876543206 Y13.570286913580258 F300
G1 X17.766197212496646 Y13.629834784248313 F300
G1 X17.838846661728812 Y13.698496332609425 F300
G1 X17.9047812345679 Y13.775493827160505 F300
G1 X17.963349967537813 Y13.85861637214183 F300
G1 X18.015237799434388 Y13.947244224280482 F300
G1 X18.06069333333333 Y14.040437777777788 F300
G1 X18.11193743190855 Y14.170576241569073 F300
G1 X18.162523292181067 Y14.315092263374497 F300
G1 X18.19793679876751 Y14.411810425786483 F300
G1 X18.23702803980271 Y14.505982406948739 F300
G1 X18.281725596707815 Y14.595234403292192 F300
G1 X18.320804291056188 Y14.658605276783305 F300
G1 X18.364655953974133 Y14.716169567612038 F300
G1 X18.41426494861575 Y14.767357547998062 F300
G1 X18.470762222222216 Y14.8114688888889 F300
G1 X18.181202222222215 Y14.887386666666679 F300
G1 X18.228485583576735 Y14.791908893655762 F300
G1 X18.282271990101794 Y14.695032007032067 F300
G1 X18.343443415637854 Y14.599791769547341 F300
G1 X18.394233988544297 Y14.532018524358094 F300
G1 X18.448935212718943 Y14.46954860184937 F300
G1 X18.507911834195887 Y14.413351893817183 F300
G1 X18.571599176954727 Y14.364439341563799 F300
G1 X18.64002815229666 Y14.324162938207365 F300
G1 X18.71375583992969 Y14.293553764516446 F300
G1 X18.793974031755404 Y14.273751142456167 F300
G1 X18.8821011111111 Y14.26649777777779 F300
G1 X18.96364853252836 Y14.271700554113254 F300
G1 X19.039318595961156 Y14.286838741428301 F300
G1 X19.109243193455825 Y14.310868392383135 F300
G1 X19.17348510288065 Y14.34313679012347 F300
G1 X19.23310051366566 Y14.384248750897449 F300
G1 X19.285041687160305 Y14.432210010038665 F300
G1 X19.329248406269905 Y14.48670932379082 F300
G1 X19.36537008230452 Y14.547716543209887 F300
G1 X19.391859545865053 Y14.612843382028021 F300
G1 X19.408872723537396 Y14.68298495901764 F300
G1 X19.41557002078205 Y14.75846807698198 F300
G1 X19.410562222222215 Y14.839691111111124 F300
G1 X19.40072280475199 Y14.87596302146112 F300
G1 X19.382976705857917 Y14.907391981789871 F300
G1 X19.35836679012345 Y14.93460139917697 F300
G1 X19.32858404142752 Y14.956926183725201 F300
G1 X19.295024851729185 Y14.974189953014504 F300
G1 X19.258663950617276 Y14.986268971193429 F300
G1 X19.220884674638462 Y14.992715423987777 F300
G1 X19.18443500029837 Y14.993139235112114 F300
G1 X19.150212222222216 Y14.987575555555566 F300
G1 X19.1064138480965 Y14.970891094399978 F300
G1 X19.071963729467836 Y14.948017179107842 F300
G1 X19.04508434456889 Y14.92009744377327 F300
G1 X19.024623333333324 Y14.88756305555557 F300
G1 X19.006817274836333 Y14.838244730070791 F300
G1 X18.99952219078436 Y14.78438955878666 F300
G1 X19.00232777777777 Y14.727225555555567 F300
G1 X18.99849247401716 Y14.734678121311838 F300
G1 X18.991109832612256 Y14.734178380531798 F300
G1 X18.97689249999999 Y14.725638055555567 F300
G1 X18.95386508257516 Y14.70946565393001 F300
G1 X18.92753888888888 Y14.696745555555568 F300
G1 X18.887637064141913 Y14.691182265627194 F300
G1 X18.85232666666666 Y14.6960576388889 F300
G1 X18.818689246394566 Y14.709674414054781 F300
G1 X18.783887777777768 Y14.731882222222234 F300
G1 X18.73071983965939 Y14.779490932387246 F300
G1 X18.684595653731925 Y14.836793799379498 F300
G1 X18.64394083333333 Y14.901550694444454 F300
G1 X18.591648081970483 Y15.004017145993167 F300
G1 X18.54653888888888 Y15.101170000000007 F300
G1 X18.527248124397808 Y15.131825252122729 F300
G1 X18.50161367197309 Y15.157426842279849 F300
G1 X18.470401604938267 Y15.178174855967091 F300
G1 X18.435734296462627 Y15.193236404282949 F300
G1 X18.398998546469016 Y15.20250564391193 F300
G1 X18.361150246913574 Y15.20582218106997 F300
G1 X18.32348052312235 Y15.202770788982644 F300
G1 X18.288529314060497 Y15.193268278833816 F300
G1 X18.25697888888888 Y15.17708777777779 F300
G1 X18.17675730021693 Y15.11723239540691 F300
G1 X18.106401299573697 Y15.052334233020218 F300
G1 X18.044361981158094 Y14.982725903478215 F300
G1 X17.989273472222212 Y14.90860625000001 F300
G1 X17.92452483022334 Y14.802872687065317 F300
G1 X17.86745444291296 Y14.689447457160316 F300
G1 X17.815865555555547 Y14.5688988888889 F300
G1 X17.735212716049375 Y14.34585448559672 F300
G1 X17.68999839519966 Y14.230566427403527 F300
G1 X17.63630950617283 Y14.121336255144044 F300
G1 X17.593178331163884 Y14.053730898688052 F300
G1 X17.543483952615578 Y13.993487032026415 F300
G1 X17.485665555555546 Y13.941660000000011 F300
G1 X17.427802855169535 Y13.905801546605737 F300
G1 X17.368076064922693 Y13.882586399967945 F300
G1 X17.306615152675857 Y13.870249696377991 F300
G1 X17.243356872427974 Y13.867681193415653 F300
G1 X17.15850886699451 Y13.878007386157854 F300
G1 X17.074448103763892 Y13.902118424310707 F300
G1 X16.992362016460895 Y13.938356954732525 F300
G1 X16.9149541459305 Y13.98454723637482 F300
G1 X16.84610854491578 Y14.037122163139518 F300
G1 X16.787024444444434 Y14.093918888888902 F300
G1 X16.715710296342554 Y14.181753276207898 F300
G1 X16.655299144111233 Y14.27691901047047 F300
G1 X16.604107860082298 Y14.378576584362154 F300
G1 X16.561167812736368 Y14.48452301918611 F300
G1 X16.524825732420826 Y14.593963454893501 F300
G1 X16.493691028806573 Y14.705693045267502 F300
G1 X16.453800971593697 Y14.874544117408638 F300
G1 X16.418583333333324 Y15.037670000000013 F300
G1 X16.401590801301822 Y15.085174222938512 F300
G1 X16.375694510003235 Y15.122480169376054 F300
G1 X16.342553107638878 Y15.151354843750012 F300
G1 X16.303184035058113 Y15.17233868287674 F300
G1 X16.260220234099133 Y15.18485964155708 F300
G1 X16.214730694444434 Y15.189064583333344 F300
G1 X16.169244026676893 Y15.184742198663924 F300
G1 X16.12623220762859 Y15.172124649539072 F300
G1 X16.086775989583323 Y15.151077031250011 F300
G1 X16.05350511296616 Y15.122173629225463 F300
G1 X16.027483712280112 Y15.08493733628947 F300
G1 X16.010348888888878 Y15.037670000000013 F300
G1 X15.977401825590592 Y14.912725957090053 F300
G1 X15.934941055774992 Y14.792301643161403 F300
G1 X15.883023858119973 Y14.67664275748377 F300
G1 X15.82157749999999 Y14.5660413888889 F300
G1 X15.750779067476444 Y14.4613685425314 F300
G1 X15.670771371425516 Y14.363347496525524 F300
G1 X15.581280711045874 Y14.272280159327323 F300
G1 X15.481887777777768 Y14.188604444444456 F300
G1 X15.395157361111101 Y14.124540000000012 F300
G1 X15.347812142766962 Y14.095279562745434 F300
G1 X15.300277777777765 Y14.073175555555567 F300
G1 X15.291800658436204 Y14.071733086419766 F300
G1 X15.252216378600812 Y14.061165432098777 F300
G1 X15.229722222222211 Y14.057935555555567 F300
G1 X15.288988888888875 Y14.002761111111123 F300
G1 X15.29177166580185 Y14.038940736876228 F300
G1 X15.2981611111111 Y14.074868888888899 F300
G1 X15.326077976472957 Y14.248607363620028 F300
G1 X15.357321944444434 Y14.422143333333343 F300
G1 X15.421774444444432 Y14.76857111111112 F300
G1 X15.662792222222212 Y16.121121111111123 F300
G1 X15.773987777777766 Y16.745396666666675 F300
G1 X15.820624999999989 Y17.0755613888889 F300
G1 X15.83888477628848 Y17.18815359965057 F300
G1 X15.862397378783218 Y17.296472359983834 F300
G1 X15.893508888888876 Y17.39874111111112 F300
G1 X15.910445930376742 Y17.43082006012598 F300
G1 X15.933420945524565 Y17.454230578619555 F300
G1 X15.961882742480036 Y17.470999630665403 F300
G1 X15.995992139917687 Y17.482284115226353 F300
G1 X16.04497100661917 Y17.489338736009344 F300
G1 X16.09894710846571 Y17.489963348552816 F300
G1 X16.155986008230443 Y17.485989588477374 F300
G1 X16.30766999999999 Y17.47000222222223 F300
G1 X16.99798555555554 Y17.438111111111123 F300
G1 X18.30961333333332 Y17.377574444444452 F300
G1 X18.620383922330426 Y17.365156322413103 F300
G1 X18.930925555555547 Y17.3489288888889 F300
G1 X18.99110647769297 Y17.344636836603797 F300
G1 X19.03928124999999 Y17.335893750000007 F300
G1 X19.067233531947714 Y17.323874063510896 F300
G1 X19.092946341494905 Y17.303604088373667 F300
G1 X19.117051111111103 Y17.27047111111112 F300
G1 X19.1363414450954 Y17.220981368567475 F300
G1 X19.146384583333326 Y17.163949861111117 F300
G1 X19.152752222222215 Y17.052877777777788 F300
G1 X19.171934290867824 Y16.74271902442652 F300
G1 X19.19759027777777 Y16.434546527777783 F300
G1 X19.23280215894496 Y16.12740232044311 F300
G1 X19.28073999999999 Y15.820131111111122 F300
G1 X19.32976717402645 Y15.57153083143047 F300
G1 X19.386815596141815 Y15.324870896576424 F300
G1 X19.45186825556025 Y15.080278704434024 F300
G1 X19.52492476468461 Y14.837885237695634 F300
G1 X19.6060011111111 Y14.597826666666675 F300
G1 X19.67421143668116 Y14.42373094843196 F300
G1 X19.752646913580243 Y14.237340041152276 F300
G1 X19.80327663277972 Y14.111212722794654 F300
G1 X19.848716222593108 Y13.9840411889342 F300
G1 X19.885651975308633 Y13.856376625514413 F300
G1 X19.906054694939918 Y13.759095173779333 F300
G1 X19.91807753159469 Y13.662979794004311 F300
G1 X19.920525232031466 Y13.567870174579745 F300
G1 X19.9120711111111 Y13.473594444444451 F300
G1 X19.894959206712677 Y13.395100523980494 F300
G1 X19.870173992503844 Y13.326180573062768 F300
G1 X19.83869048233567 Y13.2654119836883 F300
G1 X19.801137518872657 Y13.211594636514455 F300
G1 X19.757841182222215 Y13.163749440000009 F300
G1 X19.695350678440015 Y13.11091229066755 F300
G1 X19.624734328325676 Y13.065874838000461 F300
G1 X19.54631059592596 Y13.027924259834592 F300
G1 X19.460314613333324 Y12.99652374222223 F300
G1 X19.342211529072294 Y12.965800064649923 F300
G1 X19.216685789733695 Y12.944527113576706 F300
G1 X19.0856262311111 Y12.931487324444452 F300
G1 X18.88859780416102 Y12.924650183442616 F300
G1 X18.69991086222221 Y12.92821016000001 F300
G1 X18.369303333333324 Y12.94626222222223 F300
G1 X17.019480502946482 Y13.013333793080326 F300
G1 X15.669192804465226 Y13.068059468026798 F300
G1 X14.318491777943692 Y13.110429239300524 F300
G1 X12.96742888888888 Y13.14043111111112 F300
G1 X11.759996536536736 Y13.15671446811507 F300
G1 X10.552542004057933 Y13.16310146248994 F300
G1 X9.345087982577656 Y13.159654068659766 F300
G1 X8.137657155341847 Y13.146433009917923 F300
G1 X6.930272222222213 Y13.123497777777784 F300
G1 X7.1419388888888795 Y12.91183111111112 F300
G1 X7.231403333333324 Y14.148105555555565 F300
G1 X7.229666723030449 Y14.198850983557007 F300
G1 X7.218566605701421 Y14.239989477925542 F300
G1 X7.200404680809469 Y14.273496218114127 F300
G1 X7.17629062499999 Y14.300803211805563 F300
G1 X7.134967623948106 Y14.328890095857759 F300
G1 X7.087212772006508 Y14.345725635255793 F300
G1 X7.03444749999999 Y14.351464305555563 F300
G1 X6.981520036861399 Y14.345718219065471 F300
G1 X6.931196218120158 Y14.328865650921308 F300
G1 X6.885248958333323 Y14.300446024305565 F300
G1 X6.856851283195161 Y14.272739609403489 F300
G1 X6.833757168117227 Y14.23890066095808 F300
G1 X6.8169027918106435 Y14.197863711150415 F300
G1 X6.80806999999999 Y14.148105555555565 F300
G1 X6.80806999999999 Y14.148105555555565 F300
G1 X6.808352222222222 Y14.147823333333339 F300;svg#Layer_2 > g#Layer_2-2 > path
G0 X6.69518111111111 Y12.886854444444449
G1 X6.543874722222222 Y11.955380000000005 F300
G1 X6.469316850593036 Y11.489440376090318 F300
G1 X6.3982833333333335 Y11.023058888888894 F300
G1 X6.3888775693237285 Y10.939007092040288 F300
G1 X6.386219458772216 Y10.857819192727735 F300
G1 X6.391008271604939 Y10.779840823045276 F300
G1 X6.404474648875955 Y10.703400117492823 F300
G1 X6.427320066752617 Y10.631519937114424 F300
G1 X6.460591728395062 Y10.564155102880665 F300
G1 X6.492095058703464 Y10.518132026590344 F300
G1 X6.5306635331970195 Y10.47458624302713 F300
G1 X6.577396579015405 Y10.433623337471007 F300
G1 X6.633656666666666 Y10.395537777777783 F300
G1 X6.710387953690949 Y10.356023786661117 F300
G1 X6.792273223381414 Y10.324246564761221 F300
G1 X6.878677818930042 Y10.299002098765438 F300
G1 X7.011730769527968 Y10.271480469799004 F300
G1 X7.147436995884774 Y10.25223160493828 F300
G1 X7.410614444444445 Y10.222394444444452 F300
G1 X7.721778057229294 Y10.186833585868818 F300
G1 X8.03319737334608 Y10.159861886793461 F300
G1 X8.344895772400223 Y10.140600011037609 F300
G1 X8.656897325102882 Y10.12817925925927 F300
G1 X9.073314785114073 Y10.120774112609208 F300
G1 X9.490069418211602 Y10.12196911560012 F300
G1 X9.907068600823045 Y10.129731481481489 F300
G1 X10.532397101973018 Y10.149226991466145 F300
G1 X11.156832222222222 Y10.172017777777782 F300
G1 X11.926110009006376 Y10.193557796872456 F300
G1 X12.69531987676393 Y10.203132401995934 F300
G1 X13.464475062506116 Y10.200232810847403 F300
G1 X14.233588859530286 Y10.18434386120505 F300
G1 X15.002674444444445 Y10.154943333333339 F300
G1 X15.436507770697519 Y10.127977562980131 F300
G1 X15.87985418402778 Y10.09325131944445 F300
G1 X16.324979870811887 Y10.060048826777482 F300
G1 X16.771519861111113 Y10.037115555555562 F300
G1 X17.069271342040693 Y10.031939798232603 F300
G1 X17.364926983459455 Y10.03795171014178 F300
G1 X17.658026163194442 Y10.05770895833334 F300
G1 X17.876637178733844 Y10.083199807628803 F300
G1 X18.09313324380933 Y10.119006788757078 F300
G1 X18.307504231126337 Y10.16627293272046 F300
G1 X18.519727777777778 Y10.22620444444445 F300
G1 X18.661598437080414 Y10.276212285602071 F300
G1 X18.802961433215106 Y10.336467477325963 F300
G1 X18.943012251579226 Y10.406751726148544 F300
G1 X19.08088151111112 Y10.486898755555561 F300
G1 X19.213209026605526 Y10.575070017143043 F300
G1 X19.33978529977694 Y10.671142420611691 F300
G1 X19.45981871865282 Y10.774761492847038 F300
G1 X19.57247311111112 Y10.885633600000006 F300
G1 X19.67739396331069 Y11.004180819939668 F300
G1 X19.771795635108738 Y11.127986608992057 F300
G1 X19.855073313746626 Y11.256795234323668 F300
G1 X19.92653217777778 Y11.390438844444448 F300
G1 X19.975045493285727 Y11.501791467095313 F300
G1 X20.014531405152326 Y11.61526074218157 F300
G1 X20.044674204713587 Y11.730926478306545 F300
G1 X20.06504612464632 Y11.848906713633069 F300
G1 X20.075088311111116 Y11.969344355555561 F300
G1 X20.07429706811835 Y12.088559783828817 F300
G1 X20.06241028871592 Y12.209940173419508 F300
G1 X20.038551418453853 Y12.333828965342086 F300
G1 X20.001598911560556 Y12.460548564459149 F300
G1 X19.950171111111114 Y12.590380000000005 F300
G1 X19.930317389178214 Y12.62236836631334 F300
G1 X19.90425328768427 Y12.647402407484112 F300
G1 X19.87308916666667 Y12.666774027777784 F300
G1 X19.820650771671104 Y12.686083822803083 F300
G1 X19.767432222222222 Y12.695225555555561 F300
G1 X18.644538885737465 Y12.793306392669676 F300
G1 X17.520957426901795 Y12.880796005258903 F300
G1 X16.396733717769923 Y12.957674392997562 F300
G1 X15.2719134155449 Y13.023919742347505 F300
G1 X14.146542012177244 Y13.079508413449178 F300
G1 X13.020664883994899 Y13.124414927322185 F300
G1 X11.894327341353778 Y13.158611953377044 F300
G1 X10.767574678298415 Y13.182070297239576 F300
G1 X9.64045222222222 Y13.194758888888892 F300
G1 X8.684527515122378 Y13.197042787064579 F300
G1 X7.728619345559084 Y13.191581306528281 F300
G1 X6.772792222222221 Y13.178531111111113 F300
G1 X6.722470526358057 Y13.172355535108462 F300
G1 X6.68121421288806 Y13.157677712958495 F300
G1 X6.647336090668315 Y13.136456877615231 F300
G1 X6.619638159722221 Y13.109686527777779 F300
G1 X6.591178990275487 Y13.06547458178481 F300
G1 X6.574227766176858 Y13.016115486561102 F300
G1 X6.568428055555555 Y12.963266111111114 F300
G1 X6.574161101867925 Y12.910453562331504 F300
G1 X6.591054799148246 Y12.861724194017924 F300
G1 X6.61940003472222 Y12.818644861111114 F300
G1 X6.646984077776715 Y12.792932300229683 F300
G1 X6.680791369126721 Y12.772918087012489 F300
G1 X6.722122697933761 Y12.75964198419953 F300
G1 X6.772792222222221 Y12.75519777777778 F300
G1 X7.899846973710792 Y12.769605427301205 F300
G1 X9.02680639828033 Y12.773391657877383 F300
G1 X10.153623921087705 Y12.766542093058801 F300
G1 X11.280253045348145 Y12.74904052926384 F300
G1 X12.406647302173669 Y12.720868927360922 F300
G1 X13.532760200403875 Y12.682007404563786 F300
G1 X14.658545176439661 Y12.632434226638875 F300
G1 X15.783955544090315 Y12.572125800425162 F300
G1 X16.908944444444444 Y12.50105666666667 F300
G1 X17.862433917184127 Y12.432267085708911 F300
G1 X18.815311019062666 Y12.355827431177108 F300
G1 X19.76757333333333 Y12.271892222222226 F300
G1 X19.58483444444444 Y12.376737777777782 F300
G1 X19.62360048445089 Y12.276603868583438 F300
G1 X19.649398562468967 Y12.179421888238412 F300
G1 X19.66365213672227 Y12.08480849702241 F300
G1 X19.667470622313324 Y11.992345729122778 F300
G1 X19.661673395555553 Y11.901605377777784 F300
G1 X19.64136181256126 Y11.788443487042533 F300
G1 X19.607626963549507 Y11.678046483893283 F300
G1 X19.561310416497257 Y11.570154964100253 F300
G1 X19.503010319999998 Y11.464606844444448 F300
G1 X19.435731186368475 Y11.364856589533217 F300
G1 X19.359297134336707 Y11.268892960207067 F300
G1 X19.27451839372916 Y11.176895340533008 F300
G1 X19.182173324444438 Y11.08911017777778 F300
G1 X19.051237703058277 Y10.98117389747113 F300
G1 X18.913862249073816 Y10.884136747039058 F300
G1 X18.772490515555553 Y10.79848337777778 F300
G1 X18.625296572556962 Y10.72283095862214 F300
G1 X18.482853248312054 Y10.662129300319132 F300
G1 X18.347289999999994 Y10.616094444444448 F300
G1 X18.15559839849902 Y10.56560223703549 F300
G1 X17.962036318479758 Y10.525924821438588 F300
G1 X17.766631186358907 Y10.496050840627841 F300
G1 X17.569401770833327 Y10.475016406250003 F300
G1 X17.30518842362156 Y10.459177340155296 F300
G1 X17.0388173771395 Y10.455136569575332 F300
G1 X16.77069083333333 Y10.460713472222226 F300
G1 X16.36864143384189 Y10.482155816702587 F300
G1 X15.967905312499996 Y10.512529913194449 F300
G1 X15.568728868301609 Y10.544390590890124 F300
G1 X15.17779333333333 Y10.569810000000007 F300
G1 X14.491503848623612 Y10.599615396230195 F300
G1 X13.80495030840383 Y10.618917431503238 F300
G1 X13.11821824020748 Y10.62772179399948 F300
G1 X12.431393001633921 Y10.626029454649432 F300
G1 X11.744559999999998 Y10.613836666666675 F300
G1 X10.619099588477365 Y10.575558971193427 F300
G1 X10.056201887025265 Y10.556773879830498 F300
G1 X9.493325596707816 Y10.544963991769558 F300
G1 X9.118082347142813 Y10.543459011358518 F300
G1 X8.742824933928066 Y10.548794632597202 F300
G1 X8.367488888888886 Y10.562472222222233 F300
G1 X8.070687346891377 Y10.580137828721334 F300
G1 X7.774362960314523 Y10.604730318673496 F300
G1 X7.478771111111107 Y10.637261111111119 F300
G1 X7.245768730511431 Y10.668039896989587 F300
G1 X7.014233333333329 Y10.708663333333337 F300
G1 X6.908948765432096 Y10.733880411522637 F300
G1 X6.86659254730193 Y10.752828279480603 F300
G1 X6.83480271604938 Y10.779919218106999 F300
G1 X6.820031694477116 Y10.80303882734369 F300
G1 X6.809247385028497 Y10.834030001650564 F300
G1 X6.803836666666663 Y10.87644444444445 F300
G1 X6.805352745140319 Y10.952215934784947 F300
G1 X6.814417863378825 Y11.031385111921406 F300
G1 X6.82879569444444 Y11.112999583333341 F300
G1 X6.876085555555551 Y11.348178888888894 F300
G1 X6.951862222222218 Y11.823582222222228 F300
G1 X7.1035566666666625 Y12.774530000000004 F300
G1 X7.106344099508964 Y12.824744467393222 F300
G1 X7.099458324306901 Y12.868886037711269 F300
G1 X7.084876173649031 Y12.907861233191154 F300
G1 X7.063721440972218 Y12.942361822916672 F300
G1 X7.025770263746691 Y12.982199245135206 F300
G1 X6.9810408517389355 Y13.01192545963346 F300
G1 X6.931454027777773 Y13.031546250000005 F300
G1 X6.879064413991466 Y13.040092994235053 F300
G1 X6.829224683248673 Y13.03650106039321 F300
G1 X6.783179322916663 Y13.020374218750005 F300
G1 X6.753817382786094 Y13.000446905488566 F300
G1 X6.728725051949235 Y12.97293835686985 F300
G1 X6.708619587300328 Y12.936061246518726 F300
G1 X6.695322222222218 Y12.887136666666674 F300
G1 X6.695322222222218 Y12.887136666666674 F300
G1 X6.69518111111111 Y12.886854444444449 F300;svg#Layer_2 > g#Layer_2-2 > path
G0 X10.149157777777777 Y9.943700000000005
G1 X10.237257662580861 Y9.755086434158319 F300
G1 X10.330878957529347 Y9.566246680289161 F300
G1 X10.43206987654321 Y9.379992469135809 F300
G1 X10.514035824911147 Y9.243968151389826 F300
G1 X10.601700554319518 Y9.113106202889451 F300
G1 X10.695966087664114 Y8.988373310967244 F300
G1 X10.797767160493825 Y8.870753827160502 F300
G1 X10.884995736084862 Y8.782743654854523 F300
G1 X10.977997581409836 Y8.700582917509083 F300
G1 X11.077465316271228 Y8.624687178158933 F300
G1 X11.184162482017912 Y8.555554452480099 F300
G1 X11.29893111111111 Y8.493783333333342 F300
G1 X11.459291382317286 Y8.423658262958789 F300
G1 X11.623567032157332 Y8.365464222001094 F300
G1 X11.791144305555553 Y8.31695347222223 F300
G1 X12.0465491617629 Y8.25777244309147 F300
G1 X12.303783333333332 Y8.208597777777783 F300
G1 X12.663956378600822 Y8.140906255144042 F300
G1 X12.850371240147842 Y8.11102860614392 F300
G1 X13.036892139917693 Y8.09068115226338 F300
G1 X13.161322087785763 Y8.084871582080016 F300
G1 X13.282811297170728 Y8.087145046215511 F300
G1 X13.400922222222219 Y8.098813333333336 F300
G1 X13.5079701458909 Y8.12047568480018 F300
G1 X13.603258990974389 Y8.1515642006138 F300
G1 X13.68830976315777 Y8.190842496533975 F300
G1 X13.764437562222309 Y8.23743470257847 F300
G1 X13.832746475694442 Y8.290783975694449 F300
G1 X13.89589250301174 Y8.352523519046851 F300
G1 X13.951854039308053 Y8.420301626524449 F300
G1 X14.001167068105758 Y8.493746557843489 F300
G1 X14.044250044614186 Y8.572578228690325 F300
G1 X14.081412916666665 Y8.656572638888894 F300
G1 X14.118745229226944 Y8.764758638865692 F300
G1 X14.147467491108168 Y8.87758235700053 F300
G1 X14.16808761663496 Y8.994112581926503 F300
G1 X14.181039565972222 Y9.113404427083335 F300
G1 X14.18702500712072 Y9.273313450614904 F300
G1 X14.181396857776543 Y9.429200926608278 F300
G1 X14.165744444444444 Y9.578504444444446 F300
G1 X14.143333792873216 Y9.730343502084803 F300
G1 X14.113784197530867 Y9.873776831275721 F300
G1 X14.085357139744744 Y9.965413118006502 F300
G1 X14.047954866135736 Y10.049242070208782 F300
G1 X13.999170617283951 Y10.1247716872428 F300
G1 X13.955022915023815 Y10.174065612067835 F300
G1 X13.901533268806697 Y10.218691769674471 F300
G1 X13.836412516897713 Y10.258169752189364 F300
G1 X13.756804444444445 Y10.29153888888889 F300
G1 X13.64350018365225 Y10.325928025298717 F300
G1 X13.525906590752147 Y10.35441855980242 F300
G1 X13.40466427983539 Y10.377810041152268 F300
G1 X13.220943460889094 Y10.404680366960632 F300
G1 X13.03574757201646 Y10.424695514403295 F300
G1 X12.673353333333333 Y10.455933333333338 F300
G1 X12.348896178909005 Y10.48048010386423 F300
G1 X12.023977638888889 Y10.497790416666671 F300
G1 X11.373437777777777 Y10.519433333333337 F300
G1 X11.183490447424003 Y10.523391951922976 F300
G1 X10.994120658436215 Y10.521273004115232 F300
G1 X10.868465302475428 Y10.513618941346383 F300
G1 X10.74456759768658 Y10.499028243210619 F300
G1 X10.622643045267488 Y10.475824773662556 F300
G1 X10.533102907572983 Y10.451876791055849 F300
G1 X10.444783186248042 Y10.421386534665874 F300
G1 X10.357635003552758 Y10.383465610430186 F300
G1 X10.271642222222221 Y10.337117777777785 F300
G1 X10.231056414375189 Y10.306734210449548 F300
G1 X10.202658495086746 Y10.273532641181559 F300
G1 X10.183971288296826 Y10.238367026129803 F300
G1 X10.173439913194441 Y10.201490156250006 F300
G1 X10.171031491100019 Y10.149178531897709 F300
G1 X10.181201629375819 Y10.09811683295817 F300
G1 X10.202832916666665 Y10.049550972222228 F300
G1 X10.234420656789672 Y10.006821902994735 F300
G1 X10.27366617738208 Y9.973137324775045 F300
G1 X10.320041128472221 Y9.950025746527784 F300
G1 X10.356986170981406 Y9.941554111231536 F300
G1 X10.396462094706827 Y9.941113398005406 F300
G1 X10.439058975028836 Y9.950244465686959 F300
G1 X10.485284444444444 Y9.97164000000001 F300
G1 X10.56405434813733 Y10.012749209354194 F300
G1 X10.64430125079642 Y10.044133693551606 F300
G1 X10.726067037037039 Y10.067287201646103 F300
G1 X10.852139690513532 Y10.089422419115685 F300
G1 X10.981148888888887 Y10.099653909465031 F300
G1 X11.111247102785882 Y10.101759826281288 F300
G1 X11.24178111111111 Y10.099627777777785 F300
G1 X11.701489369196388 Y10.087156383596394 F300
G1 X12.160837777777777 Y10.068018888888899 F300
G1 X12.47017804918131 Y10.049279599089665 F300
G1 X12.778968569128006 Y10.023208131729788 F300
G1 X13.086667777777775 Y9.987162222222235 F300
G1 X13.30938933053595 Y9.953998979820842 F300
G1 X13.530603333333332 Y9.912373333333349 F300
G1 X13.593304806545646 Y9.896543751772032 F300
G1 X13.633682386831277 Y9.880309753086438 F300
G1 X13.655916006878083 Y9.86569848946903 F300
G1 X13.673413507426627 Y9.847706327535764 F300
G1 X13.687497983539092 Y9.824915802469155 F300
G1 X13.702739960290408 Y9.783771642278932 F300
G1 X13.717011111111109 Y9.719756666666681 F300
G1 X13.738531121567616 Y9.589229954341043 F300
G1 X13.75667688 Y9.435570177777794 F300
G1 X13.765709532167918 Y9.277506880085436 F300
G1 X13.762116995555555 Y9.117110622222238 F300
G1 X13.75040711965938 Y9.011142505258988 F300
G1 X13.730207137727497 Y8.911606062226708 F300
G1 X13.700663671111107 Y8.819783866666683 F300
G1 X13.67052973759031 Y8.754328050837605 F300
G1 X13.634101961809579 Y8.695604713546132 F300
G1 X13.590767822895536 Y8.643724579215917 F300
G1 X13.539649119999998 Y8.598995777777795 F300
G1 X13.483134927270687 Y8.563846856742334 F300
G1 X13.417002511331578 Y8.536341528257138 F300
G1 X13.339001922690091 Y8.51775239080775 F300
G1 X13.246405555555553 Y8.510152222222237 F300
G1 X13.098124712519917 Y8.513902953113256 F300
G1 X12.947895541467776 Y8.527188606108709 F300
G1 X12.79640222222222 Y8.547793611111128 F300
G1 X12.570647915761757 Y8.58704650244114 F300
G1 X12.351055555555554 Y8.628826666666681 F300
G1 X12.14547214085498 Y8.66806229034542 F300
G1 X11.938446666666666 Y8.713528611111126 F300
G1 X11.802072479697104 Y8.750238851944099 F300
G1 X11.668880473202126 Y8.794021727063225 F300
G1 X11.539807777777776 Y8.846702222222236 F300
G1 X11.434780722940799 Y8.900447812122277 F300
G1 X11.337864585429525 Y8.96148421607019 F300
G1 X11.248129446355156 Y9.029172102649943 F300
G1 X11.164738967569464 Y9.102991749392654 F300
G1 X11.086940411522633 Y9.182520534979439 F300
G1 X10.996674001786925 Y9.289244365562631 F300
G1 X10.913502899276173 Y9.40281521126984 F300
G1 X10.83643114320746 Y9.522206872991188 F300
G1 X10.764491069958845 Y9.646405020576143 F300
G1 X10.633754288358254 Y9.901824750027803 F300
G1 X10.514635555555554 Y10.157483333333346 F300
G1 X10.488700833729244 Y10.201060875846931 F300
G1 X10.459352520510558 Y10.231376895724393 F300
G1 X10.427637424005859 Y10.251421987828627 F300
G1 X10.393791527777775 Y10.263067517361122 F300
G1 X10.344760453722595 Y10.266748928102357 F300
G1 X10.295463135075952 Y10.257380664855225 F300
G1 X10.247018333333331 Y10.235711805555566 F300
G1 X10.204159914860554 Y10.20404667774627 F300
G1 X10.16877167961768 Y10.163925512840146 F300
G1 X10.142684305555555 Y10.115831302083343 F300
G1 X10.131445292884187 Y10.077211403156678 F300
G1 X10.127763626742933 Y10.035940758294393 F300
G1 X10.1329339513785 Y9.991613468076695 F300
G1 X10.149157777777775 Y9.943841111111121 F300
G1 X10.149157777777775 Y9.943841111111121 F300
G1 X10.149157777777777 Y9.943700000000005 F300;svg#Layer_2 > g#Layer_2-2 > path
G0 X14.143025555555557 Y9.647084444444452
G1 X14.26451401531505 Y9.698751232041115 F300
G1 X14.388237854334662 Y9.740441005564481 F300
G1 X14.514074609053504 Y9.773357983539105 F300
G1 X14.641875581544477 Y9.798600545191588 F300
G1 X14.771148667594565 Y9.817163928438223 F300
G1 X14.9016179835391 Y9.830079423868323 F300
G1 X15.098102616059283 Y9.841053828655824 F300
G1 X15.294210000000001 Y9.845063333333345 F300
G1 X15.925535731459064 Y9.844234349288744 F300
G1 X16.55687222222222 Y9.838854444444458 F300
G1 X17.187215555555554 Y9.83504444444446 F300
G1 X17.344977777777775 Y9.828253472222238 F300
G1 X17.426063117944565 Y9.827064500865504 F300
G1 X17.502316666666665 Y9.833210000000019 F300
G1 X17.541383539094653 Y9.834385925925947 F300
G1 X17.561487282230004 Y9.836527822002184 F300
G1 X17.572422757201647 Y9.842335185185203 F300
G1 X17.57429727516356 Y9.852561390728255 F300
G1 X17.558902222222223 Y9.877660000000018 F300
G1 X17.568454994345636 Y9.85872873385653 F300
G1 X17.573703209876545 Y9.828757160493847 F300
G1 X17.574204938271606 Y9.761698024691379 F300
G1 X17.573295555555557 Y9.704516666666688 F300
G1 X17.614147222222222 Y9.068617083333358 F300
G1 X17.632907031657115 Y8.750552450578898 F300
G1 X17.648225555555555 Y8.432400000000024 F300
G1 X17.656868667532336 Y8.129130732532499 F300
G1 X17.655986666666667 Y7.82576333333336 F300
G1 X17.648701805555557 Y7.506693472222248 F300
G1 X17.640529956667404 Y7.398118950750931 F300
G1 X17.62614338715763 Y7.29283829811967 F300
G1 X17.603634444444445 Y7.192174444444471 F300
G1 X17.594127083333333 Y7.153862777777805 F300
G1 X17.586641819495664 Y7.133167016605421 F300
G1 X17.577528888888892 Y7.119784444444473 F300
G1 X17.57273469052582 Y7.111828845464796 F300
G1 X17.57671358024692 Y7.109572181069988 F300
G1 X17.584889727648687 Y7.110890194795125 F300
G1 X17.593396049382722 Y7.115979670781921 F300
G1 X17.59689892983745 Y7.123390478293091 F300
G1 X17.591075555555562 Y7.134460000000027 F300
G1 X17.54879767010457 Y7.182173745874226 F300
G1 X17.511012638888893 Y7.236730277777806 F300
G1 X17.444178888888892 Y7.348525555555582 F300
G1 X17.297017638888892 Y7.603019444444471 F300
G1 X17.223691271036092 Y7.730444673128337 F300
G1 X17.146998888888895 Y7.855820000000029 F300
G1 X17.072262087092252 Y7.966691573424674 F300
G1 X16.991819224559336 Y8.073344987322665 F300
G1 X16.905170696766824 Y8.174559392037764 F300
G1 X16.81177180555556 Y8.26908152777781 F300
G1 X16.732044837711605 Y8.338796518377059 F300
G1 X16.647867785795178 Y8.402332810934764 F300
G1 X16.55879191840888 Y8.459187263316299 F300
G1 X16.46430558496781 Y8.50876801654485 F300
G1 X16.363832222222225 Y8.550368888888924 F300
G1 X16.268347519658835 Y8.578988679121165 F300
G1 X16.173952516820087 Y8.596518072258228 F300
G1 X16.080448771750042 Y8.604035606617733 F300
G1 X15.987613271496722 Y8.602396433401667 F300
G1 X15.895219861111116 Y8.592261250000034 F300
G1 X15.780799721786915 Y8.568589409508807 F300
G1 X15.668099923290232 Y8.533865018042622 F300
G1 X15.557218158636257 Y8.489174444650677 F300
G1 X15.448303333333337 Y8.435504444444474 F300
G1 X15.313021439345098 Y8.35524704267264 F300
G1 X15.174929300411529 Y8.264347119341597 F300
G1 X15.0354669721135 Y8.174095343272974 F300
G1 X14.892743662551446 Y8.093628806584395 F300
G1 X14.793981758081404 Y8.04950184274549 F300
G1 X14.69286899835815 Y8.016698927990207 F300
G1 X14.588231111111115 Y7.997636666666697 F300
G1 X14.517429077580749 Y7.995094315501509 F300
G1 X14.450355496588445 Y8.001960409519283 F300
G1 X14.386781594896775 Y8.017201096100665 F300
G1 X14.32651430645112 Y8.040113468115829 F300
G1 X14.26945065843622 Y8.070272304526782 F300
G1 X14.203212145564043 Y8.117436443131417 F300
G1 X14.144394247995224 Y8.173219710783062 F300
G1 X14.093228350574726 Y8.236775660503227 F300
G1 X14.050231934156383 Y8.307506213991799 F300
G1 X14.016950383265641 Y8.38309873611338 F300
G1 X13.994119468943602 Y8.461924735727692 F300
G1 X13.982224821275917 Y8.543392895202567 F300
G1 X13.982158888888893 Y8.626992222222249 F300
G1 X13.980524312933692 Y8.677748538919914 F300
G1 X13.969502723542416 Y8.71888662389778 F300
G1 X13.951404905931984 Y8.75238801354519 F300
G1 X13.92734383680556 Y8.779689878472247 F300
G1 X13.886075551807298 Y8.807772962045446 F300
G1 X13.838346405942048 Y8.82461014693193 F300
G1 X13.785573472222225 Y8.830350972222247 F300
G1 X13.732634138748812 Y8.824606420062139 F300
G1 X13.682271349399551 Y8.807754961791879 F300
G1 X13.636262482638893 Y8.779332690972247 F300
G1 X13.607810447908061 Y8.751622067948118 F300
G1 X13.58465642985745 Y8.717779299123077 F300
G1 X13.567735530937638 Y8.676742359579565 F300
G1 X13.558825555555561 Y8.626992222222249 F300
G1 X13.556895471132693 Y8.531045742256042 F300
G1 X13.565011505151832 Y8.436633311008338 F300
G1 X13.582612554240097 Y8.343929370730713 F300
G1 X13.609332880658442 Y8.253131399176983 F300
G1 X13.644668971766508 Y8.165171904578209 F300
G1 X13.68795446715741 Y8.081064312470522 F300
G1 X13.738847195348482 Y8.001109645125249 F300
G1 X13.797125637860088 Y7.925680452674923 F300
G1 X13.861986693205004 Y7.855917441324193 F300
G1 X13.932731903329358 Y7.792609932000097 F300
G1 X14.009143336379932 Y7.736115834052557 F300
G1 X14.09109666666667 Y7.68691000000003 F300
G1 X14.178144964628743 Y7.645791470036144 F300
G1 X14.264608681751676 Y7.615234832802295 F300
G1 X14.350659520779429 Y7.594220142114446 F300
G1 X14.436515761316882 Y7.58193901234571 F300
G1 X14.52369652051628 Y7.577774447939447 F300
G1 X14.61069976723889 Y7.581470874868549 F300
G1 X14.697618573164608 Y7.592577838570195 F300
G1 X14.784537572016468 Y7.610741358024722 F300
G1 X14.89806101265987 Y7.644606321220506 F300
G1 X15.010530023776049 Y7.689017103812555 F300
G1 X15.121772222222226 Y7.7432133333333635 F300
G1 X15.23236425092253 Y7.808001853584699 F300
G1 X15.348359184027782 Y7.883890086805585 F300
G1 X15.465280704498442 Y7.9617540288799376 F300
G1 X15.58530458333334 Y8.036671527777807 F300
G1 X15.667628688734682 Y8.082148040790324 F300
G1 X15.750607059505082 Y8.121217423646097 F300
G1 X15.834500190972228 Y8.152331927083363 F300
G1 X15.920611003370675 Y8.17412743763285 F300
G1 X16.00808877844584 Y8.184494072990828 F300
G1 X16.097837777777784 Y8.181645555555589 F300
G1 X16.178587013601216 Y8.167386265863026 F300
G1 X16.253924383729036 Y8.144126282387811 F300
G1 X16.324678746529305 Y8.112791769745407 F300
G1 X16.391573784722226 Y8.074052743055589 F300
G1 X16.475009906159176 Y8.01235247028536 F300
G1 X16.552803838439694 Y7.940470803403613 F300
G1 X16.62569916666667 Y7.859806388888924 F300
G1 X16.72465915342869 Y7.729143529977923 F300
G1 X16.81383996527778 Y7.5915321180555875 F300
G1 X16.969622222222227 Y7.3218555555555875 F300
G1 X17.08581424000001 Y7.125231333333366 F300
G1 X17.158223386193136 Y7.0167758472701305 F300
G1 X17.23984209777778 Y6.911030311111142 F300
G1 X17.299721466951652 Y6.845398804818031 F300
G1 X17.36143818647332 Y6.788845537282882 F300
G1 X17.424871502222224 Y6.742887955555586 F300
G1 X17.476220629699267 Y6.715022573027047 F300
G1 X17.527879110196814 Y6.695683994439243 F300
G1 X17.58030845938939 Y6.685240481094294 F300
G1 X17.634068160000005 Y6.684439733333367 F300
G1 X17.685683588930715 Y6.693417484375564 F300
G1 X17.739999488950033 Y6.713529263076211 F300
G1 X17.79802438161304 Y6.747541561351179 F300
G1 X17.860597777777784 Y6.799321111111145 F300
G1 X17.90358261299994 Y6.8467946102472705 F300
G1 X17.93859058838088 Y6.898104509734362 F300
G1 X17.96688744975605 Y6.952790408833232 F300
G1 X17.989538055555556 Y7.010511527777811 F300
G1 X18.012310629196232 Y7.090756135595843 F300
G1 X18.028408108259573 Y7.172858684340193 F300
G1 X18.03995 Y7.255251111111145 F300
G1 X18.064786803107012 Y7.512106205033874 F300
G1 X18.077954258762933 Y7.769719806330252 F300
G1 X18.08143666666667 Y8.027834444444482 F300
G1 X18.07338168095333 Y8.414016909391355 F300
G1 X18.054766666666673 Y8.800100277777814 F300
G1 X18.00523666666667 Y9.571307777777813 F300
G1 X17.998484238683133 Y9.770420781893042 F300
G1 X17.99027256050899 Y9.873694794287161 F300
G1 X17.971537242798355 Y9.97257551440333 F300
G1 X17.950265669640388 Y10.03499670662341 F300
G1 X17.920321900070327 Y10.092361995319967 F300
G1 X17.879647777777777 Y10.144218888888924 F300
G1 X17.837169133634056 Y10.181349141595081 F300
G1 X17.790395825154725 Y10.210035687093784 F300
G1 X17.739617779581526 Y10.231614453244752 F300
G1 X17.684966707818933 Y10.247125473251064 F300
G1 X17.60944124296845 Y10.259454980130041 F300
G1 X17.530681640151066 Y10.264686225325553 F300
G1 X17.450147366255145 Y10.264926378600858 F300
G1 X17.222352222222224 Y10.2582366666667 F300
G1 X15.480053333333334 Y10.268678888888926 F300
G1 X15.213754980378095 Y10.266515414569191 F300
G1 X14.949904115226342 Y10.25477683127576 F300
G1 X14.774967626689639 Y10.239142450527813 F300
G1 X14.601814335319748 Y10.215597810124724 F300
G1 X14.43051069958848 Y10.182674279835428 F300
G1 X14.303865393129037 Y10.151079245012134 F300
G1 X14.178191398689185 Y10.11272132990452 F300
G1 X14.05342691341821 Y10.066861655165766 F300
G1 X13.929524444444446 Y10.012703333333368 F300
G1 X13.886268332714367 Y9.986206273459064 F300
G1 X13.856141526107436 Y9.95637287542874 F300
G1 X13.836220322517978 Y9.924223086279229 F300
G1 X13.824674479166665 Y9.889993993055588 F300
G1 X13.821108925726387 Y9.840540771123354 F300
G1 X13.830548816956112 Y9.791012295207585 F300
G1 X13.852195555555557 Y9.742546111111144 F300
G1 X13.883846515310795 Y9.699701218927732 F300
G1 X13.923873406715629 Y9.664521835979953 F300
G1 X13.971791631944445 Y9.638807395833368 F300
G1 X14.010235829476933 Y9.62792399774159 F300
G1 X14.051329835914448 Y9.624659970842742 F300
G1 X14.095504544203317 Y9.630340176221393 F300
G1 X14.14316666666667 Y9.647225555555593 F300
G1 X14.14316666666667 Y9.647225555555593 F300
G1 X14.143025555555557 Y9.647084444444452 F300;svg#Layer_2 > g#Layer_2-2 > path
G0 X10.22183 Y8.900888888888895
G1 X10.21699562035748 Y8.600040975240741 F300
G1 X10.219561178941714 Y8.299260357207364 F300
G1 X10.230155555555557 Y7.9984833333333425 F300
G1 X10.235868126266974 Y7.873008975263389 F300
G1 X10.245332839506174 Y7.745601769547336 F300
G1 X10.257175939016353 Y7.661599804241623 F300
G1 X10.27560989107437 Y7.581006617500686 F300
G1 X10.302561234567902 Y7.50460489711935 F300
G1 X10.32935647417478 Y7.450929164152324 F300
G1 X10.36295998258901 Y7.400314364868681 F300
G1 X10.404696587383187 Y7.352896120691936 F300
G1 X10.456215555555557 Y7.3090144444444505 F300
G1 X10.523211655079661 Y7.264976127796067 F300
G1 X10.596491292282021 Y7.226017816927133 F300
G1 X10.675246131687246 Y7.191474115226345 F300
G1 X10.797405111144688 Y7.147898474301734 F300
G1 X10.922843868312759 Y7.111124403292188 F300
G1 X11.165581111111113 Y7.048805555555561 F300
G1 X11.367855031244249 Y7.000395574147679 F300
G1 X11.571665065066375 Y6.959855550233247 F300
G1 X11.776831756445723 Y6.926638532712303 F300
G1 X11.98317888888889 Y6.900215555555563 F300
G1 X12.260202753971356 Y6.87737872469894 F300
G1 X12.537174256981045 Y6.86881606592441 F300
G1 X12.81502888888889 Y6.871287777777787 F300
G1 X12.907515730975197 Y6.874096361080547 F300
G1 X13.004929166666667 Y6.872628333333345 F300
G1 X13.068945308217664 Y6.865053246807703 F300
G1 X13.129494249657814 Y6.849524021548632 F300
G1 X13.185727777777778 Y6.823592222222229 F300
G1 X13.225395226094314 Y6.7946137008563925 F300
G1 X13.259333540319599 Y6.760005207085137 F300
G1 X13.288985833333333 Y6.7208809722222265 F300
G1 X13.327486199903287 Y6.657266560224315 F300
G1 X13.361975555555555 Y6.592452222222232 F300
G1 X13.414383820609968 Y6.4941720292243215 F300
G1 X13.46922522633745 Y6.3985603292181175 F300
G1 X13.529866743431992 Y6.307516106172623 F300
G1 X13.59880181069959 Y6.224298559670791 F300
G1 X13.650503288534129 Y6.174609851636273 F300
G1 X13.708564388763044 Y6.129700334558506 F300
G1 X13.774443333333332 Y6.0902377777777845 F300
G1 X13.858376293851009 Y6.0530292229368845 F300
G1 X13.945361031500408 Y6.025664084485223 F300
G1 X14.034996923145767 Y6.006750367219592 F300
G1 X14.12692125 Y5.995040694444452 F300
G1 X14.250903284468727 Y5.988660494360927 F300
G1 X14.374148152059183 Y5.990075589007953 F300
G1 X14.494956666666667 Y5.996257777777784 F300
G1 X14.67454532376274 Y6.012227277010597 F300
G1 X14.852191169205243 Y6.037060196078155 F300
G1 X15.027806115143937 Y6.0706157348555525 F300
G1 X15.201297224499129 Y6.112796104995548 F300
G1 X15.372561944444442 Y6.1635450000000045 F300
G1 X15.541115768627613 Y6.222706524508983 F300
G1 X15.706476214780324 Y6.29008694397249 F300
G1 X15.868534219831961 Y6.365636107723667 F300
G1 X16.027164737907768 Y6.449342011003635 F300
G1 X16.18222222222222 Y6.541228888888899 F300
G1 X15.925682222222223 Y6.574390000000012 F300
G1 X16.04081250028553 Y6.45685317221132 F300
G1 X16.162691555549014 Y6.34951445649401 F300
G1 X16.290881971156676 Y6.252129099387254 F300
G1 X16.425031198240852 Y6.164540884494288 F300
G1 X16.564852839506177 Y6.08668909465022 F300
G1 X16.71010375361992 Y6.018616078868065 F300
G1 X16.859105490214507 Y5.960977776098234 F300
G1 X17.011536097483887 Y5.913730558558607 F300
G1 X17.16711134269279 Y5.876922750033877 F300
G1 X17.32556716049383 Y5.850699053497956 F300
G1 X17.485137071325255 Y5.83539616887505 F300
G1 X17.645493959227295 Y5.831047857641083 F300
G1 X17.806381541320548 Y5.837777465950753 F300
G1 X17.967544244500015 Y5.8558121150459055 F300
G1 X18.128708888888887 Y5.885485555555567 F300
G1 X18.176805284596657 Y5.901625432506301 F300
G1 X18.213356880820353 Y5.924079518369642 F300
G1 X18.24077897167839 Y5.951220071209559 F300
G1 X18.260676440972222 Y5.98237156250001 F300
G1 X18.276748713039886 Y6.0303827992528465 F300
G1 X18.28027708273743 Y6.081296823245881 F300
G1 X18.271848472222224 Y6.133735277777786 F300
G1 X18.252285482652567 Y6.18322982506181 F300
G1 X18.22275598543981 Y6.2269220340821345 F300
G1 X18.183299045138888 Y6.263032743055565 F300
G1 X18.14919319752577 Y6.282435381271842 F300
G1 X18.110551726887145 Y6.295000934504822 F300
G1 X18.06653933053071 Y6.2995013972822695 F300
G1 X18.016102222222223 Y6.293720000000007 F300
G1 X17.883793798771457 Y6.269599689911689 F300
G1 X17.75191959145062 Y6.255501577270671 F300
G1 X17.62064058597104 Y6.251043787086939 F300
G1 X17.490102824992217 Y6.255944669658556 F300
G1 X17.360452962962963 Y6.270018559670789 F300
G1 X17.231773931915118 Y6.29318789459185 F300
G1 X17.10553547729896 Y6.325090418868595 F300
G1 X16.98191800609592 Y6.365542228488458 F300
G1 X16.861120499613055 Y6.414438883277413 F300
G1 X16.743374074074072 Y6.4717499588477425 F300
G1 X16.630051843203873 Y6.536831873265336 F300
G1 X16.52130452831855 Y6.6095865859283665 F300
G1 X16.417353417600737 Y6.689974614520691 F300
G1 X16.318467967436515 Y6.778024848986794 F300
G1 X16.224978888888888 Y6.873827777777783 F300
G1 X16.190239560268118 Y6.90282210641001 F300
G1 X16.148880391543603 Y6.922709192136363 F300
G1 X16.102476805555558 Y6.933535416666673 F300
G1 X16.054748216701736 Y6.934527610626483 F300
G1 X16.00952767019605 Y6.925735610895659 F300
G1 X15.968438888888887 Y6.906988888888897 F300
G1 X15.810384281244348 Y6.813752400568647 F300
G1 X15.647581833827745 Y6.7291764995265195 F300
G1 X15.480347467953793 Y6.653575974722838 F300
G1 X15.308968640586551 Y6.587316455832885 F300
G1 X15.13371375 Y6.53082194444445 F300
G1 X14.955617626300114 Y6.48475800085025 F300
G1 X14.775634289384866 Y6.44965052727632 F300
G1 X14.593963326838686 Y6.425843970962141 F300
G1 X14.410786511889699 Y6.413767947537673 F300
G1 X14.22628111111111 Y6.4139466666666705 F300
G1 X14.134777891551296 Y6.420222673871877 F300
G1 X14.046434999999999 Y6.436789027777781 F300
G1 X13.991011424599783 Y6.456571383674796 F300
G1 X13.939396580207973 Y6.485559863180745 F300
G1 X13.89198888888889 Y6.52641222222223 F300
G1 X13.842395406825212 Y6.589634152245399 F300
G1 X13.800725277777776 Y6.660485416666674 F300
G1 X13.727453333333331 Y6.806517777777787 F300
G1 X13.67748006443043 Y6.893962984600906 F300
G1 X13.623395645364244 Y6.973878448758583 F300
G1 X13.56449429553477 Y7.045997565183156 F300
G1 X13.5000175 Y7.110012500000011 F300
G1 X13.443792722461222 Y7.155180237891799 F300
G1 X13.382810283801199 Y7.194739659936916 F300
G1 X13.316273920391223 Y7.228419272432407 F300
G1 X13.243263533816126 Y7.255768943660989 F300
G1 X13.162726666666666 Y7.276135555555562 F300
G1 X13.062682076110804 Y7.291754032391137 F300
G1 X12.96113577062579 Y7.3006765815598405 F300
G1 X12.858235020576135 Y7.304378683127581 F300
G1 X12.703332005115518 Y7.303407466635908 F300
G1 X12.547879423868316 Y7.299162798353915 F300
G1 X12.392840574547145 Y7.296747519899233 F300
G1 X12.240565555555557 Y7.301253333333338 F300
G1 X12.013789884858586 Y7.32104310163835 F300
G1 X11.788064183686828 Y7.3511956460776675 F300
G1 X11.56362109502805 Y7.391433694979659 F300
G1 X11.3407 Y7.441517777777786 F300
G1 X11.174195842004439 Y7.485454288149674 F300
G1 X11.009177519499143 Y7.534740281763309 F300
G1 X10.845964444444446 Y7.589684444444456 F300
G1 X10.774970658231867 Y7.619420277423855 F300
G1 X10.730995473251031 Y7.647498189300425 F300
G1 X10.708250955809257 Y7.670333185142819 F300
G1 X10.691417951276257 Y7.696663303781679 F300
G1 X10.67918156378601 Y7.7282032921810835 F300
G1 X10.66829154352335 Y7.78207365361538 F300
G1 X10.66110888888889 Y7.860335555555566 F300
G1 X10.644770887456243 Y8.20709269299429 F300
G1 X10.63991082379587 Y8.554157239137838 F300
G1 X10.645022222222222 Y8.901312222222234 F300
G1 X10.641094123386598 Y8.951953011455956 F300
G1 X10.628236658097071 Y8.99323948021191 F300
G1 X10.60857616857169 Y9.027004792192594 F300
G1 X10.58316263888889 Y9.054565503472235 F300
G1 X10.540414692873842 Y9.082905822722212 F300
G1 X10.491869343373255 Y9.09983832097122 F300
G1 X10.439070555555556 Y9.105623472222234 F300
G1 X10.386205928261726 Y9.099878150932922 F300
G1 X10.336663858307473 Y9.082974062910205 F300
G1 X10.292120972222225 Y9.054525815972234 F300
G1 X10.265050484201202 Y9.026820115437884 F300
G1 X10.243474064421358 Y8.992918798179439 F300
G1 X10.22837679298184 Y8.951638991347743 F300
G1 X10.22168888888889 Y8.901312222222234 F300
G1 X10.22168888888889 Y8.901312222222234 F300
G1 X10.22183 Y8.900888888888895 F300;svg#Layer_2 > g#Layer_2-2 > path
G0 X13.676935555555554 Y7.8637222222222265
G1 X13.527216666666668 Y6.823874444444444 F300
G1 X13.52255680124218 Y6.780586266846297 F300
G1 X13.523000972222222 Y6.740301388888887 F300
G1 X13.530642345353117 Y6.701149774122705 F300
G1 X13.548524444444444 Y6.660749999999999 F300
G1 X13.571698226416482 Y6.6290268680022875 F300
G1 X13.602481805555556 Y6.599966388888888 F300
G1 X13.637963099795957 Y6.577163417315875 F300
G1 X13.67496 Y6.56352444444444 F300
G1 X13.727212504784953 Y6.5583856050899945 F300
G1 X13.783254938271606 Y6.565646337448556 F300
G1 X13.819486265481405 Y6.577284898593929 F300
G1 X13.852915932375462 Y6.594018366372761 F300
G1 X13.882612839506171 Y6.615871440329214 F300
G1 X13.90711887705832 Y6.642674295669597 F300
G1 X13.925058339364945 Y6.674224417936427 F300
G1 X13.93531 Y6.711408888888885 F300
G1 X14.085028888888889 Y7.751256666666667 F300
G1 X14.089688754313382 Y7.794544844264816 F300
G1 X14.089244583333333 Y7.834829722222224 F300
G1 X14.08160321020244 Y7.873981336988406 F300
G1 X14.063721111111112 Y7.914381111111111 F300
G1 X14.040547329139073 Y7.946104243108825 F300
G1 X14.009763749999998 Y7.975164722222222 F300
G1 X13.974282455759596 Y7.997967693795235 F300
G1 X13.937285555555555 Y8.01160666666667 F300
G1 X13.885033050770605 Y8.016745506021117 F300
G1 X13.828990617283953 Y8.009484773662555 F300
G1 X13.792759290074152 Y7.997846212517182 F300
G1 X13.759329623180093 Y7.98111274473835 F300
G1 X13.729632716049384 Y7.959259670781899 F300
G1 X13.705126678497233 Y7.9324568154415145 F300
G1 X13.687187216190608 Y7.900906693174683 F300
G1 X13.676935555555556 Y7.8637222222222265 F300
G1 X13.676935555555556 Y7.8637222222222265 F300
G1 X13.676935555555554 Y7.8637222222222265 F300;svg#Layer_2 > g#Layer_2-2 > path
G0 X9.986315555555555 Y8.198437777777782
G1 X9.887150906767571 Y8.179045229593703 F300
G1 X9.787449017046013 Y8.167375037041907 F300
G1 X9.687428643332611 Y8.163234963816354 F300
G1 X9.587300370370372 Y8.166515308641982 F300
G1 X9.48762245889055 Y8.17713716067978 F300
G1 X9.389227252476074 Y8.194940168916371 F300
G1 X9.292345078628465 Y8.21983622937062 F300
G1 X9.197222222222223 Y8.251809135802477 F300
G1 X9.104761032038802 Y8.29062075140916 F300
G1 X9.015424159225917 Y8.336131810072573 F300
G1 X8.929451790898646 Y8.388351100236662 F300
G1 X8.847125555555555 Y8.447357777777784 F300
G1 X8.776230792548606 Y8.509422412240212 F300
G1 X8.709097719033089 Y8.580465114980544 F300
G1 X8.644183524305555 Y8.65838503472223 F300
G1 X8.455595138888889 Y8.898172500000008 F300
G1 X8.38829438830197 Y8.973232273664008 F300
G1 X8.317474638887463 Y9.040232031219011 F300
G1 X8.241474461805556 Y9.097161215277787 F300
G1 X8.180420191755944 Y9.131825187819015 F300
G1 X8.114453996798542 Y9.158929269469965 F300
G1 X8.042167535010584 Y9.177421303442584 F300
G1 X7.961935555555555 Y9.18579222222223 F300
G1 X7.891824337586992 Y9.183417574771346 F300
G1 X7.8235347270084015 Y9.17274454283948 F300
G1 X7.756603209876544 Y9.15496205761318 F300
G1 X7.658921572774535 Y9.117652932838036 F300
G1 X7.563876790123457 Y9.070948683127583 F300
G1 X7.382815555555554 Y8.966364444444451 F300
G1 X7.28310978557128 Y8.905059199021357 F300
G1 X7.1859754552793405 Y8.839547684975168 F300
G1 X7.09270875 Y8.768826527777783 F300
G1 X7.004819329034325 Y8.692046381456466 F300
G1 X6.923726826296878 Y8.60831855887606 F300
G1 X6.850544444444443 Y8.516361111111113 F300
G1 X6.797883096795464 Y8.432721064061939 F300
G1 X6.754633877573588 Y8.343465188864677 F300
G1 X6.721025427588176 Y8.24956692567246 F300
G1 X6.697512057613168 Y8.151918148148152 F300
G1 X6.684865834407507 Y8.0523218674095 F300
G1 X6.683662006454787 Y7.953696434203687 F300
G1 X6.694147209120123 Y7.856816625617104 F300
G1 X6.716886090534979 Y7.7624514814814844 F300
G1 X6.744065036667964 Y7.690342339082727 F300
G1 X6.779408208399796 Y7.621954720353614 F300
G1 X6.823439930727359 Y7.55748681746332 F300
G1 X6.8769498909803 Y7.497290613464855 F300
G1 X6.940996666666666 Y7.4419411111111184 F300
G1 X7.0044393960596665 Y7.399568262332864 F300
G1 X7.07032836766968 Y7.365434921278787 F300
G1 X7.138484030549622 Y7.338296370247924 F300
G1 X7.208790277777777 Y7.317057777777786 F300
G1 X7.305141920243996 Y7.296327744055322 F300
G1 X7.403652364694351 Y7.282247354701116 F300
G1 X7.503465555555556 Y7.272607777777787 F300
G1 X7.912157360447804 Y7.24509221062348 F300
G1 X8.321204444444446 Y7.221384444444453 F300
G1 X8.459129871437227 Y7.2126435509987274 F300
G1 X8.600957222222224 Y7.196936944444456 F300
G1 X8.693673642132014 Y7.177995082770501 F300
G1 X8.782071060074843 Y7.149282189939134 F300
G1 X8.865046666666668 Y7.1079311111111245 F300
G1 X8.903348563179916 Y7.080108171851735 F300
G1 X8.928463256925475 Y7.053325879858821 F300
G1 X8.943966007744352 Y7.02734988931078 F300
G1 X8.952321275720166 Y7.001637860082317 F300
G1 X8.954605596662836 Y6.9641239741247665 F300
G1 X8.947288560262262 Y6.924470368890007 F300
G1 X8.931536131687244 Y6.88186065843623 F300
G1 X8.899365058568826 Y6.819121951903094 F300
G1 X8.860954444444445 Y6.752613333333349 F300
G1 X8.816584633204887 Y6.672472601072188 F300
G1 X8.776460246913583 Y6.589781563786023 F300
G1 X8.74430291020166 Y6.504436031453776 F300
G1 X8.724045308641974 Y6.417134732510302 F300
G1 X8.718871362831681 Y6.3580358488705055 F300
G1 X8.721555464237753 Y6.2974367290559226 F300
G1 X8.73353111111111 Y6.234735555555569 F300
G1 X8.757350023268833 Y6.168492206262192 F300
G1 X8.790096998593414 Y6.108930804734868 F300
G1 X8.830646913580248 Y6.054881604938283 F300
G1 X8.877795157494045 Y6.005813585051614 F300
G1 X8.930328979697514 Y5.96128316302691 F300
G1 X8.987217530864198 Y5.920747654321 F300
G1 X9.077194916443617 Y5.867082315184051 F300
G1 X9.167871111111111 Y5.821138888888906 F300
G1 X9.268288967201407 Y5.777169989924203 F300
G1 X9.372328225228115 Y5.739303813065506 F300
G1 X9.479414512910626 Y5.70815918517036 F300
G1 X9.588983251028809 Y5.684423127572034 F300
G1 X9.699835103206931 Y5.668927666091434 F300
G1 X9.810374925839007 Y5.662396963006962 F300
G1 X9.92018249042237 Y5.665367448829922 F300
G1 X10.028847489711936 Y5.678501687242813 F300
G1 X10.135139019446214 Y5.702388871092436 F300
G1 X10.23846789543277 Y5.737676361766327 F300
G1 X10.338676513132564 Y5.7853393756280465 F300
G1 X10.435472222222224 Y5.846680000000013 F300
G1 X10.509887203289601 Y5.906356872373188 F300
G1 X10.57813844535449 Y5.972886942416895 F300
G1 X10.639883424874501 Y6.045724113990066 F300
G1 X10.694661975308646 Y6.124428477366271 F300
G1 X10.74157558322909 Y6.208046957338418 F300
G1 X10.779562075667002 Y6.294949651198502 F300
G1 X10.808261334074867 Y6.384722888428147 F300
G1 X10.827133950617286 Y6.4770285596707975 F300
G1 X10.8353927653501 Y6.570463157360759 F300
G1 X10.832475305850254 Y6.664296815299705 F300
G1 X10.81764909962785 Y6.758450896492688 F300
G1 X10.789802222222225 Y6.852802222222236 F300
G1 X10.747301947004589 Y6.9477235039655225 F300
G1 X10.695205448175386 Y7.031952448620342 F300
G1 X10.634601716222152 Y7.107102343475353 F300
G1 X10.566235185185189 Y7.174519876543226 F300
G1 X10.49081836942712 Y7.235154514437154 F300
G1 X10.40957085839545 Y7.28945571962406 F300
G1 X10.323322252721562 Y7.338179216490939 F300
G1 X10.232883703703706 Y7.3820316049382875 F300
G1 X10.046369558627894 Y7.456536044526448 F300
G1 X9.860585555555556 Y7.517858888888906 F300
G1 X9.614967349549158 Y7.5909928013923 F300
G1 X9.366052956411847 Y7.658396344389634 F300
G1 X9.11419771581969 Y7.7189475755922246 F300
G1 X8.859757613168728 Y7.7715034979424065 F300
G1 X8.603822642425456 Y7.814786529279246 F300
G1 X8.34717637641969 Y7.847648235424283 F300
G1 X8.090045751830306 Y7.869035923812901 F300
G1 X7.832651646090537 Y7.877859465020595 F300
G1 X7.626827061253444 Y7.875113730536736 F300
G1 X7.421559828980506 Y7.863041352771421 F300
G1 X7.216843252158101 Y7.841060929533655 F300
G1 X7.012674327226169 Y7.808542971857776 F300
G1 X6.809057777777778 Y7.76480333333335 F300
G1 X6.654242846283664 Y7.722747156340733 F300
G1 X6.501465157881124 Y7.6726666659339555 F300
G1 X6.351013784069044 Y7.61469521464466 F300
G1 X6.203191246437086 Y7.548927214358485 F300
G1 X6.058320534979426 Y7.475421028806601 F300
G1 X5.917512590827109 Y7.394664754418962 F300
G1 X5.781358871947824 Y7.306963498924752 F300
G1 X5.650141137679517 Y7.2124267536264215 F300
G1 X5.524163199493814 Y7.11112561543766 F300
G1 X5.403758353909467 Y7.003096008230468 F300
G1 X5.289519928970444 Y6.888578888592492 F300
G1 X5.182321516630897 Y6.768185221618026 F300
G1 X5.082432179069573 Y6.641936348224219 F300
G1 X4.990166170768662 Y6.509811888406208 F300
G1 X4.905892222222223 Y6.37175444444446 F300
G1 X4.836597510354619 Y6.240601252074854 F300
G1 X4.7748255690566985 Y6.104031514488655 F300
G1 X4.721337515444574 Y5.962681142197688 F300
G1 X4.676974722222224 Y5.817170138888903 F300
G1 X4.642874877672433 Y5.669160895127796 F300
G1 X4.619953906172445 Y5.520271852160542 F300
G1 X4.608868384571017 Y5.371005225316411 F300
G1 X4.610405555555556 Y5.2218400000000145 F300
G1 X4.620204515436588 Y5.117027437708738 F300
G1 X4.639242354643091 Y5.014037689277213 F300
G1 X4.669354722222223 Y4.914588194444458 F300
G1 X4.700249272586733 Y4.843753364424648 F300
G1 X4.738966078232214 Y4.777336859042428 F300
G1 X4.786590885248913 Y4.715726505057253 F300
G1 X4.84450888888889 Y4.659512222222235 F300
G1 X4.904970395076836 Y4.61574816722411 F300
G1 X4.968533279078773 Y4.581626678518308 F300
G1 X5.034977530864198 Y4.555445390946518 F300
G1 X5.139393980359203 Y4.528053578429006 F300
G1 X5.247835802469137 Y4.511272386831289 F300
G1 X5.465962222222223 Y4.4930011111111225 F300
G1 X5.8870056531256285 Y4.46361011037507 F300
G1 X6.309171666666668 Y4.446540277777791 F300
G1 X6.520278795052066 Y4.4454094702263625 F300
G1 X6.731116485267149 Y4.450692405027501 F300
G1 X6.941678511439702 Y4.463498871125447 F300
G1 X7.1519577777777785 Y4.484957777777787 F300
G1 X7.353742352558429 Y4.515676846939006 F300
G1 X7.548454217935761 Y4.556302062443389 F300
G1 X7.737313252892657 Y4.606340596518253 F300
G1 X7.921489583333335 Y4.665368333333341 F300
G1 X8.102764488510967 Y4.733286198961399 F300
G1 X8.282667500682434 Y4.8100857974992035 F300
G1 X8.462162498521304 Y4.895608734178455 F300
G1 X8.642232222222223 Y4.989712222222232 F300
G1 X8.772919776759853 Y5.056707871929419 F300
G1 X8.900864862355078 Y5.114367664716169 F300
G1 X9.027888888888889 Y5.164231388888899 F300
G1 X9.157135837293715 Y5.2081704487663645 F300
G1 X9.291680870393279 Y5.247717761873492 F300
G1 X9.433442222222222 Y5.283928888888895 F300
G1 X9.53077887919217 Y5.311773367908573 F300
G1 X9.61780619656372 Y5.345836301445249 F300
G1 X9.696551045612216 Y5.38588055119139 F300
G1 X9.768810416666668 Y5.4318133333333405 F300
G1 X9.858975588030598 Y5.503343922198185 F300
G1 X9.945729038372495 Y5.5883309592471715 F300
G1 X10.031894444444447 Y5.688071111111115 F300
G1 X10.111631529983663 Y5.777967707063564 F300
G1 X10.196183801102896 Y5.8568429609595025 F300
G1 X10.285187300185715 Y5.92503618587955 F300
G1 X10.378426748971197 Y5.982737242798357 F300
G1 X10.477519761428546 Y6.030680192820284 F300
G1 X10.5797496030933 Y6.067240777119249 F300
G1 X10.685139305994724 Y6.092375771162655 F300
G1 X10.793789917695475 Y6.105780905349797 F300
G1 X10.902544150546417 Y6.1070168215358995 F300
G1 X11.013726915312258 Y6.095965321055207 F300
G1 X11.127551849868007 Y6.071803439866139 F300
G1 X11.244180000000002 Y6.033370000000003 F300
G1 X11.300483333333336 Y6.44908333333334 F300
G1 X10.988695250609574 Y6.467281043061494 F300
G1 X10.66264530666667 Y6.474672986666676 F300
G1 X10.444228477929343 Y6.470695937669214 F300
G1 X10.226157507834989 Y6.4577591571961 F300
G1 X10.009946586666668 Y6.434242960000007 F300
G1 X9.84879390860067 Y6.4084593355004 F300
G1 X9.691291413805589 Y6.375214163059419 F300
G1 X9.537895941015666 Y6.333886041331645 F300
G1 X9.389062213333334 Y6.283820773333341 F300
G1 X9.243946372078371 Y6.223722456237155 F300
G1 X9.104996571000799 Y6.15354351673903 F300
G1 X8.972461397631122 Y6.072441084580217 F300
G1 X8.846667226666668 Y5.979433946666676 F300
G1 X8.753450675125954 Y5.89785067418772 F300
G1 X8.66485594187414 Y5.807707578895405 F300
G1 X8.581093603441865 Y5.708181567854782 F300
G1 X8.50247744029949 Y5.5983347898347215 F300
G1 X8.429436666666668 Y5.47711000000001 F300
G1 X8.363653104645307 Y5.346666168071262 F300
G1 X8.307063920979868 Y5.2123780882662905 F300
G1 X8.258815694444445 Y5.074696388888899 F300
G1 X8.218213487953468 Y4.9344071071906885 F300
G1 X8.184563254975124 Y4.792386135568642 F300
G1 X8.157092222222223 Y4.649211111111119 F300
G1 X8.122278033602857 Y4.444028948093368 F300
G1 X8.091405000000002 Y4.229035138888895 F300
G1 X8.07749447525159 Y4.084610934234672 F300
G1 X8.071936142191529 Y3.943065044789519 F300
G1 X8.076941111111115 Y3.805790000000011 F300
G1 X8.0906671040573 Y3.7156064279465877 F300
G1 X8.11495018220089 Y3.636283825143641 F300
G1 X8.148449412336362 Y3.566421962808235 F300
G1 X8.190385680964031 Y3.5048749792086857 F300
G1 X8.240471250000002 Y3.4508073611111234 F300
G1 X8.29820861735599 Y3.404167635420981 F300
G1 X8.363132475890916 Y3.3649834855667593 F300
G1 X8.435282224427716 Y3.3331635050844675 F300
G1 X8.514831928263145 Y3.3088798235542276 F300
G1 X8.602015555555557 Y3.2925688888889 F300
G1 X8.768361489950108 Y3.275118875829938 F300
G1 X8.936808948344312 Y3.265134411396822 F300
G1 X9.106734722222225 Y3.260342638888898 F300
G1 X9.61335888888889 Y3.2540455555555634 F300
G1 X10.71183458951104 Y3.2256668229512058 F300
G1 X11.810511805555558 Y3.2060854166666743 F300
G1 X12.543016694377094 Y3.200381513863888 F300
G1 X13.275503364639757 Y3.2022818460912865 F300
G1 X14.007982222222223 Y3.2132644444444534 F300
G1 X14.739405054292508 Y3.2347622050025038 F300
G1 X15.470241313137949 Y3.2682985171927106 F300
G1 X16.200284444444446 Y3.3152877777777894 F300
G1 X16.87850102880659 Y3.3664849794238823 F300
G1 X17.218904278962853 Y3.398285271415279 F300
G1 X17.557971934156384 Y3.4389742798354046 F300
G1 X17.78292589508404 Y3.4728657599166324 F300
G1 X18.0058786895353 Y3.513317933119443 F300
G1 X18.22649888888889 Y3.561385555555571 F300
G1 X18.37185900776522 Y3.598457419397882 F300
G1 X18.526825650927783 Y3.643938456073475 F300
G1 X18.688576041666668 Y3.6991232291666836 F300
G1 X18.846760865231417 Y3.7623674409071355 F300
G1 X19.001219045235505 Y3.835326518979665 F300
G1 X19.14901277777778 Y3.918855277777796 F300
G1 X19.25474148167676 Y3.9897727481093836 F300
G1 X19.35226118522347 Y4.066637156427815 F300
G1 X19.440737709468294 Y4.149852465287608 F300
G1 X19.519279513888893 Y4.2399227430555735 F300
G1 X19.574383056508236 Y4.317470374451419 F300
G1 X19.62164403880218 Y4.399749738149088 F300
G1 X19.660615300745434 Y4.487376236242614 F300
G1 X19.690646955422103 Y4.581072981416714 F300
G1 X19.71084666666667 Y4.681666666666685 F300
G1 X19.72119529153567 Y4.795662786742855 F300
G1 X19.71959781872079 Y4.902652256962408 F300
G1 X19.7074210016161 Y5.003531142907983 F300
G1 X19.68572693884214 Y5.0991311336049545 F300
G1 X19.65530401041667 Y5.190211267361128 F300
G1 X19.604713332575816 Y5.300829464319271 F300
G1 X19.54217967756793 Y5.4053792782691685 F300
G1 X19.468682904056823 Y5.504529631347632 F300
G1 X19.38503875 Y5.598835972222239 F300
G1 X19.294476794018458 Y5.686483970078409 F300
G1 X19.197064369499103 Y5.769123939924676 F300
G1 X19.093932740010906 Y5.84704120427679 F300
G1 X18.986212447916667 Y5.9204921354166835 F300
G1 X18.837920924598173 Y6.011596888632608 F300
G1 X18.68982178131106 Y6.093877882519839 F300
G1 X18.54498666666667 Y6.168131111111128 F300
G1 X18.497578647940223 Y6.185815834878508 F300
G1 X18.45366471323736 Y6.19212504321199 F300
G1 X18.412824497428876 Y6.189384541493834 F300
G1 X18.374603819444445 Y6.178950364583351 F300
G1 X18.32690346326727 Y6.1537249091156045 F300
G1 X18.28696495173229 Y6.118835643791883 F300
G1 X18.255285555555556 Y6.076038472222239 F300
G1 X18.233611615119784 Y6.0275723716506135 F300
G1 X18.22403066233236 Y5.977776289767094 F300
G1 X18.227407291666665 Y5.927803454861127 F300
G1 X18.238801146165514 Y5.893099835865618 F300
G1 X18.25855131836768 Y5.860391078755538 F300
G1 X18.288447471827627 Y5.829913667096077 F300
G1 X18.331344444444447 Y5.802653333333353 F300
G1 X18.486914751798498 Y5.724790536155255 F300
G1 X18.661445225694447 Y5.631031354166686 F300
G1 X18.776387362986814 Y5.562198634605492 F300
G1 X18.887871054486276 Y5.487015764228934 F300
G1 X18.992749861111115 Y5.404931666666687 F300
G1 X19.06626668748239 Y5.337377135786477 F300
G1 X19.131618693611447 Y5.266402006061457 F300
G1 X19.18794953347463 Y5.191652862111809 F300
G1 X19.234334288194447 Y5.1126861458333535 F300
G1 X19.263499114871596 Y5.046302095521073 F300
G1 X19.28495234494187 Y4.976827148766544 F300
G1 X19.29807421628813 Y4.903580811406834 F300
G1 X19.30194094440281 Y4.825794956724329 F300
G1 X19.295274444444452 Y4.742626666666687 F300
G1 X19.28158467991708 Y4.679866640032894 F300
G1 X19.260148979380325 Y4.621662570372713 F300
G1 X19.231841083804305 Y4.567322414668898 F300
G1 X19.19729106995886 Y4.51626353909467 F300
G1 X19.14325478027089 Y4.453481327486008 F300
G1 X19.081630216192455 Y4.396072032840503 F300
G1 X19.01404522633746 Y4.343491275720184 F300
G1 X18.906608402953413 Y4.273605035274945 F300
G1 X18.800256666666677 Y4.214588888888907 F300
G1 X18.676930023336176 Y4.15481930111646 F300
G1 X18.550636513548362 Y4.10227376677775 F300
G1 X18.42172611111112 Y4.0561740277777965 F300
G1 X18.224732031790737 Y3.9976328627770026 F300
G1 X18.02499222222223 Y3.94972333333335 F300
G1 X17.73648623950134 Y3.894412603564435 F300
G1 X17.44499456268743 Y3.8510227850190617 F300
G1 X17.15126750000001 Y3.816902500000016 F300
G1 X16.709444633300553 Y3.777406392490393 F300
G1 X16.26971111111112 Y3.743983333333346 F300
G1 X15.632440613568313 Y3.70098550512164 F300
G1 X14.994549773778168 Y3.6684946647409955 F300
G1 X14.356244444444451 Y3.6456288888889015 F300
G1 X13.728580433630608 Y3.6314686222305275 F300
G1 X13.100843994787109 Y3.624634704608659 F300
G1 X12.473046111111117 Y3.6241976388889015 F300
G1 X11.531361920529527 Y3.6335044441052897 F300
G1 X10.589847777777784 Y3.6519788888889035 F300
G1 X9.645885000000007 Y3.6639556944444576 F300
G1 X9.330078913589588 Y3.6708506193288075 F300
G1 X9.015763700447607 Y3.683777186190434 F300
G1 X8.703615555555563 Y3.7054600000000177 F300
G1 X8.632375547421598 Y3.713586816845127 F300
G1 X8.571341527777784 Y3.7308600000000176 F300
G1 X8.545937032830965 Y3.7455059429849795 F300
G1 X8.524831436240364 Y3.7655166315234503 F300
G1 X8.508288783345293 Y3.7930148251465288 F300
G1 X8.49759333333334 Y3.83119000000002 F300
G1 X8.491949898315946 Y3.922061017098379 F300
G1 X8.498492916666674 Y4.018515000000022 F300
G1 X8.522146666666675 Y4.205840000000016 F300
G1 X8.543640937663143 Y4.391590442540047 F300
G1 X8.572294027777785 Y4.576415416666682 F300
G1 X8.610225738448033 Y4.75942996679099 F300
G1 X8.659588888888896 Y4.939900000000016 F300
G1 X8.709471093260932 Y5.078893688320452 F300
G1 X8.766827666677226 Y5.203353853622024 F300
G1 X8.830824911673943 Y5.314914836545518 F300
G1 X8.900841756081919 Y5.415024514005015 F300
G1 X8.976453324444455 Y5.504949528888907 F300
G1 X9.061540418186377 Y5.589548815619598 F300
G1 X9.15217923998285 Y5.665016216823556 F300
G1 X9.2481319523226 Y5.732116670982151 F300
G1 X9.349242293851235 Y5.791506320608714 F300
G1 X9.45541717333334 Y5.8437426311111285 F300
G1 X9.592582635663641 Y5.898761800380884 F300
G1 X9.73604866258235 Y5.944091210405947 F300
G1 X9.885354769293478 Y5.980476119533825 F300
G1 X10.040038248888894 Y6.008610080000017 F300
G1 X10.247910750130915 Y6.033894265424659 F300
G1 X10.459789830145581 Y6.047705311421179 F300
G1 X10.673874364444451 Y6.051882648888908 F300
G1 X10.993779265444342 Y6.044176784771485 F300
G1 X11.300483333333338 Y6.02589111111113 F300
G1 X11.348523404619334 Y6.0270194837770035 F300
G1 X11.387695548134166 Y6.036198235343374 F300
G1 X11.41977532660444 Y6.0514727279052805 F300
G1 X11.446123229166673 Y6.071816163194464 F300
G1 X11.474390728657678 Y6.107480944343033 F300
G1 X11.49282084713266 Y6.149433275072908 F300
G1 X11.501778333333338 Y6.196759027777798 F300
G1 X11.500944352259562 Y6.245321490305601 F300
G1 X11.4907205513986 Y6.293604150954825 F300
G1 X11.47086177083334 Y6.340196267361133 F300
G1 X11.4421899822885 Y6.3813343652432835 F300
G1 X11.404567466899163 Y6.415687517484711 F300
G1 X11.356786666666672 Y6.441604444444468 F300
G1 X11.254122232721157 Y6.476861009879929 F300
G1 X11.149879293907587 Y6.503486120056791 F300
G1 X11.044328744701222 Y6.521744716648773 F300
G1 X10.937712958449042 Y6.531803413941392 F300
G1 X10.830265833333339 Y6.5337323611111335 F300
G1 X10.696240674216313 Y6.52478972170081 F300
G1 X10.563914057910605 Y6.503499726082042 F300
G1 X10.433809733303942 Y6.47000497945787 F300
G1 X10.306496666666673 Y6.424247777777802 F300
G1 X10.189520171408322 Y6.370090858760065 F300
G1 X10.078653822570299 Y6.306536192651406 F300
G1 X9.974051047747963 Y6.233120602982594 F300
G1 X9.875966666666674 Y6.149222222222245 F300
G1 X9.813181589775981 Y6.082264646116618 F300
G1 X9.75363378600824 Y6.007943868312781 F300
G1 X9.694954791886166 Y5.932282924701622 F300
G1 X9.633809547325109 Y5.860205761316898 F300
G1 X9.589629312664364 Y5.816119716104305 F300
G1 X9.54202921795811 Y5.77736079794237 F300
G1 X9.489745555555562 Y5.745080000000026 F300
G1 X9.400579147236297 Y5.707206021770289 F300
G1 X9.305355144032928 Y5.679656707818957 F300
G1 X9.108515596707825 Y5.639006255144059 F300
G1 X9.010650942135985 Y5.616938724364351 F300
G1 X8.917257777777785 Y5.588164444444468 F300
G1 X8.763545882680097 Y5.5248843868124435 F300
G1 X8.614045277777784 Y5.453068194444465 F300
G1 X8.32120444444445 Y5.296487777777799 F300
G1 X8.134712774703216 Y5.201654720427533 F300
G1 X7.946134049433126 Y5.11892012830703 F300
G1 X7.754678611111116 Y5.048220416666687 F300
G1 X7.608583800464508 Y5.003059320070115 F300
G1 X7.4597038266963285 Y4.964632580721634 F300
G1 X7.307634525517752 Y4.93304438716865 F300
G1 X7.151957777777785 Y4.908432222222244 F300
G1 X6.934693828056292 Y4.885128680911347 F300
G1 X6.716372898082915 Y4.872005107578634 F300
G1 X6.497237500000006 Y4.867492361111133 F300
G1 X6.168400476206001 Y4.873454347708162 F300
G1 X5.841035555555561 Y4.889946666666693 F300
G1 X5.55246333333334 Y4.905892222222248 F300
G1 X5.4077573456395065 Y4.917076739970402 F300
G1 X5.265161111111118 Y4.934114444444469 F300
G1 X5.211437608992977 Y4.945925500334467 F300
G1 X5.168853365891813 Y4.962590884188086 F300
G1 X5.13497444471233 Y4.983084770078576 F300
G1 X5.107879711934165 Y5.006870288065866 F300
G1 X5.078312252625189 Y5.0462165444354365 F300
G1 X5.057223962479231 Y5.0921875479557075 F300
G1 X5.043229917695481 Y5.145038971193437 F300
G1 X5.033667791637689 Y5.229388997928158 F300
G1 X5.032610000000008 Y5.324568888888912 F300
G1 X5.041058142815305 Y5.4620728447741325 F300
G1 X5.060766213160342 Y5.59623710058788 F300
G1 X5.091014803750402 Y5.727215016198597 F300
G1 X5.131226979695993 Y5.855138325358034 F300
G1 X5.180949135802477 Y5.9801031687243045 F300
G1 X5.239473230080432 Y6.101476425306532 F300
G1 X5.306075947311644 Y6.218792853232182 F300
G1 X5.380256264168304 Y6.331996209229431 F300
G1 X5.461568547324951 Y6.440998141235552 F300
G1 X5.549609753086427 Y6.545671275720189 F300
G1 X5.6677650250732405 Y6.66938342827215 F300
G1 X5.793172496457391 Y6.784105912331459 F300
G1 X5.924810814641235 Y6.889606130262857 F300
G1 X6.061733333333341 Y6.985587777777805 F300
G1 X6.203100701105329 Y7.071753729375723 F300
G1 X6.347495108938695 Y7.147774136076905 F300
G1 X6.494770390630217 Y7.214253592095032 F300
G1 X6.644813875213587 Y7.271727963866098 F300
G1 X6.79753893004116 Y7.32066917695476 F300
G1 X6.992184925434974 Y7.3704861159794595 F300
G1 X7.189745991704818 Y7.408125532343979 F300
G1 X7.389883063416457 Y7.434326959813141 F300
G1 X7.5922662551440405 Y7.449759711934181 F300
G1 X7.795224539733898 Y7.455031503875882 F300
G1 X7.998378050031585 Y7.450887029886399 F300
G1 X8.201242268773424 Y7.438023003110148 F300
G1 X8.403331111111118 Y7.4171055555555805 F300
G1 X8.625588563478345 Y7.385242096817438 F300
G1 X8.84664718851838 Y7.34492939635706 F300
G1 X9.066535694444452 Y7.297161111111135 F300
G1 X9.393643313623603 Y7.213830457229443 F300
G1 X9.716934444444451 Y7.119643333333358 F300
G1 X9.942725451388894 Y7.047489253472246 F300
G1 X10.064183267062814 Y6.999288790595449 F300
G1 X10.179496666666672 Y6.940238194444468 F300
G1 X10.250320656407727 Y6.892629506660095 F300
G1 X10.310534739997575 Y6.839536481427199 F300
G1 X10.358800381944452 Y6.780096927083359 F300
G1 X10.3861097194588 Y6.730861837193992 F300
G1 X10.404941788547962 Y6.676928261178446 F300
G1 X10.414248715201698 Y6.616941778827374 F300
G1 X10.412188888888897 Y6.54927222222225 F300
G1 X10.398360459733803 Y6.476592260649721 F300
G1 X10.376188246268828 Y6.411977381004267 F300
G1 X10.346817636704404 Y6.354401852677513 F300
G1 X10.311000488970436 Y6.3030203874794966 F300
G1 X10.269164938271615 Y6.2571931275720445 F300
G1 X10.20855048781563 Y6.207023194392494 F300
G1 X10.14097017554368 Y6.165757077741317 F300
G1 X10.067237633002557 Y6.133012594240226 F300
G1 X9.98804024691359 Y6.108702427983565 F300
G1 X9.906548622071124 Y6.093353743036804 F300
G1 X9.824091963612993 Y6.086660192851824 F300
G1 X9.741690014941492 Y6.088409795541429 F300
G1 X9.660348888888896 Y6.0985633333333595 F300
G1 X9.565123473521606 Y6.120170461316129 F300
G1 X9.471863510595457 Y6.150041708826544 F300
G1 X9.381513333333341 Y6.187181111111135 F300
G1 X9.305370823045275 Y6.220316090535006 F300
G1 X9.259813214874786 Y6.242167474823494 F300
G1 X9.216402880658443 Y6.266935020576159 F300
G1 X9.178723655672986 Y6.2956491148097555 F300
G1 X9.156158888888896 Y6.324058888888917 F300
G1 X9.146341584831221 Y6.358785172842612 F300
G1 X9.149212298174696 Y6.399039666169022 F300
G1 X9.163920000000008 Y6.445738477366284 F300
G1 X9.198515847925668 Y6.514291721431973 F300
G1 X9.242048518518525 Y6.583943744855995 F300
G1 X9.28553141433704 Y6.650849832295711 F300
G1 X9.314062222222228 Y6.701954444444471 F300
G1 X9.344089083017028 Y6.778693056730448 F300
G1 X9.364113228357837 Y6.85348768805917 F300
G1 X9.374874141131249 Y6.926329713404952 F300
G1 X9.376867119341572 Y6.997273868312787 F300
G1 X9.370016643869846 Y7.068396709266907 F300
G1 X9.354398663257442 Y7.136701166131 F300
G1 X9.33007868816564 Y7.202283552694175 F300
G1 X9.296836213991778 Y7.265155020576161 F300
G1 X9.256134596447493 Y7.322767431916844 F300
G1 X9.206679601825261 Y7.376956604297786 F300
G1 X9.147785740928331 Y7.427471307211015 F300
G1 X9.078547777777786 Y7.473832222222254 F300
G1 X8.995443288228886 Y7.5174944650511 F300
G1 X8.909217851323287 Y7.553085945837877 F300
G1 X8.820109923913375 Y7.581628286470448 F300
G1 X8.728325679012356 Y7.604056872428014 F300
G1 X8.60385829698119 Y7.625718572995454 F300
G1 X8.477174812013363 Y7.640103488468217 F300
G1 X8.349316913580255 Y7.649301275720196 F300
G1 X7.97407111111112 Y7.666731111111144 F300
G1 X7.746767242798363 Y7.673457407407443 F300
G1 X7.628851992111021 Y7.677055965420703 F300
G1 X7.512000164609061 Y7.685545925925963 F300
G1 X7.434970336587144 Y7.695825943957106 F300
G1 X7.361171087621575 Y7.710832147388173 F300
G1 X7.2910933333333405 Y7.731501111111146 F300
G1 X7.243767324234369 Y7.75232837668765 F300
G1 X7.205085971664821 Y7.777628023307574 F300
G1 X7.173691295994974 Y7.8066692490868945 F300
G1 X7.148571111111119 Y7.839106172839541 F300
G1 X7.123402814378064 Y7.888499683376868 F300
G1 X7.108382575697769 Y7.942560934499525 F300
G1 X7.103039259259266 Y8.000991975308676 F300
G1 X7.107021299024632 Y8.059989861071973 F300
G1 X7.119762839739564 Y8.120147464498954 F300
G1 X7.14123333333334 Y8.18065777777781 F300
G1 X7.17398803163996 Y8.24414270363796 F300
G1 X7.214527842686505 Y8.302518555149657 F300
G1 X7.26173064153234 Y8.356536198245424 F300
G1 X7.314605972222229 Y8.406841250000031 F300
G1 X7.430461289088489 Y8.496359051205403 F300
G1 X7.549467777777784 Y8.57322888888892 F300
G1 X7.726609259259267 Y8.68467530864201 F300
G1 X7.789448950783369 Y8.716762897558159 F300
G1 X7.850715718491966 Y8.739188610073843 F300
G1 X7.910618148148155 Y8.749555061728428 F300
G1 X7.954440912527316 Y8.747947226268014 F300
G1 X7.998147713973584 Y8.736901841682077 F300
G1 X8.042704473403855 Y8.714062981664576 F300
G1 X8.088794444444451 Y8.675675555555586 F300
G1 X8.178355584303771 Y8.572463081894128 F300
G1 X8.260385555555564 Y8.462615416666699 F300
G1 X8.34278096498728 Y8.352973616957325 F300
G1 X8.433670000000008 Y8.250084444444472 F300
G1 X8.542239815850872 Y8.151215747744898 F300
G1 X8.659835833333341 Y8.061489444444472 F300
G1 X8.74243268985273 Y8.007395312534983 F300
G1 X8.827594141093238 Y7.958426303771873 F300
G1 X8.915000000000008 Y7.914804444444475 F300
G1 X9.057781495167287 Y7.855616427601297 F300
G1 X9.202307578978157 Y7.8088873878989 F300
G1 X9.34853053622649 Y7.774456863961796 F300
G1 X9.496448333333339 Y7.752315000000031 F300
G1 X9.61573642870361 Y7.743554959750849 F300
G1 X9.735566894683798 Y7.742849318282612 F300
G1 X9.855974087765397 Y7.75030357256558 F300
G1 X9.976990715167975 Y7.766097334017388 F300
G1 X10.098640000000007 Y7.79048555555559 F300
G1 X10.146510320175885 Y7.8072757086024644 F300
G1 X10.18294886998834 Y7.830272174235678 F300
G1 X10.210314031596532 Y7.857887714741486 F300
G1 X10.23017098958334 Y7.889455156250034 F300
G1 X10.24618974659219 Y7.937919275574648 F300
G1 X10.249673424339052 Y7.98908312928223 F300
G1 X10.241250416666672 Y8.041539861111143 F300
G1 X10.221690325788213 Y8.09101982084406 F300
G1 X10.192212566540634 Y8.134473017438665 F300
G1 X10.152872968750007 Y8.170156024305587 F300
G1 X10.118885457739452 Y8.189158070790466 F300
G1 X10.08036361321893 Y8.201258055191031 F300
G1 X10.036441175893854 Y8.205203466033195 F300
G1 X9.98603333333334 Y8.19872000000003 F300
G1 X9.98603333333334 Y8.19872000000003 F300
G1 X9.986315555555555 Y8.198437777777782 F300;svg#Layer_2 > g#Layer_2-2 > path
G0 X7.368986666666666 Y17.77127444444445
G1 X7.580630586760294 Y17.664102628670953 F300
G1 X7.785256823428898 Y17.54762414548458 F300
G1 X7.982877055265418 Y17.42207625659009 F300
G1 X8.173478669277817 Y17.28764925509413 F300
G1 X8.357020534979425 Y17.144490246913588 F300
G1 X8.533728281558886 Y16.99243671813988 F300
G1 X8.702494600926467 Y16.832470980333447 F300
G1 X8.863264083405362 Y16.664732829553557 F300
G1 X9.015947570125228 Y16.489325870093975 F300
G1 X9.160418353909463 Y16.306321604938276 F300
G1 X9.295748796299707 Y16.116883221801483 F300
G1 X9.422101732242435 Y15.920790989141683 F300
G1 X9.539341754611804 Y15.7181065069739 F300
G1 X9.647290076802587 Y15.508865274085677 F300
G1 X9.745721111111111 Y15.293081111111114 F300
G1 X9.765211657974692 Y15.25929386646258 F300
G1 X9.790161741818372 Y15.23302757603615 F300
G1 X9.819651548759069 Y15.213173259548004 F300
G1 X9.853268683127574 Y15.199195185185193 F300
G1 X9.901659010544426 Y15.190019602045531 F300
G1 X9.951321353378676 Y15.19122625994522 F300
G1 X10.00045279835391 Y15.202581851851859 F300
G1 X10.045638238323185 Y15.22385766426552 F300
G1 X10.08305887284956 Y15.253894625290737 F300
G1 X10.11119888888889 Y15.293081111111114 F300
G1 X10.385147767469325 Y15.835852725798942 F300
G1 X10.650480919403217 Y16.382607711358748 F300
G1 X10.90728323971344 Y16.93329595995388 F300
G1 X11.15563577316242 Y17.487869255829537 F300
G1 X11.395615757212628 Y18.046281122082416 F300
G1 X11.627296666666666 Y18.60848666666667 F300
G1 X11.273531111111113 Y18.515071111111116 F300
G1 X11.405027445706557 Y18.38797848370189 F300
G1 X11.52471089774767 Y18.253346657926535 F300
G1 X11.634071416099962 Y18.111869241828913 F300
G1 X11.734494074074076 Y17.964157654320996 F300
G1 X11.856521797039072 Y17.758836899146935 F300
G1 X11.967354528822742 Y17.54585002292748 F300
G1 X12.06968 Y17.327072345679014 F300
G1 X12.212370244538665 Y16.99392399961682 F300
G1 X12.349644444444447 Y16.662141111111115 F300
G1 X12.44528423343559 Y16.43864334805061 F300
G1 X12.545667527054263 Y16.218357543556255 F300
G1 X12.652855637860089 Y16.00288567901235 F300
G1 X12.739403797746743 Y15.844603448872526 F300
G1 X12.831691868692836 Y15.690921963722136 F300
G1 X12.930647681865073 Y15.542374955653132 F300
G1 X13.037221399176959 Y15.399510246913584 F300
G1 X13.151687265020945 Y15.263684979291689 F300
G1 X13.275786698894471 Y15.134499911713336 F300
G1 X13.4107982750227 Y15.01244398863691 F300
G1 X13.558120000000004 Y14.898111111111115 F300
G1 X13.599012420150085 Y14.876315802457624 F300
G1 X13.640335605511307 Y14.866765164844375 F300
G1 X13.681989423868318 Y14.867422057613176 F300
G1 X13.723135072926777 Y14.87726438480891 F300
G1 X13.761915410735044 Y14.89509215903516 F300
G1 X13.797611687242803 Y14.920145349794243 F300
G1 X13.828362137114706 Y14.951088852473331 F300
G1 X13.852416926431687 Y14.986111797466677 F300
G1 X13.868987777777782 Y15.024546666666666 F300
G1 X14.033493035278461 Y15.531953830197645 F300
G1 X14.209302688839163 Y16.034987861277553 F300
G1 X14.396476009202447 Y16.533617112598485 F300
G1 X14.59508391754241 Y17.02780595732546 F300
G1 X14.805209007495048 Y17.517514229115694 F300
G1 X15.02694555555556 Y18.002696666666665 F300
G1 X15.043648047276312 Y18.05033741042667 F300
G1 X15.049197572148262 Y18.09452488664956 F300
G1 X15.045833153844347 Y18.13565612763863 F300
G1 X15.03486762152778 Y18.17415107638889 F300
G1 X15.009077457367432 Y18.22212573919038 F300
G1 X14.973867333094566 Y18.262198303133474 F300
G1 X14.931042916666671 Y18.293879444444443 F300
G1 X14.882602436067863 Y18.31556035308708 F300
G1 X14.8331455148845 Y18.32500623357918 F300
G1 X14.78380008680556 Y18.321426979166667 F300
G1 X14.749668268984253 Y18.309862679180846 F300
G1 X14.717613804105298 Y18.28990820047934 F300
G1 X14.687871972282196 Y18.259716505043084 F300
G1 X14.661467777777782 Y18.216338888888888 F300
G1 X14.431982508687746 Y17.714693019971413 F300
G1 X14.21412945457098 Y17.208370825644792 F300
G1 X14.007992557366473 Y16.69741780760818 F300
G1 X13.813667327466865 Y16.181874206933387 F300
G1 X13.631261294214468 Y15.661775572371143 F300
G1 X13.460894444444447 Y15.137153333333336 F300
G1 X13.771762222222227 Y15.263588888888888 F300
G1 X13.660625803636801 Y15.349688944794469 F300
G1 X13.557509717999752 Y15.442312301804034 F300
G1 X13.461617203380056 Y15.540957161270828 F300
G1 X13.372213748255467 Y15.645184341679364 F300
G1 X13.288618683127579 Y15.754603292181072 F300
G1 X13.191820962916522 Y15.897363249955914 F300
G1 X13.102438791123088 Y16.04596493448846 F300
G1 X13.01941938728545 Y16.199382499612042 F300
G1 X12.941725761316878 Y16.35659374485597 F300
G1 X12.798986316285662 Y16.676369687640886 F300
G1 X12.667426666666673 Y16.992764444444443 F300
G1 X12.529889855328973 Y17.322129385538222 F300
G1 X12.383610411522639 Y17.649699382716047 F300
G1 X12.277772830122329 Y17.863964386943213 F300
G1 X12.1631465184681 Y18.072252718340504 F300
G1 X12.037548477366261 Y18.273049876543208 F300
G1 X11.934996993087074 Y18.417562343134392 F300
G1 X11.82412863728985 Y18.55630636752835 F300
G1 X11.703810432986701 Y18.688767972707822 F300
G1 X11.572827777777785 Y18.814367777777772 F300
G1 X11.527263770189702 Y18.847090397168436 F300
G1 X11.482195252560022 Y18.86617013047482 F300
G1 X11.437773991769555 Y18.874000288065844 F300
G1 X11.39259755286374 Y18.871512907855106 F300
G1 X11.349694038382712 Y18.85907534496258 F300
G1 X11.309242674897124 Y18.83695600823045 F300
G1 X11.274028549971984 Y18.80689449054824 F300
G1 X11.243620982507363 Y18.768425842002085 F300
G1 X11.21906222222223 Y18.72095222222222 F300
G1 X10.99418598207194 Y18.17578087659989 F300
G1 X10.7609031677512 Y17.634410668588053 F300
G1 X10.519317382183178 Y17.096829468602476 F300
G1 X10.269528358804314 Y16.563026759742204 F300
G1 X10.011632115655235 Y16.03299372493472 F300
G1 X9.745721111111118 Y15.506723333333332 F300
G1 X10.111198888888895 Y15.506723333333332 F300
G1 X10.007476742869542 Y15.733619589447606 F300
G1 X9.893020178508156 Y15.954405075269204 F300
G1 X9.768126449952998 Y16.16897247228407 F300
G1 X9.633042235102009 Y16.377190032719227 F300
G1 X9.487968600823054 Y16.57889600823045 F300
G1 X9.333376430066362 Y16.773521176463134 F300
G1 X9.169994301166014 Y16.960272817954607 F300
G1 X8.998054297417067 Y17.13899345433194 F300
G1 X8.81774962415174 Y17.30949304739928 F300
G1 X8.62923954732511 Y17.471543991769543 F300
G1 X8.433305105744157 Y17.624393297873578 F300
G1 X8.230509040600303 Y17.767558947451988 F300
G1 X8.02102009232509 Y17.900843011795917 F300
G1 X7.804975772612408 Y18.02400406858412 F300
G1 X7.582487777777784 Y18.13675222222222 F300
G1 X7.534903043318642 Y18.153665394811362 F300
G1 X7.4907775360783955 Y18.159377041223262 F300
G1 X7.449709373756638 Y18.15614452351052 F300
G1 X7.411271493055562 Y18.145289444444444 F300
G1 X7.363354396846262 Y18.119615197732724 F300
G1 X7.323307306901376 Y18.08446786692255 F300
G1 X7.291622500000006 Y18.041643333333333 F300
G1 X7.269938908216777 Y17.99319164017507 F300
G1 X7.260461383424908 Y17.94365980013049 F300
G1 X7.2639955902777835 Y17.89418222222222 F300
G1 X7.275523456987861 Y17.859930502150647 F300
G1 X7.295435187294805 Y17.827741455220174 F300
G1 X7.325565948616468 Y17.79785042849189 F300
G1 X7.368845555555562 Y17.771274444444444 F300
G1 X7.368845555555562 Y17.771274444444444 F300
G1 X7.368986666666666 Y17.77127444444445 F300;svg#Layer_2 > g#Layer_2-2 > path
G0 X8.061136666666666 Y18.290140000000005
G1 X9.214014444444445 Y20.083944444444445 F300
G1 X8.819608888888888 Y20.190765555555558 F300
G1 X8.897078888888888 Y18.202933333333338 F300
G1 X8.907651197916666 Y17.848605538194448 F300
G1 X8.916376300302291 Y17.720915635766946 F300
G1 X8.931387829232284 Y17.594014327087148 F300
G1 X8.954881527777777 Y17.470584305555562 F300
G1 X8.980061139132761 Y17.379859450646943 F300
G1 X9.011941957393548 Y17.29542329558059 F300
G1 X9.051335928454863 Y17.217819529234287 F300
G1 X9.099187482638888 Y17.14762286458334 F300
G1 X9.143771444520937 Y17.09779061789034 F300
G1 X9.19496479612501 Y17.05349225997503 F300
G1 X9.253903418850946 Y17.015028939698972 F300
G1 X9.32200570683979 Y16.983022357671015 F300
G1 X9.400986666666666 Y16.95847444444445 F300
G1 X9.44250373756103 Y16.952661937235124 F300
G1 X9.483576565656268 Y16.95455054796763 F300
G1 X9.52350463299014 Y16.96361146086902 F300
G1 X9.561535833333334 Y16.979764583333342 F300
G1 X9.595588368929436 Y17.002457254972374 F300
G1 X9.62409216963444 Y17.03090864158849 F300
G1 X9.646423024930428 Y17.065319535658244 F300
G1 X9.661336666666665 Y17.106358888888895 F300
G1 X10.017218888888888 Y18.608063333333337 F300
G1 X9.608984444444442 Y18.608063333333337 F300
G1 X9.94878 Y16.864776666666675 F300
G1 X9.960220246905182 Y16.82873227157148 F300
G1 X9.978582838653095 Y16.797309834031488 F300
G1 X10.002982345679012 Y16.77008588477367 F300
G1 X10.0321971073425 Y16.74754591836389 F300
G1 X10.064904444425132 Y16.7300976771097 F300
G1 X10.100364691358024 Y16.717885226337458 F300
G1 X10.137273829164823 Y16.711401119216664 F300
G1 X10.173750890081488 Y16.711008560250605 F300
G1 X10.209129999999998 Y16.71689222222223 F300
G1 X10.285577780677109 Y16.74345938946953 F300
G1 X10.35191535012355 Y16.77847172450669 F300
G1 X10.410019958847736 Y16.82085452674898 F300
G1 X10.46221764580417 Y16.870868765041422 F300
G1 X10.508395868830016 Y16.927113187691226 F300
G1 X10.54944818930041 Y16.98903806584363 F300
G1 X10.60178688252991 Y17.08862930152798 F300
G1 X10.646292222222222 Y17.19554111111112 F300
G1 X10.720920027590251 Y17.40167176922908 F300
G1 X10.791689583333332 Y17.609596388888896 F300
G1 X10.93063111111111 Y18.025980000000004 F300
G1 X11.534868888888887 Y19.794948888888896 F300
G1 X11.224001111111109 Y19.66851333333334 F300
G1 X11.284067698797239 Y19.623709568614423 F300
G1 X11.334147255595916 Y19.572567643037267 F300
G1 X11.37585711425393 Y19.515736208529667 F300
G1 X11.41048205761317 Y19.453590658436223 F300
G1 X11.446694869130578 Y19.364786290932905 F300
G1 X11.473747491677608 Y19.270288130344664 F300
G1 X11.4936383127572 Y19.171812674897126 F300
G1 X11.514171278059724 Y19.022876569137274 F300
G1 X11.529506666666665 Y18.882947777777783 F300
G1 X11.549036307758985 Y18.715135662010944 F300
G1 X11.572785967078191 Y18.54711901234569 F300
G1 X11.593144015998583 Y18.43597063787879 F300
G1 X11.618561128498465 Y18.32658158902176 F300
G1 X11.650339588477364 Y18.21938061728396 F300
G1 X11.689703725036232 Y18.115051637564832 F300
G1 X11.738117495973214 Y18.013724662408148 F300
G1 X11.79719444444444 Y17.91563111111112 F300
G1 X11.827888536847956 Y17.880028741573067 F300
G1 X11.86657491612328 Y17.850843573117665 F300
G1 X11.911828930041148 Y17.82876938271606 F300
G1 X11.960347497052238 Y17.815577839310937 F300
G1 X12.008659075993677 Y17.812277656285808 F300
G1 X12.055375514403288 Y17.819518765432107 F300
G1 X12.087532011460777 Y17.83226421985608 F300
G1 X12.116435563229189 Y17.851651470541285 F300
G1 X12.14179048775136 Y17.878811627256987 F300
G1 X12.162672222222218 Y17.91563111111112 F300
G1 X12.302854900197534 Y18.256019447345068 F300
G1 X12.433260113675674 Y18.599885222244282 F300
G1 X12.553126666666662 Y18.948000000000008 F300
G1 X12.144892222222218 Y18.948000000000008 F300
G1 X12.172510661603413 Y18.759608314857847 F300
G1 X12.190822118142933 Y18.570896659229515 F300
G1 X12.199946224767443 Y18.381948567080727 F300
G1 X12.19996083333333 Y18.192843888888895 F300
G1 X12.19092235558421 Y18.003937499461003 F300
G1 X12.17290229047666 Y17.815612285853156 F300
G1 X12.145940273484477 Y17.627959207442153 F300
G1 X12.110037777777773 Y17.44107444444445 F300
G1 X12.105459031335442 Y17.39881309406672 F300
G1 X12.109256411135151 Y17.3576846526759 F300
G1 X12.120425179428603 Y17.318066526335414 F300
G1 X12.138453374485595 Y17.280416831275733 F300
G1 X12.171774670342792 Y17.235823366406127 F300
G1 X12.212670806380466 Y17.201138692861612 F300
G1 X12.260033662551436 Y17.177740205761328 F300
G1 X12.29777292321798 Y17.16931283638232 F300
G1 X12.336934706351048 Y17.16945393555929 F300
G1 X12.377901648198078 Y17.179500871084795 F300
G1 X12.420905555555551 Y17.202032222222233 F300
G1 X13.700218888888884 Y18.073816666666676 F300
G1 X13.389351111111106 Y18.20025222222223 F300
G1 X13.640387777777773 Y16.488010000000003 F300
G1 X13.650475276018149 Y16.451056170683973 F300
G1 X13.667881728994523 Y16.4194502863515 F300
G1 X13.691482669947591 Y16.392513004816223 F300
G1 X13.720753168724276 Y16.369967942386836 F300
G1 X13.765573649843686 Y16.348120489535173 F300
G1 X13.814178307380129 Y16.336008390702112 F300
G1 X13.86468127572016 Y16.333989835390952 F300
G1 X13.913776678308949 Y16.342889843182473 F300
G1 X13.95737354701453 Y16.362737096164242 F300
G1 X13.994153333333328 Y16.394594444444447 F300
G1 X14.16996697515569 Y16.610805090529315 F300
G1 X14.336269584831008 Y16.832938732297674 F300
G1 X14.493040915291186 Y17.06085544199965 F300
G1 X14.640234190255494 Y17.294437671499892 F300
G1 X14.777774073326169 Y17.5335875578925 F300
G1 X14.905554722222217 Y17.77822416666667 F300
G1 X15.023241241669568 Y18.027840311648493 F300
G1 X15.130540907521425 Y18.281917040230372 F300
G1 X15.22736277522949 Y18.540380436420037 F300
G1 X15.313581468640358 Y18.803171636349777 F300
G1 X15.389035289542903 Y19.07024377339181 F300
G1 X15.45352444444444 Y19.34155888888889 F300
G1 X15.459021451980059 Y19.391879979698697 F300
G1 X15.454302755444807 Y19.435856800401424 F300
G1 X15.441552971167408 Y19.47451822424538 F300
G1 X15.421983906249997 Y19.50867633680556 F300
G1 X15.38570788199719 Y19.54819402921911 F300
G1 X15.341924230461016 Y19.57778740589523 F300
G1 X15.29242847222222 Y19.597410972222228 F300
G1 X15.239996603486583 Y19.60590760151322 F300
G1 X15.18918698862544 Y19.602419490890092 F300
G1 X15.14136241319444 Y19.586371232638893 F300
G1 X15.110385376666104 Y19.566482140548242 F300
G1 X15.083433428695203 Y19.53904387742789 F300
G1 X15.061185653320846 Y19.502423409502292 F300
G1 X15.045289999999994 Y19.45416555555556 F300
G1 X14.98537550190904 Y19.200904691245157 F300
G1 X14.915651915969669 Y18.951236202945687 F300
G1 X14.83621053012646 Y18.70526751313902 F300
G1 X14.74711105822011 Y18.463112844676388 F300
G1 X14.648382488763762 Y18.224896337709538 F300
G1 X14.540024027777772 Y17.990755138888893 F300
G1 X14.422226486840497 Y17.76125093884562 F300
G1 X14.295217109566146 Y17.53692268238092 F300
G1 X14.159001406655808 Y17.317889917059162 F300
G1 X14.013554012996984 Y17.104289041624646 F300
G1 X13.858819879087827 Y16.896276552350564 F300
G1 X13.69471555555555 Y16.694032222222226 F300
G1 X14.048481111111107 Y16.600616666666667 F300
G1 X13.797444444444443 Y18.31285888888889 F300
G1 X13.785010522512993 Y18.354342572069445 F300
G1 X13.762490297528288 Y18.389796160551423 F300
G1 X13.731242427983538 Y18.419768847736627 F300
G1 X13.693886324422397 Y18.442943470391665 F300
G1 X13.652621519538217 Y18.458842678639666 F300
G1 X13.608846831275718 Y18.467098559670777 F300
G1 X13.564639384053837 Y18.466876606559683 F300
G1 X13.523566574415096 Y18.45777494375026 F300
G1 X13.486576666666664 Y18.439294444444442 F300
G1 X12.20726333333333 Y17.56751 F300
G1 X12.518131111111108 Y17.32846777777778 F300
G1 X12.55958301378782 Y17.54488343669405 F300
G1 X12.590186384839155 Y17.7609501046779 F300
G1 X12.610125571710322 Y17.97685049681825 F300
G1 X12.619537052599984 Y18.192771745684666 F300
G1 X12.618509789749197 Y18.408903679691644 F300
G1 X12.607085786536823 Y18.625437072883685 F300
G1 X12.58526085007908 Y18.84256189059603 F300
G1 X12.552985555555551 Y19.060465555555556 F300
G1 X12.537181368301567 Y19.11225304232328 F300
G1 X12.51271173100851 Y19.150682881988597 F300
G1 X12.481578923611107 Y19.178833524305553 F300
G1 X12.443714559038519 Y19.19855202391617 F300
G1 X12.401898106266781 Y19.20917916664309 F300
G1 X12.356911666666662 Y19.211119305555556 F300
G1 X12.312053535199201 Y19.20461622918543 F300
G1 X12.268760537438652 Y19.190232519275646 F300
G1 X12.228222743055552 Y19.168078211805554 F300
G1 X12.19296068250717 Y19.13886861409049 F300
G1 X12.164714780043738 Y19.103173676114487 F300
G1 X12.144751111111107 Y19.060465555555556 F300
G1 X12.03788429926626 Y18.746676771811927 F300
G1 X11.922262437985067 Y18.436186973147954 F300
G1 X11.79705333333333 Y18.129273333333334 F300
G1 X12.16253111111111 Y18.129273333333334 F300
G1 X12.10832101270887 Y18.21992403360979 F300
G1 X12.064358664552255 Y18.31400244809374 F300
G1 X12.029037244095148 Y18.41126650112853 F300
G1 X12.000890026666667 Y18.511530915555557 F300
G1 X11.972413449232581 Y18.64811414458983 F300
G1 X11.951170960660649 Y18.7876908909766 F300
G1 X11.934001102222222 Y18.929070791111112 F300
G1 X11.908968698635798 Y19.14067126252735 F300
G1 X11.875429831111108 Y19.345953653333332 F300
G1 X11.851795280996098 Y19.446466513342735 F300
G1 X11.82205061115538 Y19.543496456451905 F300
G1 X11.784842192466133 Y19.636834085200377 F300
G1 X11.738741706666666 Y19.726240195555558 F300
G1 X11.695900497323999 Y19.7926701243372 F300
G1 X11.645673789468534 Y19.85678106704951 F300
G1 X11.586849910684485 Y19.91851344501665 F300
G1 X11.518009646543279 Y19.977688244497553 F300
G1 X11.43750222222222 Y20.033991111111114 F300
G1 X11.395026720909481 Y20.05434360268628 F300
G1 X11.35324599200352 Y20.06339389966317 F300
G1 X11.312158971193414 Y20.06295547325103 F300
G1 X11.27171091524623 Y20.053795713587498 F300
G1 X11.23385547811212 Y20.03685167286992 F300
G1 X11.199013991769545 Y20.012646748971196 F300
G1 X11.169003151864612 Y19.98256083314105 F300
G1 X11.144621959595003 Y19.947432109996267 F300
G1 X11.126634444444443 Y19.907555555555557 F300
G1 X10.61186111111111 Y18.400630000000003 F300
G1 X10.36562222222222 Y17.679975555555558 F300
G1 X10.327484739583332 Y17.54311541666667 F300
G1 X10.304109118509647 Y17.45824292342063 F300
G1 X10.275681527777776 Y17.368896111111116 F300
G1 X10.241192576749057 Y17.283063525408373 F300
G1 X10.20157394097222 Y17.21150430555556 F300
G1 X10.16895362676695 Y17.170612291840477 F300
G1 X10.13421885227655 Y17.141857387743514 F300
G1 X10.096523333333332 Y17.12512666666667 F300
G1 X10.356873333333333 Y16.977242222222227 F300
G1 X10.017077777777775 Y18.72052888888889 F300
G1 X10.00082204463667 Y18.769042652541046 F300
G1 X9.975505917884732 Y18.806635275270764 F300
G1 X9.94289302083333 Y18.83538451388889 F300
G1 X9.903849586649489 Y18.856079412923915 F300
G1 X9.861006530670982 Y18.86817788547007 F300
G1 X9.815394722222223 Y18.871870555555557 F300
G1 X9.769812230457752 Y18.867035423738216 F300
G1 X9.726526094645145 Y18.853997749323533 F300
G1 X9.686679340277777 Y18.83268576388889 F300
G1 X9.652861553387192 Y18.803658712061534 F300
G1 X9.626398314751047 Y18.766744416634545 F300
G1 X9.608843333333333 Y18.72052888888889 F300
G1 X9.25296111111111 Y17.218824444444447 F300
G1 X9.51331111111111 Y17.36670888888889 F300
G1 X9.4784170059588 Y17.379440489423995 F300
G1 X9.44924950506074 Y17.398516575742885 F300
G1 X9.424632525908006 Y17.423173451882334 F300
G1 X9.403761851851852 Y17.453115925925932 F300
G1 X9.38223770088879 Y17.49784789650704 F300
G1 X9.366115872217014 Y17.54759547781107 F300
G1 X9.354514074074073 Y17.600577037037038 F300
G1 X9.343825759266574 Y17.68029188433192 F300
G1 X9.338474444444442 Y17.748132222222228 F300
G1 X9.327485370422648 Y17.94721631271565 F300
G1 X9.319865416666666 Y18.146753472222223 F300
G1 X9.306865555555556 Y18.545692222222222 F300
G1 X9.24280111111111 Y20.190765555555554 F300
G1 X9.234909657420827 Y20.24294490421236 F300
G1 X9.21768172375931 Y20.286514918754545 F300
G1 X9.19313366060492 Y20.322712843127835 F300
G1 X9.162278930041152 Y20.352295967078188 F300
G1 X9.125326386925382 Y20.375434015822673 F300
G1 X9.085406717193237 Y20.39048663469615 F300
G1 X9.043308589944914 Y20.397561171606448 F300
G1 X8.999661440329216 Y20.39617106995885 F300
G1 X8.958015999547474 Y20.386163737326576 F300
G1 X8.918484392634916 Y20.367303359695953 F300
G1 X8.881571554423257 Y20.33845648394548 F300
G1 X8.848395555555554 Y20.297586666666664 F300
G1 X7.695517777777777 Y18.503782222222224 F300
G1 X7.672648625275259 Y18.458281743666966 F300
G1 X7.662405406214224 Y18.416398926689038 F300
G1 X7.661940497424528 Y18.37760347787246 F300
G1 X7.6696371180555545 Y18.3412575 F300
G1 X7.691889292050483 Y18.295510295724316 F300
G1 X7.725071431949855 Y18.256567091602246 F300
G1 X7.767766666666665 Y18.224981944444448 F300
G1 X7.816358289524766 Y18.203302235747266 F300
G1 X7.867908098365087 Y18.19280247965468 F300
G1 X7.9211412152777765 Y18.194695972222227 F300
G1 X7.958887667464554 Y18.204771777973072 F300
G1 X7.995044538394902 Y18.22291344178877 F300
G1 X8.029349968929427 Y18.250590142415447 F300
G1 X8.060995555555554 Y18.29014 F300
G1 X8.060995555555554 Y18.29014 F300
G1 X8.061136666666666 Y18.290140000000005 F300;svg#Layer_2 > g#Layer_2-2 > path
G0 X5.198697777777778 Y37.90853555555556
G1 X5.136925273999571 Y37.56264484969612 F300
G1 X5.086678086406062 Y37.216162735064614 F300
G1 X5.047886070919989 Y36.86915208026615 F300
G1 X5.0205023937418956 Y36.521671537352155 F300
G1 X5.004503637557277 Y36.173777136688074 F300
G1 X4.999889861111112 Y35.825523888888895 F300
G1 X5.006672382203702 Y35.477308334284075 F300
G1 X5.0248416914733145 Y35.12952159427081 F300
G1 X5.054401863794376 Y34.78221827994021 F300
G1 X5.095380516314635 Y34.43545417510985 F300
G1 X5.147828761131189 Y34.08928784245481 F300
G1 X5.211821111111112 Y33.74378222222222 F300
G1 X5.22708400947107 Y33.69541114132218 F300
G1 X5.248813066718377 Y33.658732398947436 F300
G1 X5.275323901284435 Y33.631254144766636 F300
G1 X5.305928993055557 Y33.61131857638889 F300
G1 X5.35334508572275 Y33.595194177346926 F300
G1 X5.403938016048019 Y33.591618014807494 F300
G1 X5.456366666666666 Y33.60006055555556 F300
G1 X5.505895228563183 Y33.61962912346927 F300
G1 X5.54991149270414 Y33.649220613575295 F300
G1 X5.586590173611111 Y33.688815034722225 F300
G1 X5.606524310766539 Y33.723062455846154 F300
G1 X5.619702515572814 Y33.76184101976506 F300
G1 X5.624927764159141 Y33.805945500831896 F300
G1 X5.620055555555556 Y33.856388888888894 F300
G1 X5.559734522095844 Y34.182168151486046 F300
G1 X5.510242797266721 Y34.50910045938066 F300
G1 X5.4715263848856335 Y34.837044802073436 F300
G1 X5.443553245115279 Y35.16586457269705 F300
G1 X5.426313382325296 Y35.495425644923884 F300
G1 X5.419818888888889 Y35.82559444444444 F300
G1 X5.424091155427706 Y36.15579913152471 F300
G1 X5.439116470892207 Y36.485465853297256 F300
G1 X5.46488742987683 Y36.814461340089245 F300
G1 X5.501418774973905 Y37.142651915770124 F300
G1 X5.548747385556864 Y37.46990156405996 F300
G1 X5.606932222222222 Y37.79607 F300
G1 X5.611471346335824 Y37.84639346228156 F300
G1 X5.605989872629683 Y37.89045832510748 F300
G1 X5.59259759224455 Y37.92925181839775 F300
G1 X5.572474652777779 Y37.963544635416675 F300
G1 X5.535610536600639 Y38.00318989724735 F300
G1 X5.491496337407182 Y38.032833564626486 F300
G1 X5.441973333333334 Y38.052451250000004 F300
G1 X5.389561305181321 Y38.06095488111715 F300
G1 X5.339093473950458 Y38.057415503428984 F300
G1 X5.291892847222223 Y38.041318906250005 F300
G1 X5.261483595240129 Y38.02139894321403 F300
G1 X5.235184680316673 Y37.99391660264803 F300
G1 X5.213687512303244 Y37.95718626898345 F300
G1 X5.198697777777778 Y37.908676666666665 F300
G1 X5.198697777777778 Y37.908676666666665 F300
G1 X5.198697777777778 Y37.90853555555556 F300
G0 X0 Y0
