G21
G90;svg#Layer_2 > g#Layer_2-2 > path
G0 X6.727923109137361 Y29.939028943749257
G1 X6.61927857259271 Y30.1198811132301 F300
G1 X6.5047153663022375 Y30.328179026417455 F300
G1 X6.385849932054027 Y30.56399048671801 F300
G1 X6.275393942022924 Y30.80279907659385 F300
G1 X6.166599513774035 Y31.059535605489046 F300
G1 X6.061437692470694 Y31.332715037499256 F300
G1 X5.965887747750062 Y31.608991822156455 F300
G1 X5.8790715984274735 Y31.89289339431974 F300
G1 X5.802827327887361 Y32.18235247890551 F300
G1 X5.753748085828315 Y32.40173704173788 F300
G1 X5.7128787977645334 Y32.620029844193446 F300
G1 X5.6808162891298 Y32.836401501949055 F300
G1 X5.6581597758040285 Y33.05005269374925 F300
G1 X5.645313933777277 Y33.26600683724496 F300
G1 X5.643684243916061 Y33.47547812884141 F300
G1 X5.653638301443232 Y33.67795334265748 F300
G1 X5.6755759737206946 Y33.872965564843 F300
G1 X5.703316843671472 Y34.02937942500215 F300
G1 X5.739713853293797 Y34.17912911832791 F300
G1 X5.784966837464088 Y34.32220674949564 F300
G1 X5.839348839577923 Y34.458593198917455 F300
G1 X5.903216859137361 Y34.58824097499925 F300
G1 X5.9646447272421845 Y34.692059992832384 F300
G1 X6.03325463647736 Y34.79071612840109 F300
G1 X6.109462794856496 Y34.884228487150025 F300
G1 X6.193776548710685 Y34.972549775716274 F300
G1 X6.286797431228302 Y35.055554606326986 F300
G1 X6.389223369554029 Y35.133028807030506 F300
G1 X6.4934793191962425 Y35.199763473988995 F300
G1 X6.607453103609467 Y35.26122578723725 F300
G1 X6.73212582835789 Y35.31702279370156 F300
G1 X6.868584541418328 Y35.36662951951734 F300
G1 X7.018021868174649 Y35.4093832686404 F300
G1 X7.181736442470695 Y35.44447894374925 F300
G1 X7.3664683891854175 Y35.47134511886617 F300
G1 X7.552982466602561 Y35.48629639107029 F300
G1 X7.740898737497817 Y35.49043482708405 F300
G1 X7.92983699802625 Y35.484801443749255 F300
G1 X8.18122523866951 Y35.46396977682127 F300
G1 X8.42977047662806 Y35.43044966470073 F300
G1 X8.674127553581805 Y35.386905610415916 F300
G1 X8.980696780635853 Y35.321279535119615 F300
G1 X9.285645715457893 Y35.246157333447115 F300
G1 X9.588809775804028 Y35.162221443749246 F300
G1 X9.889685825823863 Y35.07024953409176 F300
G1 X10.187733570278976 Y34.971056837306286 F300
G1 X10.482748664692917 Y34.86535894374925 F300
G1 X10.693889247754939 Y34.781136180141885 F300
G1 X10.904706164692918 Y34.69135130486036 F300
G1 X11.116677635277329 Y34.605026045555135 F300
G1 X11.331108664692918 Y34.53120783263814 F300
G1 X11.443093588639615 Y34.50395319529012 F300
G1 X11.552081016252606 Y34.489527583079656 F300
G1 X11.658669097250813 Y34.487062764370904 F300
G1 X11.763455470248475 Y34.49598297152703 F300
G1 X11.866887287791931 Y34.51595993197152 F300
G1 X11.969340501420923 Y34.54685784140254 F300
G1 X12.071209166772656 Y34.588738704066394 F300
G1 X12.172836442470697 Y34.641838943749256 F300
G1 X12.346349658907217 Y34.750868660977936 F300
G1 X12.51531310913736 Y34.86804005486036 F300
G1 X12.683706266092901 Y34.98624309561647 F300
G1 X12.855673109137362 Y35.09847449930481 F300
G1 X13.099413818447129 Y35.239929830858884 F300
G1 X13.34890869030062 Y35.37066486463564 F300
G1 X13.603844220248474 Y35.49076338819369 F300
G1 X13.83870493677562 Y35.589685199734085 F300
G1 X14.077283069226874 Y35.67901898457506 F300
G1 X14.319335412182172 Y35.758792783906024 F300
G1 X14.564629879105684 Y35.82900564114365 F300
G1 X14.812941709960413 Y35.88962700959288 F300
G1 X15.06338898735758 Y35.940475519729326 F300
G1 X15.315391596228835 Y35.98148830631668 F300
G1 X15.568709891555203 Y36.01266246440126 F300
G1 X15.823109603404223 Y36.03396662946457 F300
G1 X16.078358212018024 Y36.04534050753526 F300
G1 X16.333915374679613 Y36.046698892373946 F300
G1 X16.58884811708922 Y36.03799649438477 F300
G1 X16.84293311795681 Y36.01920305994302 F300
G1 X17.09594712571923 Y35.99025756742983 F300
G1 X17.34766310913736 Y35.951067832638145 F300
G1 X17.192299775804027 Y36.15511449930481 F300
G1 X17.184950701411303 Y35.77630751473394 F300
G1 X17.187982833313924 Y35.392700431034 F300
G1 X17.202402286092095 Y35.00556067214432 F300
G1 X17.221161118802016 Y34.71568745086922 F300
G1 X17.247148623533334 Y34.4262342026217 F300
G1 X17.28074007858848 Y34.13771504335847 F300
G1 X17.322320598849295 Y33.8506446227616 F300
G1 X17.372446750313976 Y33.564701755278286 F300
G1 X17.43120054148369 Y33.28223737129177 F300
G1 X17.498925562927994 Y33.00369117892048 F300
G1 X17.57598088691514 Y32.72950116597147 F300
G1 X17.614901553897667 Y32.61295104647879 F300
G1 X17.66139904658341 Y32.50022738615599 F300
G1 X17.716774498026254 Y32.39251019374925 F300
G1 X17.764873385492386 Y32.31587772750985 F300
G1 X17.819125220348546 Y32.243562287374466 F300
G1 X17.880284253986815 Y32.175922340360636 F300
G1 X17.94921977580403 Y32.11341005486036 F300
G1 X18.037333461129798 Y32.04829327021972 F300
G1 X18.130180623243238 Y31.991800872311185 F300
G1 X18.22717338691514 Y31.9427008881937 F300
G1 X18.37847690402097 Y31.880737692017906 F300
G1 X18.534125331359586 Y31.82977672152703 F300
G1 X18.756847946800132 Y31.766711362997473 F300
G1 X18.981883590601946 Y31.709448089169687 F300
G1 X19.208918664692924 Y31.658397277082585 F300
G1 X19.437324936157452 Y31.6140371271135 F300
G1 X19.66644551104066 Y31.57682212421865 F300
G1 X19.895988664692922 Y31.54713116597148 F300
G1 X20.099250428067972 Y31.52975447779198 F300
G1 X20.313110350471803 Y31.52315841255315 F300
G1 X20.534915522331815 Y31.529397468054817 F300
G1 X20.70045745062727 Y31.54339144540257 F300
G1 X20.864942531376794 Y31.566032263018233 F300
G1 X21.027258480791915 Y31.597965989997792 F300
G1 X21.18629102580403 Y31.639894082638147 F300
G1 X21.311432869653324 Y31.68152820551598 F300
G1 X21.43192276110887 Y31.730095239690826 F300
G1 X21.54739865153612 Y31.78591991276098 F300
G1 X21.657481950696482 Y31.849390755656444 F300
G1 X21.761757570942923 Y31.920967572221485 F300
G1 X21.859099933229466 Y32.00060287383731 F300
G1 X21.94931050280306 Y32.08893694443036 F300
G1 X22.032058648831523 Y32.186769617037676 F300
G1 X22.106843338064763 Y32.29506678942204 F300
G1 X22.17295755358181 Y32.41496449930481 F300
G1 X22.221513699832734 Y32.52640858758344 F300
G1 X22.261176894240247 Y32.64412152580329 F300
G1 X22.290560598849304 Y32.766843347041444 F300
G1 X22.304774823301738 Y32.860351172776994 F300
G1 X22.311649474957083 Y32.95382789434254 F300
G1 X22.310726751097704 Y33.04682797608149 F300
G1 X22.301452286092097 Y33.1389167626793 F300
G1 X22.28323954097244 Y33.229313869233664 F300
G1 X22.255630101787595 Y33.31692107575971 F300
G1 X22.21788547517739 Y33.40154580147324 F300
G1 X22.169006442470696 Y33.4828933881937 F300
G1 X22.12055955479705 Y33.54540713694658 F300
G1 X22.06749468684295 Y33.60019151427416 F300
G1 X22.01009199675594 Y33.6480593663295 F300
G1 X21.948502692470697 Y33.68967408263814 F300
G1 X21.860420383516495 Y33.73610680681563 F300
G1 X21.766019317385265 Y33.77299458708815 F300
G1 X21.665663109137363 Y33.80109894374926 F300
G1 X21.46936710090692 Y33.84933281206202 F300
G1 X21.37803404353183 Y33.879936045197475 F300
G1 X21.291917265515966 Y33.919987668029094 F300
G1 X21.23825335430479 Y33.95324637131538 F300
G1 X21.185698270218573 Y33.99428390986317 F300
G1 X21.13409755358181 Y34.045080054860364 F300
G1 X21.070464555230778 Y34.12473590370768 F300
G1 X21.019040573759458 Y34.20880921654957 F300
G1 X20.979050769540933 Y34.296693516590395 F300
G1 X20.950036401318442 Y34.38796960218547 F300
G1 X20.931846989188585 Y34.48242574288153 F300
G1 X20.924742816638897 Y34.577632343210475 F300
G1 X20.92852610437761 Y34.67314433135945 F300
G1 X20.943273520660004 Y34.7685201371649 F300
G1 X20.96868105742361 Y34.86131955035462 F300
G1 X21.004706645706626 Y34.9511742653537 F300
G1 X21.05158659775862 Y35.03762431585335 F300
G1 X21.109826442470702 Y35.12006449930481 F300
G1 X21.16822754025878 Y35.18608779400941 F300
G1 X21.238753777429544 Y35.25269344403386 F300
G1 X21.320970557054036 Y35.31824623541593 F300
G1 X21.40803891814621 Y35.376873148953486 F300
G1 X21.501102044634248 Y35.42916716656309 F300
G1 X21.5989351924707 Y35.47351255486036 F300
G1 X21.700253446410432 Y35.50810900829259 F300
G1 X21.801158460296897 Y35.53055753735536 F300
G1 X21.9007387862207 Y35.53972012430481 F300
G1 X21.97530160200442 Y35.53690716166463 F300
G1 X22.04725864805156 Y35.52498109052972 F300
G1 X22.116643132155964 Y35.50326650265103 F300
G1 X22.18339977580403 Y35.47072561041592 F300
G1 X22.221689817456127 Y35.44331842051001 F300
G1 X22.248578136508872 Y35.41442608565748 F300
G1 X22.266646302114516 Y35.38426569940327 F300
G1 X22.277653178581808 Y35.352639863888136 F300
G1 X22.283025678983023 Y35.3069050040539 F300
G1 X22.278621378894762 Y35.258188886154734 F300
G1 X22.26549116469292 Y35.2064421381937 F300
G1 X22.234844540997557 Y35.13064375349812 F300
G1 X22.195385400804028 Y35.05593170416592 F300
G1 X22.115807553581806 Y34.92490783263814 F300
G1 X22.055570657213536 Y34.81979970882603 F300
G1 X22.000585472721006 Y34.71268223265041 F300
G1 X21.95150130358181 Y34.603245054860366 F300
G1 X21.909011149725007 Y34.491228317421495 F300
G1 X21.87379541399445 Y34.37626313591554 F300
G1 X21.846567553581814 Y34.25787561041593 F300
G1 X21.823967051420805 Y34.112552154782485 F300
G1 X21.811356983472066 Y33.967307154514906 F300
G1 X21.8084464928732 Y33.82229329563588 F300
G1 X21.815028162360434 Y33.67765380216879 F300
G1 X21.830974775804034 Y33.5335346381937 F300
G1 X21.85611426605167 Y33.3906763023151 F300
G1 X21.890206915630618 Y33.249788902069234 F300
G1 X21.93312475660661 Y33.111051686831324 F300
G1 X21.98480619307146 Y32.97466041343863 F300
G1 X22.045251998026252 Y32.840837832638144 F300
G1 X22.12831802651484 Y32.686345221302886 F300
G1 X22.22288372366269 Y32.53786465788268 F300
G1 X22.328415579099666 Y32.39543874871488 F300
G1 X22.444470765387365 Y32.259180037499256 F300
G1 X22.56900220772467 Y32.1308987235365 F300
G1 X22.701849091674674 Y32.01016793457997 F300
G1 X22.84246826336916 Y31.89717103788277 F300
G1 X22.99036130358181 Y31.792152971527035 F300
G1 X23.144139945368877 Y31.69596582396529 F300
G1 X23.302672886133532 Y31.609135999522202 F300
G1 X23.46538604323454 Y31.531856039620095 F300
G1 X23.63173996677625 Y31.464376113888143 F300
G1 X23.802153348925568 Y31.406724755058256 F300
G1 X23.973572019199594 Y31.360081618834492 F300
G1 X24.14548729064168 Y31.324590771633435 F300
G1 X24.317423109137366 Y31.30046894374926 F300
G1 X24.46727049575193 Y31.290746656160273 F300
G1 X24.613888205392122 Y31.29359622288676 F300
G1 X24.757225835087098 Y31.308664950511734 F300
G1 X24.897235929166857 Y31.335778552169725 F300
G1 X25.033844220248476 Y31.37494033263815 F300
G1 X25.14459618375342 Y31.416734223488007 F300
G1 X25.251964078414648 Y31.46671780830986 F300
G1 X25.3559110425819 Y31.524990081798276 F300
G1 X25.45635646430393 Y31.591741826255294 F300
G1 X25.553163171717074 Y31.667252014464484 F300
G1 X25.646125331359585 Y31.7518833881937 F300
G1 X25.757348303842758 Y31.86885889379651 F300
G1 X25.862086500031896 Y31.9937421603253 F300
G1 X25.961132368396626 Y32.12551425239124 F300
G1 X26.099123487965265 Y32.3313619428803 F300
G1 X26.227409035063292 Y32.5443947462184 F300
G1 X26.348608190851863 Y32.76083715782171 F300
G1 X26.463581998026257 Y32.9736233881937 F300
G1 X26.541730759498783 Y33.124361859020894 F300
G1 X26.61507935132806 Y33.27877573897268 F300
G1 X26.68207426140075 Y33.436739602185476 F300
G1 X26.740968408506426 Y33.59766953464316 F300
G1 X26.790081342458468 Y33.76094193046414 F300
G1 X26.827972697614737 Y33.926604211238974 F300
G1 X26.84808463099869 Y34.05221984859775 F300
G1 X26.860360275034047 Y34.17893912172678 F300
G1 X26.864142628610352 Y34.30693382567284 F300
G1 X26.858693109137366 Y34.43638116597148 F300
G1 X26.84119723927885 Y34.581149472299884 F300
G1 X26.81247180608304 Y34.71963536781688 F300
G1 X26.7728135639101 Y34.85200164706886 F300
G1 X26.7223446214789 Y34.978376594989804 F300
G1 X26.66101408135959 Y35.09882727708259 F300
G1 X26.601626343292843 Y35.1944123355785 F300
G1 X26.534794999209137 Y35.28529897474462 F300
G1 X26.460326360319954 Y35.37148956393951 F300
G1 X26.377937425491375 Y35.45291884373883 F300
G1 X26.28726089118348 Y35.52944304477566 F300
G1 X26.187850886915147 Y35.600830054860374 F300
G1 X26.05595130889385 Y35.68049073544641 F300
G1 X25.918261160291294 Y35.75014639311838 F300
G1 X25.77545627786165 Y35.81111174210317 F300
G1 X25.629275217690566 Y35.864268056391204 F300
G1 X25.480274684007554 Y35.91099575173938 F300
G1 X25.32935179226494 Y35.952499849099055 F300
G1 X25.101510902855978 Y36.00754476000738 F300
G1 X24.87706977580404 Y36.057042277082594 F300
G1 X24.62272409035643 Y36.108459097738475 F300
G1 X24.36619647876005 Y36.15093688411088 F300
G1 X24.10792602580404 Y36.18148463819371 F300
G1 X23.91361440594548 Y36.19472655972563 F300
G1 X23.71931076921627 Y36.19827116525554 F300
G1 X23.524991282379748 Y36.190868849876026 F300
G1 X23.33063310913737 Y36.17120116597149 F300
G1 X23.179229863767137 Y36.1459395490198 F300
G1 X23.03158062134378 Y36.11172651864618 F300
G1 X22.886908245180614 Y36.06867049462974 F300
G1 X22.744457379714373 Y36.01681628976621 F300
G1 X22.603487553581818 Y35.95614783263815 F300
G1 X22.81712977580404 Y35.590670054860375 F300
G1 X22.9037370781953 Y35.636532629230764 F300
G1 X22.982856355883115 Y35.68824182109778 F300
G1 X23.055027105698308 Y35.74532069150918 F300
G1 X23.12070153751613 Y35.807416975752446 F300
G1 X23.180239532748487 Y35.874283544443706 F300
G1 X23.246927419715732 Y35.96509544713741 F300
G1 X23.30390394761592 Y36.06173795600206 F300
G1 X23.3515229507612 Y36.163736397690016 F300
G1 X23.3899703313596 Y36.270702138193705 F300
G1 X23.418901099365105 Y36.38061373176247 F300
G1 X23.438587965909434 Y36.493000808215434 F300
G1 X23.449148173618063 Y36.60734425994965 F300
G1 X23.45058196330404 Y36.72313302361037 F300
G1 X23.44290413696195 Y36.83862115953288 F300
G1 X23.426271866952664 Y36.95275268209037 F300
G1 X23.400759536442507 Y37.06499133179205 F300
G1 X23.366334220248486 Y37.1747833881937 F300
G1 X23.30921650430772 Y37.31680731788482 F300
G1 X23.242266015881537 Y37.453320265030854 F300
G1 X23.165985553876734 Y37.584406575136676 F300
G1 X23.08078282107153 Y37.71010145403733 F300
G1 X22.987336207952605 Y37.829962131368994 F300
G1 X22.88644203918489 Y37.943490260970165 F300
G1 X22.778526945691834 Y38.05063164295713 F300
G1 X22.66396673053655 Y38.15128272975749 F300
G1 X22.543539844996914 Y38.24496193890176 F300
G1 X22.418226761638053 Y38.331131747718864 F300
G1 X22.288453609358072 Y38.409689298653085 F300
G1 X22.154613109137372 Y38.480484499304815 F300
G1 X21.984029981718333 Y38.55808576010764 F300
G1 X21.81195311754297 Y38.62403513788327 F300
G1 X21.638514889907057 Y38.678806935273776 F300
G1 X21.463816647354165 Y38.72279728255012 F300
G1 X21.28793732788737 Y38.75632585347148 F300
G1 X21.10966349576098 Y38.77976936809684 F300
G1 X20.931216132134313 Y38.79298502901365 F300
G1 X20.752717163001545 Y38.796229647013206 F300
G1 X20.574283350843384 Y38.78970031637899 F300
G1 X20.396033525804036 Y38.77353699930482 F300
G1 X20.218967402737714 Y38.74797474660795 F300
G1 X20.04331619232475 Y38.71320880982083 F300
G1 X19.86923796141369 Y38.66938227612794 F300
G1 X19.69690046204646 Y38.61659345119902 F300
G1 X19.526487015387374 Y38.55489856180481 F300
G1 X19.35972248983954 Y38.484996659864116 F300
G1 X19.196176798610388 Y38.406807813102056 F300
G1 X19.036043024014855 Y38.32041699755823 F300
G1 X18.87953312224917 Y38.225873006316455 F300
G1 X18.726883109137376 Y38.123191165971484 F300
G1 X18.55160955153104 Y37.992554215583674 F300
G1 X18.383433050078985 Y37.854452963028926 F300
G1 X18.222122716441227 Y37.709210701023224 F300
G1 X18.067473045498463 Y37.55711943853217 F300
G1 X17.91930422024849 Y37.398444499304816 F300
G1 X17.743358299002416 Y37.19168562299905 F300
G1 X17.57772150710251 Y36.976465168389424 F300
G1 X17.422139725980742 Y36.75337860615675 F300
G1 X17.276401998026266 Y36.52299116597148 F300
G1 X17.254841659554288 Y36.47687888366904 F300
G1 X17.24557636913894 Y36.434375243554626 F300
G1 X17.245901722961108 Y36.39497453107984 F300
G1 X17.254271807054042 Y36.35808519374926 F300
G1 X17.2772642208747 Y36.31176105410003 F300
G1 X17.31086938005667 Y36.27252432234544 F300
G1 X17.353572136915155 Y36.24091005486037 F300
G1 X17.402124069571705 Y36.21924805817764 F300
G1 X17.453233663702687 Y36.20902190340635 F300
G1 X17.505656841776265 Y36.21136491597149 F300
G1 X17.542636083194743 Y36.2218461734513 F300
G1 X17.577933712359897 Y36.240483166731224 F300
G1 X17.611297414594045 Y36.26882758592625 F300
G1 X17.641879775804043 Y36.309348943749264 F300
G1 X17.754123761707337 Y36.48814079623146 F300
G1 X17.873565263859135 Y36.66348108786178 F300
G1 X18.000218702863542 Y36.8347482086786 F300
G1 X18.13411935629058 Y37.00130362657404 F300
G1 X18.275322327244375 Y37.16248581617725 F300
G1 X18.423418912871792 Y37.31712304825589 F300
G1 X18.57791170738044 Y37.464088594029604 F300
G1 X18.738858207227878 Y37.60285354957752 F300
G1 X18.90635039774261 Y37.732858158138974 F300
G1 X19.08051277991927 Y37.85350170095091 F300
G1 X19.230505085329057 Y37.94621464706715 F300
G1 X19.38468520575428 Y38.031272474909386 F300
G1 X19.54320625852443 Y38.10837678901246 F300
G1 X19.706245446253863 Y38.17718554541499 F300
G1 X19.874002050739634 Y38.237306541098306 F300
G1 X20.0466953313596 Y38.28829116597148 F300
G1 X20.22321056440777 Y38.328527187297794 F300
G1 X20.403537835753706 Y38.357175258197955 F300
G1 X20.586997586555647 Y38.374155263333826 F300
G1 X20.772908230665156 Y38.37928798888815 F300
G1 X20.95851211215391 Y38.37243697977621 F300
G1 X21.143062083999645 Y38.353629468367004 F300
G1 X21.325867520926934 Y38.322797057420644 F300
G1 X21.506225192470712 Y38.27977158263815 F300
G1 X21.648230428412507 Y38.23640251199506 F300
G1 X21.78667446176573 Y38.18532728250604 F300
G1 X21.92126804688876 Y38.126488552145 F300
G1 X22.051706030844553 Y38.059774578625166 F300
G1 X22.177656112609597 Y37.98501913472148 F300
G1 X22.29828494239453 Y37.90234234388184 F300
G1 X22.4129476101756 Y37.811816942920174 F300
G1 X22.521385134295535 Y37.71319747071712 F300
G1 X22.623274086434215 Y37.60616074654928 F300
G1 X22.718210886915152 Y37.490307832638145 F300
G1 X22.779419983962367 Y37.403145054213844 F300
G1 X22.836164990148625 Y37.30883976108997 F300
G1 X22.88756095396037 Y37.20822335018356 F300
G1 X22.932613786220703 Y37.102144238888144 F300
G1 X22.96965221398535 Y36.993334671933525 F300
G1 X22.997689889602416 Y36.88367978726084 F300
G1 X23.016099976382712 Y36.774056995488515 F300
G1 X23.02415741469293 Y36.665284082638145 F300
G1 X23.022467041118663 Y36.57766556363548 F300
G1 X23.01297480632133 Y36.49292705867877 F300
G1 X22.99539304828587 Y36.41119961412952 F300
G1 X22.969279402335456 Y36.33262436940213 F300
G1 X22.934011668165148 Y36.25739580138814 F300
G1 X22.890697670860057 Y36.1884780860335 F300
G1 X22.837478613163206 Y36.123559298473374 F300
G1 X22.77303786627455 Y36.06282189117512 F300
G1 X22.69568423508404 Y36.006742366664916 F300
G1 X22.603346442470706 Y35.956147832638145 F300
G1 X22.55992052343299 Y35.92969802720789 F300
G1 X22.52970227409313 Y35.899960636480245 F300
G1 X22.509734326230763 Y35.86795529164026 F300
G1 X22.49815913344293 Y35.83391474236036 F300
G1 X22.49455383898107 Y35.784688516914194 F300
G1 X22.50397865873227 Y35.73536518518218 F300
G1 X22.525647136915154 Y35.68704894374926 F300
G1 X22.55730668118123 Y35.64434176238 F300
G1 X22.597383042717595 Y35.60917891975482 F300
G1 X22.64539534872071 Y35.583363145138144 F300
G1 X22.683922454471883 Y35.572335029313365 F300
G1 X22.72509544243022 Y35.568859833666735 F300
G1 X22.769321982009696 Y35.57423596483629 F300
G1 X22.81698866469293 Y35.59067005486037 F300
G1 X22.92809036539461 Y35.63769269158688 F300
G1 X23.04084000535539 Y35.67694106658973 F300
G1 X23.155157296050213 Y35.70897439162719 F300
G1 X23.27097969349952 Y35.73429503428424 F300
G1 X23.427451231552375 Y35.7583649775332 F300
G1 X23.585524230778823 Y35.77223834461049 F300
G1 X23.74485170996042 Y35.776915816177244 F300
G1 X23.904375280530054 Y35.77337567663845 F300
G1 X24.063367703841475 Y35.76264976528315 F300
G1 X24.221326442470712 Y35.74575116597148 F300
G1 X24.448149431206282 Y35.71376482047408 F300
G1 X24.67687279688452 Y35.67391049890062 F300
G1 X24.906103386915156 Y35.62587727708259 F300
G1 X25.133386875233793 Y35.56960626312113 F300
G1 X25.35636486247024 Y35.505150502499845 F300
G1 X25.5737353313596 Y35.4323433881937 F300
G1 X25.709757175902404 Y35.37778151787859 F300
G1 X25.837353639586052 Y35.31455620085771 F300
G1 X25.955738788149723 Y35.24217264745297 F300
G1 X26.039392470941028 Y35.18038285098283 F300
G1 X26.116386837140873 Y35.112963343748135 F300
G1 X26.186497081573776 Y35.03951095048476 F300
G1 X26.24940668938429 Y34.95952709189741 F300
G1 X26.303623199156824 Y34.87428191419667 F300
G1 X26.349936654339615 Y34.781616743884186 F300
G1 X26.387741935973086 Y34.680564966048 F300
G1 X26.416168664692933 Y34.57001338819369 F300
G1 X26.434505458725205 Y34.45132455473245 F300
G1 X26.442020135165645 Y34.333576093655736 F300
G1 X26.439708179248946 Y34.21658364564506 F300
G1 X26.42841919967236 Y34.10016042523074 F300
G1 X26.400802287975512 Y33.94617780099498 F300
G1 X26.36058868977186 Y33.79407221640414 F300
G1 X26.30956183341721 Y33.64394820300852 F300
G1 X26.249786458508773 Y33.496761014845184 F300
G1 X26.18353719245947 Y33.35364034856433 F300
G1 X26.112779775804043 Y33.2149233881937 F300
G1 X25.89661323259417 Y32.81453367625954 F300
G1 X25.779284662314666 Y32.61465089099679 F300
G1 X25.653165207902813 Y32.421136803831565 F300
G1 X25.56259135897608 Y32.29705781214317 F300
G1 X25.466967661790992 Y32.1796537713377 F300
G1 X25.36559644247071 Y32.06994783263815 F300
G1 X25.276481904342457 Y31.98816196275287 F300
G1 X25.18440159910807 Y31.91881936086422 F300
G1 X25.089490551148746 Y31.860830434226767 F300
G1 X24.991761751112687 Y31.813313758564078 F300
G1 X24.88937257913582 Y31.775024822622747 F300
G1 X24.78437019113217 Y31.746488744184212 F300
G1 X24.676724642084668 Y31.727270875290557 F300
G1 X24.566374467162067 Y31.717075980786294 F300
G1 X24.455870542297816 Y31.715668252396256 F300
G1 X24.34341997492062 Y31.72258730167043 F300
G1 X24.229087406882357 Y31.737694331099217 F300
G1 X24.112953109137376 Y31.760914499304814 F300
G1 X23.95487942387446 Y31.803007471894915 F300
G1 X23.79845295331718 Y31.85522375384426 F300
G1 X23.644246559229668 Y31.9174042414106 F300
G1 X23.492868994554044 Y31.989454968054808 F300
G1 X23.346354766500117 Y32.07052392612484 F300
G1 X23.205371545270292 Y32.16030581340894 F300
G1 X23.07047838139742 Y32.25862732785694 F300
G1 X22.94227769247071 Y32.36538158263814 F300
G1 X22.821472961037276 Y32.480480281091936 F300
G1 X22.7097433146807 Y32.602806097068864 F300
G1 X22.607587588145055 Y32.732297045621024 F300
G1 X22.515590765387373 Y32.86896965555481 F300
G1 X22.450010618687124 Y32.983082117636314 F300
G1 X22.39205235258239 Y33.10116508761768 F300
G1 X22.34200841988748 Y33.223327652393635 F300
G1 X22.300246447012537 Y33.34971350322934 F300
G1 X22.26721977580404 Y33.480494499304804 F300
G1 X22.243201612863412 Y33.620798344849355 F300
G1 X22.231566574962713 Y33.75664146008086 F300
G1 X22.231416514385693 Y33.888721177895704 F300
G1 X22.242035949854806 Y34.01771180815231 F300
G1 X22.262880609137376 Y34.14426352708259 F300
G1 X22.293607395983287 Y34.26915266789019 F300
G1 X22.333948753563185 Y34.39281451859216 F300
G1 X22.38371342548595 Y34.515664418192664 F300
G1 X22.44277504287572 Y34.638102108811914 F300
G1 X22.511059775804043 Y34.7605133881937 F300
G1 X22.561843765960845 Y34.852236539913164 F300
G1 X22.606493587644547 Y34.94723572789349 F300
G1 X22.64365791816515 Y35.04457666944369 F300
G1 X22.67216712013473 Y35.14443146620456 F300
G1 X22.6897527874079 Y35.24284509674316 F300
G1 X22.695439081359595 Y35.339262971527035 F300
G1 X22.691043941008456 Y35.411254223425736 F300
G1 X22.678542343495117 Y35.4809128205544 F300
G1 X22.657320014274905 Y35.54832210895771 F300
G1 X22.62649086955404 Y35.6134969819437 F300
G1 X22.587632100161734 Y35.672701509344286 F300
G1 X22.53780506049841 Y35.72973005771374 F300
G1 X22.47504841458941 Y35.78440193729565 F300
G1 X22.39690088691515 Y35.836203388193695 F300
G1 X22.30996257066648 Y35.88061212526344 F300
G1 X22.22175454520285 Y35.91483385559143 F300
G1 X22.13235742231498 Y35.939651475742515 F300
G1 X22.041789336391098 Y35.955667915655994 F300
G1 X21.95003247802627 Y35.96331853486038 F300
G1 X21.83457705221005 Y35.96159983975056 F300
G1 X21.718997683458547 Y35.94799806428515 F300
G1 X21.603578595553042 Y35.92307480503471 F300
G1 X21.488648815804044 Y35.88721336152703 F300
G1 X21.377333357066924 Y35.841890488362544 F300
G1 X21.26916777858219 Y35.78749019417022 F300
G1 X21.164659801007588 Y35.72454027353454 F300
G1 X21.064376246915156 Y35.6534859481937 F300
G1 X20.96950162133025 Y35.57518704574755 F300
G1 X20.881632052133913 Y35.49108569247934 F300
G1 X20.801237103693097 Y35.40176676525112 F300
G1 X20.728841118026267 Y35.307734374860374 F300
G1 X20.664015420575424 Y35.20768282446453 F300
G1 X20.609668012412932 Y35.10538464382883 F300
G1 X20.566082638417797 Y35.001240934002254 F300
G1 X20.53366977580404 Y34.895556721527036 F300
G1 X20.514545545440075 Y34.803627611603645 F300
G1 X20.502881661747754 Y34.71112746814433 F300
G1 X20.49844277600786 Y34.61825830726485 F300
G1 X20.501078335474826 Y34.52521322358465 F300
G1 X20.515373313377513 Y34.401913185040414 F300
G1 X20.541598306513837 Y34.28081023718588 F300
G1 X20.579525660577705 Y34.16245836761757 F300
G1 X20.62871488498466 Y34.04833880784396 F300
G1 X20.68870928319234 Y33.93967786098223 F300
G1 X20.75944755358182 Y33.83708227708259 F300
G1 X20.81648048603338 Y33.76795881403434 F300
G1 X20.878066423726473 Y33.70360156399847 F300
G1 X20.944267831359596 Y33.6443244993048 F300
G1 X21.014980582996692 Y33.59064786957337 F300
G1 X21.090134625970933 Y33.54306363830996 F300
G1 X21.169939775804046 Y33.5019433881937 F300
G1 X21.264305553443478 Y33.468006838014034 F300
G1 X21.36764689514561 Y33.443523388193704 F300
G1 X21.47290256444935 Y33.42256038964686 F300
G1 X21.575576730536554 Y33.39836783263814 F300
G1 X21.64155158858381 Y33.37678623031497 F300
G1 X21.70238899555205 Y33.34904301791927 F300
G1 X21.7573853313596 Y33.31313672152703 F300
G1 X21.799159736266088 Y33.27431549249669 F300
G1 X21.832081689473736 Y33.23155147079859 F300
G1 X21.857348853401444 Y33.18514764941835 F300
G1 X21.875790782748492 Y33.13517356180481 F300
G1 X21.890339177203657 Y33.06490241054949 F300
G1 X21.894697484766898 Y32.990615692421414 F300
G1 X21.889712275804047 Y32.913051443749254 F300
G1 X21.876679585670793 Y32.83602841612161 F300
G1 X21.856859291024193 Y32.76028877435702 F300
G1 X21.831402518859598 Y32.68706640902703 F300
G1 X21.784058520794538 Y32.58295749107995 F300
G1 X21.73311422024849 Y32.49751449930481 F300
G1 X21.675708090397315 Y32.42217255693998 F300
G1 X21.611278961416517 Y32.35335147805494 F300
G1 X21.54039463870761 Y32.29055791912525 F300
G1 X21.46352405563944 Y32.233401536341844 F300
G1 X21.354412477887625 Y32.1665610974403 F300
G1 X21.238790200783 Y32.10944839700887 F300
G1 X21.118172903376063 Y32.06148116597147 F300
G1 X20.994197090145256 Y32.02223581377137 F300
G1 X20.870899915928693 Y31.991859460315013 F300
G1 X20.74999310913738 Y31.96961783263814 F300
G1 X20.574262769634238 Y31.949018728106072 F300
G1 X20.39748745602735 Y31.940372579806354 F300
G1 X20.219888068032514 Y31.94233321347273 F300
G1 X20.04168588691516 Y31.95361936041592 F300
G1 X19.804839847848015 Y31.980852021908554 F300
G1 X19.570645857294856 Y32.01895895944675 F300
G1 X19.340151998026272 Y32.06472672152704 F300
G1 X19.107686656312666 Y32.11657916029423 F300
G1 X18.87619585762877 Y32.17387950041562 F300
G1 X18.646731998026276 Y32.237870054860366 F300
G1 X18.532368380671045 Y32.27473543156884 F300
G1 X18.422266030948084 Y32.318407914942675 F300
G1 X18.35180765529489 Y32.35301770885694 F300
G1 X18.28536994600957 Y32.39265012943575 F300
G1 X18.223450928067425 Y32.43823737996324 F300
G1 X18.167204946418686 Y32.49017560111432 F300
G1 X18.116411346748468 Y32.55021776559671 F300
G1 X18.0717042202485 Y32.61999894374926 F300
G1 X18.032356608816173 Y32.69928132600731 F300
G1 X17.99841078519561 Y32.782846368876214 F300
G1 X17.96906417909624 Y32.870105322350085 F300
G1 X17.93259807009028 Y33.00382386343185 F300
G1 X17.902235002141506 Y33.139841824407696 F300
G1 X17.848889775804057 Y33.40641116597148 F300
G1 X17.787905740507018 Y33.71748950968712 F300
G1 X17.735555112885436 Y34.03013988891774 F300
G1 X17.692538664692943 Y34.34423561041592 F300
G1 X17.654722561398668 Y34.70533690663079 F300
G1 X17.628370467586468 Y35.067056707579475 F300
G1 X17.61321166193531 Y35.429298997060165 F300
G1 X17.608995832972113 Y35.79196933448003 F300
G1 X17.61549199802628 Y36.154973388193696 F300
G1 X17.61123783785269 Y36.19793557778215 F300
G1 X17.596510855735815 Y36.24133974425132 F300
G1 X17.571941581359614 Y36.28313755486037 F300
G1 X17.5395861886947 Y36.318733430662654 F300
G1 X17.502114454349098 Y36.34461148540047 F300
G1 X17.460128664692945 Y36.35902005486037 F300
G1 X17.164160820531304 Y36.40484898846266 F300
G1 X16.867234823222734 Y36.437970907176016 F300
G1 X16.569570396056612 Y36.45843815125491 F300
G1 X16.271382533005703 Y36.46625927296737 F300
G1 X15.973073205960988 Y36.46140590376408 F300
G1 X15.675579758977253 Y36.443880357440975 F300
G1 X15.37911385517902 Y36.413674950126264 F300
G1 X15.083890722306116 Y36.37073750342004 F300
G1 X14.849289038040068 Y36.32726519687486 F300
G1 X14.616289942556218 Y36.275682746003056 F300
G1 X14.384997861207857 Y36.21595814628382 F300
G1 X14.155521667379652 Y36.14804026850153 F300
G1 X13.92797644247072 Y36.071858943749255 F300
G1 X13.651207998962946 Y35.96734408645279 F300
G1 X13.379042106086743 Y35.85152654757234 F300
G1 X13.111913248026278 Y35.724249360415925 F300
G1 X12.91533186238779 Y35.62125732540676 F300
G1 X12.722411307704457 Y35.51184977749742 F300
G1 X12.533320665437437 Y35.395946363092676 F300
G1 X12.348237553581834 Y35.2734522770826 F300
G1 X12.099756565927514 Y35.09349379971634 F300
G1 X12.012102534654927 Y35.035614970618525 F300
G1 X11.922636870302208 Y34.98507545480866 F300
G1 X11.830767430125047 Y34.944799272967366 F300
G1 X11.759682654646813 Y34.923041319581905 F300
G1 X11.686773406399698 Y34.91008386153571 F300
G1 X11.611197996766837 Y34.90724950371486 F300
G1 X11.53205088691517 Y34.91630005486037 F300
G1 X11.426254441651489 Y34.94094277543428 F300
G1 X11.320527280542045 Y34.97304365043808 F300
G1 X11.214691998026282 Y35.01121034292622 F300
G1 X11.058084856089412 Y35.07554746987901 F300
G1 X10.902507183211466 Y35.14425198901675 F300
G1 X10.74743992478977 Y35.21226345440061 F300
G1 X10.5952142202485 Y35.27331116597148 F300
G1 X10.322662332800226 Y35.37239545491759 F300
G1 X10.042261775487184 Y35.46941270433345 F300
G1 X9.754694706359611 Y35.562344204165925 F300
G1 X9.46503723043 Y35.64786449049054 F300
G1 X9.171812002898259 Y35.724786375623054 F300
G1 X8.875704775804056 Y35.79117130486037 F300
G1 X8.651934359896671 Y35.832895356292596 F300
G1 X8.42811880858997 Y35.86660045079961 F300
G1 X8.204460870242835 Y35.891537554537365 F300
G1 X7.981157345248501 Y35.90694194722148 F300
G1 X7.757260128524587 Y35.91202521915445 F300
G1 X7.534735926335135 Y35.9058897028567 F300
G1 X7.313623696899844 Y35.88776193270498 F300
G1 X7.0939653313596125 Y35.856805610415925 F300
G1 X6.927830255527718 Y35.822584823126945 F300
G1 X6.764125957681699 Y35.77735319632734 F300
G1 X6.603646030948091 Y35.720884252391244 F300
G1 X6.4861704467382015 Y35.671088621647485 F300
G1 X6.372037482835596 Y35.615015386944094 F300
G1 X6.261534604084276 Y35.55255364804763 F300
G1 X6.1549701873266915 Y35.48355104251469 F300
G1 X6.053043312397434 Y35.40809923698335 F300
G1 X5.956205922235534 Y35.32615484387101 F300
G1 X5.86473240759579 Y35.23748404584566 F300
G1 X5.778950886915168 Y35.141795610415926 F300
G1 X5.69372631072344 Y35.032100486485085 F300
G1 X5.617222258948586 Y34.9184771696525 F300
G1 X5.54887739421123 Y34.80113540376409 F300
G1 X5.488199281976898 Y34.68024207132128 F300
G1 X5.4184343995976745 Y34.5136077483338 F300
G1 X5.3609931870831105 Y34.3421021209231 F300
G1 X5.315040269631218 Y34.166226556917984 F300
G1 X5.280038546825012 Y33.98764695005898 F300
G1 X5.255148813266703 Y33.80691987708154 F300
G1 X5.239624220248501 Y33.624710054860365 F300
G1 X5.231917892382394 Y33.380237559014724 F300
G1 X5.237635505606904 Y33.13454775845685 F300
G1 X5.2557082006102895 Y32.88811256288466 F300
G1 X5.285114914692945 Y32.641412554860366 F300
G1 X5.324695584798725 Y32.3959016576214 F300
G1 X5.373173151867072 Y32.15304480492056 F300
G1 X5.4293882859721565 Y31.913469890945642 F300
G1 X5.492213109137389 Y31.677800054860374 F300
G1 X5.569713740729031 Y31.420996752566236 F300
G1 X5.6564632319723644 Y31.16737854438421 F300
G1 X5.752323479589188 Y30.917076864469195 F300
G1 X5.8571793591373895 Y30.67023144374926 F300
G1 X5.970796480873226 Y30.427280390244235 F300
G1 X6.092907942196845 Y30.18867661547726 F300
G1 X6.223395970838832 Y29.954565812629887 F300
G1 X6.36216310913739 Y29.725104499304813 F300
G1 X6.393449058114739 Y29.68528742839771 F300
G1 X6.427445536440399 Y29.657415297246587 F300
G1 X6.463331527032517 Y29.639117779797687 F300
G1 X6.500846668165167 Y29.628906409027035 F300
G1 X6.553836204887149 Y29.626854176735513 F300
G1 X6.605263046295047 Y29.63724334739124 F300
G1 X6.653857414692945 Y29.658888110415923 F300
G1 X6.696572389901183 Y29.69045576879262 F300
G1 X6.72989968560681 Y29.7294702316081 F300
G1 X6.75239045288739 Y29.775388561804814 F300
G1 X6.760296508547904 Y29.811899463975692 F300
G1 X6.760074871129104 Y29.850894053149 F300
G1 X6.750126227786657 Y29.893000457802238 F300
G1 X6.727640886915167 Y29.938746721527036 F300
G1 X6.727640886915167 Y29.938746721527036 F300
G1 X6.727923109137361 Y29.939028943749257 F300;svg#Layer_2 > g#Layer_2-2 > path
G0 X23.171177553581803 Y37.45220783263814
G1 X23.444928413299035 Y37.722918622066146 F300
G1 X23.72915955010958 Y37.99614265902702 F300
G1 X23.923505576990447 Y38.1740529671764 F300
G1 X24.122873679257264 Y38.34641895885421 F300
G1 X24.327953525804027 Y38.51110561041592 F300
G1 X24.48636752742881 Y38.62859881205463 F300
G1 X24.648197470248242 Y38.73927406385686 F300
G1 X24.813815368988188 Y38.84233219219341 F300
G1 X24.983606459831808 Y38.93695689513814 F300
G1 X25.157964241404652 Y39.02230275953629 F300
G1 X25.337099812160233 Y39.09741501698101 F300
G1 X25.52161878868729 Y39.16147234954719 F300
G1 X25.712165331359586 Y39.21355672152703 F300
G1 X25.868171458593274 Y39.24531402087218 F300
G1 X26.026369129434194 Y39.26740360463454 F300
G1 X26.186077793082646 Y39.279612519736126 F300
G1 X26.346620730665144 Y39.28165165208259 F300
G1 X26.506979992768557 Y39.27317919295772 F300
G1 X26.664980300200426 Y39.254035966918266 F300
G1 X26.820038270071514 Y39.22403829160028 F300
G1 X26.971564359137364 Y39.18290033263814 F300
G1 X27.090349715434307 Y39.141506143491284 F300
G1 X27.2052218695018 Y39.09281791559263 F300
G1 X27.315980231583328 Y39.036662116063795 F300
G1 X27.422395933414847 Y38.972794580484326 F300
G1 X27.524197362609584 Y38.90089859652703 F300
G1 X27.619491198536117 Y38.821987478501214 F300
G1 X27.709205902243042 Y38.73493539301114 F300
G1 X27.7930819248047 Y38.63922614624255 F300
G1 X27.870751642182476 Y38.53423733953569 F300
G1 X27.94172088691514 Y38.419242277082596 F300
G1 X28.015574521627464 Y38.276231466187845 F300
G1 X28.081446889494405 Y38.1276268389268 F300
G1 X28.141141366915146 Y37.97429410819371 F300
G1 X28.222105993270198 Y37.7402974575274 F300
G1 X28.29891939358181 Y37.50281479263815 F300
G1 X28.377476011894203 Y37.26612210969989 F300
G1 X28.46349784691514 Y37.03493211708258 F300
G1 X28.528435047157103 Y36.88455968374622 F300
G1 X28.601085723523056 Y36.73957607167667 F300
G1 X28.68331960691514 Y36.6007738681937 F300
G1 X28.752028097681325 Y36.501779999333856 F300
G1 X28.828119064625817 Y36.40687388777119 F300
G1 X28.912659774221254 Y36.316321723314445 F300
G1 X29.006827553581804 Y36.23046783263813 F300
G1 X29.106597847958945 Y36.1572203588747 F300
G1 X29.213518746997448 Y36.09280087790564 F300
G1 X29.430338582388394 Y35.96949589848176 F300
G1 X29.498972124745627 Y35.924014478857174 F300
G1 X29.563413319858697 Y35.87382882733824 F300
G1 X29.622636442470696 Y35.817153388193695 F300
G1 X29.704875494668453 Y35.71796372953491 F300
G1 X29.77914374060842 Y35.60829864678083 F300
G1 X29.84652685913736 Y35.49049880486036 F300
G1 X29.935307292394157 Y35.30758419098875 F300
G1 X30.011679775804026 Y35.12839005486036 F300
G1 X30.081829667987524 Y34.944681185232454 F300
G1 X30.142870345361352 Y34.75807190761156 F300
G1 X30.19486722902395 Y34.56879705413311 F300
G1 X30.237845609137363 Y34.377079221527026 F300
G1 X30.271731541518278 Y34.183523399194485 F300
G1 X30.29647780168042 Y33.988798093947686 F300
G1 X30.31210525212785 Y33.79313705784307 F300
G1 X30.3185964424707 Y33.596770054860364 F300
G1 X30.31566015546328 Y33.39465777866302 F300
G1 X30.302967657080067 Y33.193042106494836 F300
G1 X30.28051440025487 Y32.99227756931599 F300
G1 X30.24825114177753 Y32.792720095581934 F300
G1 X30.206083849878112 Y32.594734828522924 F300
G1 X30.153991126285497 Y32.399103141422316 F300
G1 X30.092151011235043 Y32.20706432752827 F300
G1 X30.02051356057512 Y32.01892938342784 F300
G1 X29.9389752933113 Y31.835023985307128 F300
G1 X29.847379405433664 Y31.65569787379041 F300
G1 X29.7459460605999 Y31.482023643598804 F300
G1 X29.634719531428054 Y31.314610828110133 F300
G1 X29.51350058117556 Y31.153740770642237 F300
G1 X29.382020609915294 Y30.9997426513725 F300
G1 X29.239943109137364 Y30.85300561041592 F300
G1 X29.114904771609204 Y30.738989419718763 F300
G1 X28.983856028578554 Y30.633364784155848 F300
G1 X28.847183050461584 Y30.536466205495582 F300
G1 X28.70522239733181 Y30.448684794443693 F300
G1 X28.55766637494961 Y30.370182866302358 F300
G1 X28.406716161282578 Y30.302436671398105 F300
G1 X28.252647466266787 Y30.245760697077916 F300
G1 X28.09569074802625 Y30.200560749304806 F300
G1 X27.96785861902476 Y30.172944406432748 F300
G1 X27.83919051457758 Y30.153451449222935 F300
G1 X27.709724437848436 Y30.14229551473675 F300
G1 X27.57948840090897 Y30.13975733486614 F300
G1 X27.448508890387366 Y30.146191079165924 F300
G1 X27.31928038117285 Y30.161645846641136 F300
G1 X27.189937433770787 Y30.18652642313008 F300
G1 X27.060428388941816 Y30.22131716528194 F300
G1 X26.930725779121346 Y30.2666147880372 F300
G1 X26.800837553581808 Y30.323133388193696 F300
G1 X26.663945936143847 Y30.395004649492797 F300
G1 X26.532557894678 Y30.47681053295393 F300
G1 X26.407760480673968 Y30.568585588500447 F300
G1 X26.290720886915143 Y30.670478388193697 F300
G1 X26.20399225381958 Y30.758947025128034 F300
G1 X26.124522576148966 Y30.853120586444035 F300
G1 X26.05276622916099 Y30.953165793271026 F300
G1 X25.989269527924815 Y31.059326531084032 F300
G1 X25.93469755358181 Y31.171916721527026 F300
G1 X25.899242943044662 Y31.26217624802274 F300
G1 X25.86977103085912 Y31.355872933190575 F300
G1 X25.847702553581804 Y31.452304499304805 F300
G1 X25.83464136025 Y31.549999382324508 F300
G1 X25.83200280831295 Y31.647538584860435 F300
G1 X25.841140886915138 Y31.74454561041592 F300
G1 X25.85714315218629 Y31.820962149438493 F300
G1 X25.883960269631192 Y31.9046492318151 F300
G1 X25.908011362501497 Y31.958571896737304 F300
G1 X25.937100784863656 Y32.008109251479475 F300
G1 X25.97165298568057 Y32.05161384086859 F300
G1 X26.001806635153223 Y32.07948859572349 F300
G1 X26.03515523923415 Y32.10173538345011 F300
G1 X26.072331744850665 Y32.11785972307111 F300
G1 X26.114190886915136 Y32.12695672152703 F300
G1 X26.16908672523679 Y32.12716353502238 F300
G1 X26.225311204492648 Y32.11717398713457 F300
G1 X26.282695192470698 Y32.09970463819369 F300
G1 X26.444108664692916 Y32.03763338819369 F300
G1 X26.55429763834029 Y32.00531055062332 F300
G1 X26.666082733979948 Y31.981254213548873 F300
G1 X26.77981199802625 Y31.964255610415908 F300
G1 X26.88858407397703 Y31.954758362491056 F300
G1 X26.99801772696451 Y31.952358988629094 F300
G1 X27.107736581359582 Y31.95707658263813 F300
G1 X27.216906736761807 Y31.968924156150926 F300
G1 X27.324750293218944 Y31.98786495371607 F300
G1 X27.43089866469292 Y32.01392672152702 F300
G1 X27.532325137800736 Y32.04634222987055 F300
G1 X27.631208184242855 Y32.08567714665389 F300
G1 X27.727139106176033 Y32.13183047600596 F300
G1 X27.819680681153827 Y32.18476524004555 F300
G1 X27.908084665344415 Y32.24430974586693 F300
G1 X27.991210526256168 Y32.30993009243684 F300
G1 X28.068691961170927 Y32.38159997355045 F300
G1 X28.14010220378757 Y32.459367462267764 F300
G1 X28.204497960634555 Y32.5427309678618 F300
G1 X28.261346830929647 Y32.63159049478546 F300
G1 X28.31021485081372 Y32.72615796630612 F300
G1 X28.350519775804027 Y32.82672672152702 F300
G1 X28.378045659124677 Y32.919359041189914 F300
G1 X28.397667466957618 Y33.0141871430327 F300
G1 X28.40956034122314 Y33.11083785485034 F300
G1 X28.413800269631192 Y33.20894968448999 F300
G1 X28.410447255045288 Y33.307061858816404 F300
G1 X28.399680603134215 Y33.40451544279908 F300
G1 X28.38161609664212 Y33.500897297341844 F300
G1 X28.356289652347236 Y33.595782277082584 F300
G1 X28.323747774230995 Y33.68849313584048 F300
G1 X28.284392210703544 Y33.77759977371872 F300
G1 X28.238289914821472 Y33.8627314380432 F300
G1 X28.185419775804025 Y33.94348005486036 F300
G1 X28.124350135570666 Y34.021481117361596 F300
G1 X28.057809110280708 Y34.092733386969286 F300
G1 X27.985641720248474 Y34.15710463819369 F300
G1 X27.90776352741517 Y34.214259377660916 F300
G1 X27.824033676804344 Y34.2638160714195 F300
G1 X27.73400533135958 Y34.30543005486035 F300
G1 X27.628011086997166 Y34.34006601135238 F300
G1 X27.520241574253372 Y34.36231990041041 F300
G1 X27.41084324802625 Y34.37577394374924 F300
G1 X27.079108664692917 Y34.397434499304794 F300
G1 X27.003000381955808 Y34.40716277100264 F300
G1 X26.937484621379472 Y34.42229777081724 F300
G1 X26.881298652073443 Y34.44270643970603 F300
G1 X26.8333247960117 Y34.468392009355924 F300
G1 X26.79263547024847 Y34.499563665971465 F300
G1 X26.758374496557444 Y34.53691453840283 F300
G1 X26.729998580552955 Y34.58181072790308 F300
G1 X26.707655703830014 Y34.63598041341956 F300
G1 X26.692021705337034 Y34.701620956772814 F300
G1 X26.684279775804026 Y34.78139783263813 F300
G1 X26.68530776126679 Y34.867077710911595 F300
G1 X26.694417402266318 Y34.950766041123764 F300
G1 X26.71097156559881 Y35.03263371709925 F300
G1 X26.734462414692917 Y35.112832554860354 F300
G1 X26.77559367068496 Y35.216714697006694 F300
G1 X26.826721188249415 Y35.31670081878384 F300
G1 X26.886774220248473 Y35.412728943749244 F300
G1 X26.964920881849608 Y35.51611060575685 F300
G1 X27.0503191759021 Y35.60944257053644 F300
G1 X27.142395950146316 Y35.69370629734386 F300
G1 X27.240712244939836 Y35.76974528119781 F300
G1 X27.34492203602846 Y35.838271542485685 F300
G1 X27.45396411139473 Y35.899481222554805 F300
G1 X27.567319274189913 Y35.95393525068629 F300
G1 X27.684491010371932 Y36.00214482852291 F300
G1 X27.84438563044799 Y36.057078738676225 F300
G1 X28.006844668977603 Y36.10240367276922 F300
G1 X28.170320886915142 Y36.13931005486035 F300
G1 X28.374371463796162 Y36.17551942527637 F300
G1 X28.57954310913736 Y36.20374491597146 F300
G1 X28.99172866469292 Y36.246695610415905 F300
G1 X29.041055528569856 Y36.25657828363462 F300
G1 X29.081876730979094 Y36.27430375732447 F300
G1 X29.11563091952174 Y36.29816430800512 F300
G1 X29.14331507094292 Y36.32724800624925 F300
G1 X29.171706408900658 Y36.373911060306035 F300
G1 X29.18855520954086 Y36.42464421482884 F300
G1 X29.194346581359582 Y36.47762394374924 F300
G1 X29.18868844419091 Y36.530399512890206 F300
G1 X29.171963150458595 Y36.57776511950027 F300
G1 X29.14406913344292 Y36.61836904791591 F300
G1 X29.116937839704967 Y36.64182301702853 F300
G1 X29.08359887573464 Y36.65922546671823 F300
G1 X29.042549880088362 Y36.669429536114436 F300
G1 X28.99172866469292 Y36.670028943749244 F300
G1 X28.69158284682479 Y36.64018860782373 F300
G1 X28.390543067985103 Y36.60337223593032 F300
G1 X28.19087370659359 Y36.57196243784992 F300
G1 X27.993282857757457 Y36.53302576675309 F300
G1 X27.7983572243637 Y36.484755281197806 F300
G1 X27.65439130136925 Y36.44136551308718 F300
G1 X27.51259089417746 Y36.390950164248984 F300
G1 X27.373085763615517 Y36.332662325563845 F300
G1 X27.236024220248474 Y36.26560449930481 F300
G1 X27.127210449320028 Y36.20367482982647 F300
G1 X27.021212475526955 Y36.134285109147164 F300
G1 X26.91863043421819 Y36.05762703919093 F300
G1 X26.820112286092098 Y35.97384943757641 F300
G1 X26.727341165510904 Y35.884071621147136 F300
G1 X26.64099971688715 Y35.78869735413713 F300
G1 X26.561631833692765 Y35.68792636804797 F300
G1 X26.489839117367815 Y35.58190548695912 F300
G1 X26.4263364074378 Y35.47080897389209 F300
G1 X26.372340502313822 Y35.355816276573364 F300
G1 X26.32837424117143 Y35.23694069364599 F300
G1 X26.295095331359583 Y35.114137832638136 F300
G1 X26.27684437908921 Y35.01496322914561 F300
G1 X26.266272836619358 Y34.91755072453927 F300
G1 X26.26322082095668 Y34.82226122313004 F300
G1 X26.267609532748473 Y34.729424846527024 F300
G1 X26.27992760654399 Y34.63664972960017 F300
G1 X26.299948737660007 Y34.548334451117846 F300
G1 X26.32760465315589 Y34.46463314081602 F300
G1 X26.362969775804025 Y34.38572227708258 F300
G1 X26.406731818739967 Y34.31113958081207 F300
G1 X26.458414792554606 Y34.24267579561476 F300
G1 X26.518463461833996 Y34.18047699990133 F300
G1 X26.58755251885958 Y34.12488720763814 F300
G1 X26.661953895453976 Y34.07896448804316 F300
G1 X26.74589214869959 Y34.04032661930629 F300
G1 X26.840652821602937 Y34.00984021138507 F300
G1 X26.947734220248474 Y33.988776721527024 F300
G1 X27.0630937673576 Y33.97792946554965 F300
G1 X27.18299780049539 Y33.97264824416079 F300
G1 X27.303232803406313 Y33.9667623932598 F300
G1 X27.421271751112673 Y33.95401112481921 F300
G1 X27.498158916691885 Y33.93853214637133 F300
G1 X27.57223312883299 Y33.91541447630023 F300
G1 X27.64327088691514 Y33.88266116597147 F300
G1 X27.703987735371253 Y33.84354887062719 F300
G1 X27.758281890105344 Y33.797596571811994 F300
G1 X27.806673759372362 Y33.745553912411175 F300
G1 X27.849522414692913 Y33.68799838819369 F300
G1 X27.897670432920506 Y33.60486640418971 F300
G1 X27.935536577815352 Y33.517070856617785 F300
G1 X27.96359310913736 Y33.42644894374925 F300
G1 X27.98123502440539 Y33.337728782420605 F300
G1 X27.988887452603556 Y33.252286209603774 F300
G1 X27.987452995594364 Y33.16994484152378 F300
G1 X27.9776020320911 Y33.09051390464091 F300
G1 X27.959788335474812 Y33.01381914951057 F300
G1 X27.926153705215654 Y32.92035785144511 F300
G1 X27.88120747873552 Y32.83261894820923 F300
G1 X27.825413855282285 Y32.750588821404804 F300
G1 X27.758929734651765 Y32.674441700950894 F300
G1 X27.684364642666196 Y32.606772977938746 F300
G1 X27.60111139506718 Y32.54669555687572 F300
G1 X27.509252300018264 Y32.494660318160314 F300
G1 X27.408744220248476 Y32.451371165971466 F300
G1 X27.30156679714362 Y32.4173369639341 F300
G1 X27.191291440030934 Y32.39292275476863 F300
G1 X27.07863241469292 Y32.378310888193695 F300
G1 X26.965153780477877 Y32.373834610151434 F300
G1 X26.85238525431805 Y32.37968062270077 F300
G1 X26.74100644247069 Y32.396055610415914 F300
G1 X26.615952174802786 Y32.42809002474308 F300
G1 X26.492624755227897 Y32.46853968449 F300
G1 X26.369460164621117 Y32.508449570760256 F300
G1 X26.24587368526905 Y32.53857783263814 F300
G1 X26.162687582857316 Y32.54893716849239 F300
G1 X26.077332888833794 Y32.548598618699444 F300
G1 X25.988460886915142 Y32.53448561041591 F300
G1 X25.905445856253444 Y32.508268546117854 F300
G1 X25.83044595245742 Y32.473002800303284 F300
G1 X25.762525704637035 Y32.42961494552214 F300
G1 X25.70094038344292 Y32.37869673888814 F300
G1 X25.645237498321602 Y32.320681733345886 F300
G1 X25.59570300869375 Y32.25667758951639 F300
G1 X25.552056655732763 Y32.18718017786591 F300
G1 X25.51413352580403 Y32.11261630486036 F300
G1 X25.473319142069123 Y32.00878044429607 F300
G1 X25.442870585183744 Y31.900707739576966 F300
G1 X25.422497293165137 Y31.789888579165915 F300
G1 X25.412074478138116 Y31.677593656925538 F300
G1 X25.411590378216097 Y31.568527676365058 F300
G1 X25.42048866469292 Y31.464157832638133 F300
G1 X25.445173050955404 Y31.323901484547566 F300
G1 X25.481091268202857 Y31.187622841808327 F300
G1 X25.527635693441276 Y31.055339440384596 F300
G1 X25.584338524212065 Y30.92710262679787 F300
G1 X25.650852553581807 Y30.8030169993048 F300
G1 X25.72640597660927 Y30.684022486180837 F300
G1 X25.81013930745403 Y30.57093325924344 F300
G1 X25.901617316789388 Y30.463920449853546 F300
G1 X26.00048059616053 Y30.363208388735316 F300
G1 X26.106429775804024 Y30.26908783263813 F300
G1 X26.22668708572552 Y30.17558948599926 F300
G1 X26.350006169547694 Y30.091555104455967 F300
G1 X26.476180217159513 Y30.01662569292302 F300
G1 X26.605047260940662 Y29.95050449447495 F300
G1 X26.736482067470693 Y29.892958370832577 F300
G1 X26.87200625046043 Y29.843280670261667 F300
G1 X27.009208263953948 Y29.802310702939934 F300
G1 X27.14795771195127 Y29.769874464901434 F300
G1 X27.288143100345376 Y29.745856932363797 F300
G1 X27.429663942470693 Y29.73020213819369 F300
G1 X27.571830922984233 Y29.722925682427032 F300
G1 X27.714282922428783 Y29.72397482655944 F300
G1 X27.85690259389688 Y29.733317462020267 F300
G1 X27.99957100573046 Y29.750975162120195 F300
G1 X28.142160400804027 Y29.777022363888136 F300
G1 X28.282361365172527 Y29.81099419073783 F300
G1 X28.421408715489314 Y29.853132051324977 F300
G1 X28.55916517009464 Y29.903519403761827 F300
G1 X28.695474822675944 Y29.9622891717526 F300
G1 X28.83015644247069 Y30.029622277082577 F300
G1 X29.00418866939978 Y30.130498100399883 F300
G1 X29.17015659902555 Y30.24182924325177 F300
G1 X29.328301950921855 Y30.363112870873067 F300
G1 X29.478808942470693 Y30.493928544443687 F300
G1 X29.621402832545144 Y30.633512160460928 F300
G1 X29.755850559146342 Y30.781080695979334 F300
G1 X29.88222933932594 Y30.936193640483754 F300
G1 X30.000567275804023 Y31.098450749304803 F300
G1 X30.110315804865714 Y31.266629736925314 F300
G1 X30.211413177140997 Y31.440094595636637 F300
G1 X30.303869108389854 Y31.61838281965008 F300
G1 X30.38765269247069 Y31.80105399583258 F300
G1 X30.462693073265953 Y31.98768784236618 F300
G1 X30.528478043404554 Y32.176638990932496 F300
G1 X30.585018080889963 Y32.36743054687954 F300
G1 X30.632286442470686 Y32.559603388193686 F300
G1 X30.673267636145738 Y32.767975087116106 F300
G1 X30.704780659969934 Y32.97961009727329 F300
G1 X30.726720751524603 Y33.194078191942836 F300
G1 X30.738942188998465 Y33.41094656527702 F300
G1 X30.7412811187074 Y33.62784168318324 F300
G1 X30.733737796149462 Y33.844940170258866 F300
G1 X30.71622313608831 Y34.06179776416589 F300
G1 X30.688607414692918 Y34.27796630486036 F300
G1 X30.650800533453687 Y34.49258366224488 F300
G1 X30.60284321726391 Y34.70441342311213 F300
G1 X30.544642359839493 Y34.913049973377106 F300
G1 X30.476056598720692 Y35.11807791944369 F300
G1 X30.396787373201633 Y35.31931770199098 F300
G1 X30.307152966183878 Y35.515069445859524 F300
G1 X30.206988310263096 Y35.70498754025857 F300
G1 X30.09606422024847 Y35.888696721527026 F300
G1 X30.037664039895287 Y35.97208279293232 F300
G1 X29.97731971181908 Y36.04547339948281 F300
G1 X29.91494026963119 Y36.110721989016746 F300
G1 X29.813304480951135 Y36.20003004772064 F300
G1 X29.703618541236125 Y36.2803166392225 F300
G1 X29.5872861733062 Y36.354439859879804 F300
G1 X29.45937088691514 Y36.42915227708258 F300
G1 X29.366581373551654 Y36.48812330597131 F300
G1 X29.28185328737075 Y36.55406785605367 F300
G1 X29.20436547024847 Y36.62677838819369 F300
G1 X29.133472939240157 Y36.70611385527963 F300
G1 X29.06862186066406 Y36.792029659882985 F300
G1 X29.0093675535818 Y36.88451783263813 F300
G1 X28.93769423635341 Y37.01607692032543 F300
G1 X28.874405170165435 Y37.15136584611189 F300
G1 X28.81778047539251 Y37.28979939642415 F300
G1 X28.74189185824361 Y37.50140278610217 F300
G1 X28.671882039178513 Y37.71574589848176 F300
G1 X28.60230941503771 Y37.93010357910221 F300
G1 X28.52789644247069 Y38.14125338819368 F300
G1 X28.46165887485603 Y38.3065660251297 F300
G1 X28.38896809795017 Y38.46588397536708 F300
G1 X28.308659936528038 Y38.61873289618729 F300
G1 X28.219551025804023 Y38.76462936041591 F300
G1 X28.14105911959863 Y38.876067920301054 F300
G1 X28.055392246339913 Y38.982572878674226 F300
G1 X27.961701968949782 Y39.0839720279461 F300
G1 X27.859055234444853 Y39.18002756116979 F300
G1 X27.746423109137353 Y39.270424499304795 F300
G1 X27.626519607279757 Y39.352421760237256 F300
G1 X27.50153483778283 Y39.4249800151225 F300
G1 X27.371909056322934 Y39.48855889374893 F300
G1 X27.238034853393625 Y39.5435373120667 F300
G1 X27.100275331359576 Y39.590217554860345 F300
G1 X26.924351802539764 Y39.636969492836045 F300
G1 X26.74607737681473 Y39.671202683610886 F300
G1 X26.56643718557347 Y39.69353515868148 F300
G1 X26.386394220248466 Y39.704482277082576 F300
G1 X26.21801289968011 Y39.70450699119314 F300
G1 X26.053174116192245 Y39.6947609947689 F300
G1 X25.891585463841075 Y39.67583902868484 F300
G1 X25.732964485054758 Y39.648264841707274 F300
G1 X25.577040418165133 Y39.61249767638814 F300
G1 X25.384286849377116 Y39.55646880416213 F300
G1 X25.195499100771897 Y39.489015939869276 F300
G1 X25.01038750673499 Y39.41090208362116 F300
G1 X24.828686303581797 Y39.322829638193696 F300
G1 X24.65141938660129 Y39.22618131560071 F300
G1 X24.477831687511856 Y39.12145530149071 F300
G1 X24.30779981869805 Y39.00940991255604 F300
G1 X24.141212813998465 Y38.890789308332586 F300
G1 X23.925172518474305 Y38.724383991688725 F300
G1 X23.716322012837097 Y38.55068921981542 F300
G1 X23.514500886915133 Y38.37168783263814 F300
G1 X23.189676693763708 Y38.06520820705016 F300
G1 X22.871316442470686 Y37.752068943749244 F300
G1 X22.83915416327714 Y37.712700302552854 F300
G1 X22.819678776125997 Y37.67370447218068 F300
G1 X22.81019889464978 Y37.63527853844204 F300
G1 X22.80909967163735 Y37.59725462083258 F300
G1 X22.819758019390147 Y37.54637898423676 F300
G1 X22.842395927261336 Y37.49976737792526 F300
G1 X22.875655609137354 Y37.45832852708258 F300
G1 X22.917087416660934 Y37.425046681840655 F300
G1 X22.96379336062471 Y37.402291354617994 F300
G1 X23.014866129970688 Y37.391448474999244 F300
G1 X23.05307772406208 Y37.39238583459793 F300
G1 X23.091723777063482 Y37.40167791169053 F300
G1 X23.130966359070285 Y37.4209211053728 F300
G1 X23.170613109137356 Y37.45277227708258 F300
G1 X23.170613109137356 Y37.45277227708258 F300
G1 X23.171177553581803 Y37.45220783263814 F300;svg#Layer_2 > g#Layer_2-2 > path
G0 X30.14150199802625 Y30.844538943749246
G1 X30.322887336872196 Y30.40625739914636 F300
G1 X30.496301332518 Y29.964842263593418 F300
G1 X30.661800832938336 Y29.520417617106176 F300
G1 X30.81943788829022 Y29.073105595477813 F300
G1 X30.96925977580403 Y28.62302672152703 F300
G1 X31.199882368396626 Y27.90041240053938 F300
G1 X31.272406577563956 Y27.655964327701053 F300
G1 X31.3399451961009 Y27.410224061255093 F300
G1 X31.400871627655885 Y27.163310672144313 F300
G1 X31.453675208503416 Y26.91472141916733 F300
G1 X31.496447667558165 Y26.66583232885437 F300
G1 X31.527636442470698 Y26.416613388193696 F300
G1 X31.54121217518194 Y26.223190734688995 F300
G1 X31.543704276186805 Y26.03266028089144 F300
G1 X31.535953673117184 Y25.844617017452045 F300
G1 X31.518725537120904 Y25.658663799716333 F300
G1 X31.492539293555474 Y25.47332140803506 F300
G1 X31.458139242033383 Y25.289389019657623 F300
G1 X31.41617152962937 Y25.10661066508247 F300
G1 X31.367261051524196 Y24.924734458152543 F300
G1 X31.292840176020746 Y24.68483788465798 F300
G1 X31.208874001871184 Y24.445987290802385 F300
G1 X31.11686199802625 Y24.207801165971475 F300
G1 X30.972972855424448 Y23.859253466630072 F300
G1 X30.822559403519747 Y23.51316334463916 F300
G1 X30.66617074802625 Y23.16945269374925 F300
G1 X30.421749038627027 Y22.658526008807378 F300
G1 X30.167325331359585 Y22.153223388193695 F300
G1 X29.924349636915135 Y21.67829630486036 F300
G1 X29.836552090332106 Y21.521976086379944 F300
G1 X29.742461612226705 Y21.371292872866682 F300
G1 X29.63999310913736 Y21.22824005486036 F300
G1 X29.561420515363263 Y21.137361617260854 F300
G1 X29.479912982982718 Y21.061735067983605 F300
G1 X29.395374384857533 Y20.998662729757484 F300
G1 X29.304690568978113 Y20.944337243375127 F300
G1 X29.209426159676386 Y20.898578343141875 F300
G1 X29.109300351935715 Y20.859835528111393 F300
G1 X28.953207359559784 Y20.81267372326025 F300
G1 X28.784154220248475 Y20.77259227708258 F300
G1 X28.596223883863505 Y20.72657527269003 F300
G1 X28.414375105025506 Y20.671070975295358 F300
G1 X28.23870706328415 Y20.605738313257934 F300
G1 X28.069336036962063 Y20.53017133079028 F300
G1 X27.906407831359584 Y20.443891582638138 F300
G1 X27.775866792914112 Y20.363524999290657 F300
G1 X27.650274318166552 Y20.275154682077666 F300
G1 X27.529673752966104 Y20.1783353334599 F300
G1 X27.414158427008765 Y20.07255152559508 F300
G1 X27.30387947054689 Y19.95721516753788 F300
G1 X27.19905310913736 Y19.831663388193693 F300
G1 X27.101892025169217 Y19.69519532590573 F300
G1 X27.014866524775226 Y19.553465445806864 F300
G1 X26.853320434240242 Y19.262442071321267 F300
G1 X26.77042614205321 Y19.118146279828274 F300
G1 X26.68032866469292 Y18.97765894374925 F300
G1 X26.605393774857234 Y18.88091654922952 F300
G1 X26.52390436555163 Y18.79660568096136 F300
G1 X26.436220148710262 Y18.723173833539647 F300
G1 X26.342508664692915 Y18.65931227708258 F300
G1 X26.24296938727054 Y18.604020786711388 F300
G1 X26.137776710950753 Y18.556447724647143 F300
G1 X26.02711088843332 Y18.51584450828357 F300
G1 X25.91113199802625 Y18.481512277082583 F300
G1 X25.750053489298672 Y18.443416135268365 F300
G1 X25.587411770750027 Y18.412542224140818 F300
G1 X25.423593109137357 Y18.38680908263814 F300
G1 X24.930974220248473 Y18.31994005486036 F300
G1 X24.541563741905808 Y18.25972464558508 F300
G1 X24.15328648630278 Y18.19280448393015 F300
G1 X23.766243109137367 Y18.11913894374925 F300
G1 X23.311488543237097 Y18.02330249344159 F300
G1 X22.85923146476913 Y17.91796737293301 F300
G1 X22.409236337323215 Y17.803756381215834 F300
G1 X21.961269219782874 Y17.681285841171913 F300
G1 X21.51509755358181 Y17.551166721527025 F300
G1 X20.966282128193562 Y17.385762254547334 F300
G1 X20.415383386915142 Y17.22659352708258 F300
G1 X20.138445061036563 Y17.152885229721523 F300
G1 X19.860176603403197 Y17.084988555705092 F300
G1 X19.5801914856955 Y17.024290449223443 F300
G1 X19.298100886915144 Y16.972187832638134 F300
G1 X19.007361326875255 Y16.92890392047556 F300
G1 X18.715503967381505 Y16.895229149274005 F300
G1 X18.42266901451715 Y16.870136809735666 F300
G1 X18.128995331359587 Y16.852613804860358 F300
G1 X17.736816468226166 Y16.839299897134584 F300
G1 X17.34467717419099 Y16.835274067454375 F300
G1 X16.953116442470698 Y16.838132277082583 F300
G1 X16.43313712135673 Y16.849179592025095 F300
G1 X15.913417593989273 Y16.868400254502017 F300
G1 X15.394117423626763 Y16.89682719309666 F300
G1 X14.875396442470702 Y16.93549894374925 F300
G1 X14.421723939807269 Y16.97880882719505 F300
G1 X13.96862003519241 Y17.032144037261236 F300
G1 X13.51658529020733 Y17.09644400547765 F300
G1 X13.178770281183189 Y17.152400873809803 F300
G1 X12.842394355914685 Y17.21539204511302 F300
G1 X12.507636289328582 Y17.285813766107022 F300
G1 X12.174676113252596 Y17.364069067206042 F300
G1 X11.843812069049434 Y17.45053668345676 F300
G1 X11.515364617438841 Y17.54558450845574 F300
G1 X11.189475023520831 Y17.649632923545454 F300
G1 X10.866288664692924 Y17.763115610415916 F300
G1 X10.557146918082982 Y17.882416426473746 F300
G1 X10.252398079180287 Y18.0115573368816 F300
G1 X9.95230784639853 Y18.150679287759633 F300
G1 X9.657150059232597 Y18.2999456252537 F300
G1 X9.367209609992587 Y18.45954245365995 F300
G1 X9.08278533135959 Y18.629678943749248 F300
G1 X8.86358485242549 Y18.769102040617398 F300
G1 X8.647686859137368 Y18.916134499304803 F300
G1 X8.507892629528378 Y19.019869698726744 F300
G1 X8.373109607134252 Y19.129113803337304 F300
G1 X8.244444220248479 Y19.244923388193698 F300
G1 X8.149255612474056 Y19.34218679092012 F300
G1 X8.061905358252673 Y19.444086929195606 F300
G1 X7.9815230054572295 Y19.550314459939845 F300
G1 X7.907294498026256 Y19.66060144374925 F300
G1 X7.8166725829830614 Y19.813383611749238 F300
G1 X7.734090339626337 Y19.97203906258241 F300
G1 X7.657986442470701 Y20.135757832638138 F300
G1 X7.515103440065832 Y20.47070180529192 F300
G1 X7.379824411696044 Y20.810208113870104 F300
G1 X7.2512689424707 Y21.153362971527027 F300
G1 X7.069477119591819 Y21.67186561662134 F300
G1 X6.8985264424707005 Y22.191182277082582 F300
G1 X6.786358430855109 Y22.55180271022308 F300
G1 X6.6814889520899055 Y22.91466477263756 F300
G1 X6.5848364424707 Y23.279836860415916 F300
G1 X6.497360101885237 Y23.6472434094356 F300
G1 X6.42000971741301 Y24.016821606712398 F300
G1 X6.353696442470699 Y24.388705610415915 F300
G1 X6.313426885031527 Y24.659683144440134 F300
G1 X6.280586273399248 Y24.931798002808012 F300
G1 X6.2555065414923465 Y25.20487399996362 F300
G1 X6.238532136915145 Y25.478736027082586 F300
G1 X6.230025541056721 Y25.75293379879627 F300
G1 X6.230328629896514 Y26.027030194628118 F300
G1 X6.239777741478367 Y26.30088947065959 F300
G1 X6.258728664692922 Y26.57437561041592 F300
G1 X6.2864166190519235 Y26.821407671788265 F300
G1 X6.324828648126979 Y27.063099842317225 F300
G1 X6.372417183211443 Y27.300522935518803 F300
G1 X6.428103447829063 Y27.536309520389405 F300
G1 X6.49027708593854 Y27.770365561866207 F300
G1 X6.5575079239521825 Y28.003559396424148 F300
G1 X6.774771998026254 Y28.705153388193693 F300
G1 X6.825148087702426 Y28.876458261029466 F300
G1 X6.8693040159855965 Y29.048936364861774 F300
G1 X6.906022970248478 Y29.22274894374925 F300
G1 X6.9340593007636695 Y29.397979128901657 F300
G1 X6.952163983087866 Y29.574768218669085 F300
G1 X6.959063109137366 Y29.75346783263814 F300
G1 X6.953982539491126 Y29.803986143295944 F300
G1 X6.940193567927806 Y29.845288099287995 F300
G1 X6.919736287490091 Y29.879133848259855 F300
G1 X6.893631650804033 Y29.906780645138138 F300
G1 X6.850133649595571 Y29.935198743096116 F300
G1 X6.801171808461991 Y29.952147009826096 F300
G1 X6.748348942470699 Y29.957937832638137 F300
G1 X6.695513208065704 Y29.952190661653884 F300
G1 X6.646386132210996 Y29.935277555469824 F300
G1 X6.602589984137365 Y29.90686002013814 F300
G1 X6.576215053348966 Y29.879198169023212 F300
G1 X6.555438563525933 Y29.845323780630807 F300
G1 X6.541272835700459 Y29.803994365060426 F300
G1 X6.5357297758040325 Y29.75346783263814 F300
G1 X6.530621343081469 Y29.609810327444936 F300
G1 X6.517366998762709 Y29.467686197088344 F300
G1 X6.496884813219315 Y29.326781999077067 F300
G1 X6.470051373026255 Y29.186789863888137 F300
G1 X6.42600821932637 Y29.001619535073058 F300
G1 X6.374339689901971 Y28.817354567507 F300
G1 X6.317113386915144 Y28.633592415971474 F300
G1 X6.134489150804033 Y28.085660176388142 F300
G1 X6.076831094647648 Y27.902311038901686 F300
G1 X6.024565479632299 Y27.718815243018355 F300
G1 X5.979751998026256 Y27.534777832638138 F300
G1 X5.924477785450897 Y27.25608442336363 F300
G1 X5.880218384113293 Y26.9761850836037 F300
G1 X5.846608464573854 Y26.69519547253547 F300
G1 X5.8233126924707 Y26.41322672152703 F300
G1 X5.810027148055411 Y26.130505177746407 F300
G1 X5.8064563995406475 Y25.84761394500839 F300
G1 X5.8122833828242335 Y25.564707122197362 F300
G1 X5.827210886915144 Y25.28193894374925 F300
G1 X5.853133135207827 Y24.97278041297043 F300
G1 X5.88806347492618 Y24.6651829439701 F300
G1 X5.931516331486037 Y24.35904841022144 F300
G1 X5.983019546838237 Y24.054280331618717 F300
G1 X6.04211265646247 Y23.750784087782176 F300
G1 X6.125892969404875 Y23.373373722736652 F300
G1 X6.219817097729948 Y22.998133436809507 F300
G1 X6.3229759513523565 Y22.62498199225463 F300
G1 X6.434469487738189 Y22.25384083675337 F300
G1 X6.594396170578047 Y21.762432349041227 F300
G1 X6.765012347121587 Y21.275423447585435 F300
G1 X6.944105331359587 Y20.792771165971477 F300
G1 X7.074435738143641 Y20.44894742372502 F300
G1 X7.211803561812263 Y20.10551824416078 F300
G1 X7.286011428571953 Y19.93613969173802 F300
G1 X7.365176597589545 Y19.770058903726646 F300
G1 X7.450468151876842 Y19.608015547178812 F300
G1 X7.54306450831432 Y19.450752235930327 F300
G1 X7.623057229666609 Y19.32910071030443 F300
G1 X7.709067892438783 Y19.211399258055742 F300
G1 X7.801828292825368 Y19.09792551627614 F300
G1 X7.902116416027765 Y18.98899098642417 F300
G1 X8.010764220248475 Y18.884948943749254 F300
G1 X8.20717317743039 Y18.71803984935301 F300
G1 X8.413001852875254 Y18.560018820925812 F300
G1 X8.627060918743632 Y18.410270016562176 F300
G1 X8.848170470248476 Y18.26820519374925 F300
G1 X9.150338011106667 Y18.090639123910442 F300
G1 X9.456770048079452 Y17.92599545138347 F300
G1 X9.76421088691514 Y17.772852277082585 F300
G1 X10.08491827891665 Y17.624998553707417 F300
G1 X10.409468683564095 Y17.488162504723874 F300
G1 X10.737689174376296 Y17.361851273846604 F300
G1 X11.069415495968641 Y17.245593223584645 F300
G1 X11.404477305940059 Y17.13894004074259 F300
G1 X11.742356043106813 Y17.04155619510398 F300
G1 X12.082843308167764 Y16.953006360430297 F300
G1 X12.425733685269051 Y16.872866515765715 F300
G1 X12.770435311088352 Y16.80079923718463 F300
G1 X13.116660067434907 Y16.73638812849602 F300
G1 X13.464160111605473 Y16.679214194431978 F300
G1 X13.812688664692919 Y16.62886449930481 F300
G1 X14.360185557171029 Y16.560821311623815 F300
G1 X14.911718620083745 Y16.50418033518606 F300
G1 X15.466443856040804 Y16.459518547522567 F300
G1 X16.023511720248475 Y16.427428388193697 F300
G1 X16.469673718122735 Y16.411232646580284 F300
G1 X16.91511769358656 Y16.40377659309951 F300
G1 X17.359429392195203 Y16.40531163078296 F300
G1 X17.802197616062106 Y16.41609471304763 F300
G1 X18.24301310913737 Y16.43638894374925 F300
G1 X18.544401543969034 Y16.458087441315193 F300
G1 X18.843638143404736 Y16.488433540217976 F300
G1 X19.140968819837727 Y16.52719801949086 F300
G1 X19.43663672024848 Y16.574166304860363 F300
G1 X19.730954172139313 Y16.629152023586038 F300
G1 X20.02422264420383 Y16.69198759147338 F300
G1 X20.316653911107437 Y16.762501655188156 F300
G1 X20.60845866469292 Y16.840531165971473 F300
G1 X21.188013198597968 Y17.008475888214875 F300
G1 X21.76399991469292 Y17.17986811041592 F300
G1 X22.14836202654383 Y17.291916351346117 F300
G1 X22.53426287144688 Y17.39918326752244 F300
G1 X22.922821998026258 Y17.49909672152703 F300
G1 X23.396276406674772 Y17.60928825644176 F300
G1 X23.871781165728965 Y17.709224313810605 F300
G1 X24.349233166980973 Y17.799041036699993 F300
G1 X24.82853118108177 Y17.878865881708883 F300
G1 X25.309575331359593 Y17.948817832638145 F300
G1 X25.560890535517217 Y17.985497056002796 F300
G1 X25.806925852192926 Y18.03054982916592 F300
G1 X25.968633760152542 Y18.068132739557832 F300
G1 X26.1254968868841 Y18.113054590347463 F300
G1 X26.276997831359594 Y18.166746304860364 F300
G1 X26.387673142171806 Y18.2140477990077 F300
G1 X26.494723081161233 Y18.267813149726308 F300
G1 X26.59804139139922 Y18.328778063561423 F300
G1 X26.697486893859598 Y18.39774298888814 F300
G1 X26.790573987336195 Y18.473553117859044 F300
G1 X26.87985509669215 Y18.55899026856794 F300
G1 X26.965132014440613 Y18.65529469410793 F300
G1 X27.046088664692927 Y18.763875610415923 F300
G1 X27.13738902908554 Y18.908731549836475 F300
G1 X27.22128594864355 Y19.057867544572304 F300
G1 X27.387075825186756 Y19.35700219477806 F300
G1 X27.44711426062119 Y19.453529476168576 F300
G1 X27.51212065330097 Y19.54714020979469 F300
G1 X27.58372199802626 Y19.637071165971474 F300
G1 X27.69377384430156 Y19.755966151488327 F300
G1 X27.812155303175317 Y19.86626406070191 F300
G1 X27.93856352580404 Y19.96757102708259 F300
G1 X28.07221323604342 Y20.05903806189287 F300
G1 X28.21232883123991 Y20.139900672100033 F300
G1 X28.358704220248484 Y20.209700054860363 F300
G1 X28.465443064909586 Y20.25090009549243 F300
G1 X28.573953009589616 Y20.285086028867966 F300
G1 X28.683860804610628 Y20.31419021946942 F300
G1 X29.017139117367826 Y20.389736927288347 F300
G1 X29.18235765927362 Y20.432383603441057 F300
G1 X29.344365331359594 Y20.48670116597147 F300
G1 X29.46199234726028 Y20.539188709150466 F300
G1 X29.570753039886302 Y20.600685057322803 F300
G1 X29.671720426267093 Y20.6705477222765 F300
G1 X29.765846581359597 Y20.748303527082587 F300
G1 X29.85381802498345 Y20.833456682202737 F300
G1 X29.93627347219828 Y20.92558321576488 F300
G1 X30.01378506561202 Y21.024282412311763 F300
G1 X30.086891998026264 Y21.129180054860363 F300
G1 X30.18331208873429 Y21.282564921170426 F300
G1 X30.274362977343554 Y21.440115381007516 F300
G1 X30.361317831359596 Y21.6007733881937 F300
G1 X30.608861998026267 Y22.087606721527028 F300
G1 X30.78684871807066 Y22.44509621755207 F300
G1 X30.959489259267393 Y22.805125950232878 F300
G1 X31.12673977580404 Y23.167671165971473 F300
G1 X31.285432603085077 Y23.519743220913828 F300
G1 X31.44113010502215 Y23.87698968449 F300
G1 X31.53995087895629 Y24.117482046990368 F300
G1 X31.632736733643288 Y24.360017998449752 F300
G1 X31.71776537251186 Y24.604840795601103 F300
G1 X31.79339272895961 Y24.852501682072276 F300
G1 X31.85766861489099 Y25.102563547633522 F300
G1 X31.908918664692926 Y25.35545783263814 F300
G1 X31.93762860839253 Y25.553039627007845 F300
G1 X31.955414400863678 Y25.748939178112977 F300
G1 X31.96312975508365 Y25.943452248674202 F300
G1 X31.96156356181227 Y26.13687367625954 F300
G1 X31.951380309822817 Y26.33041970092976 F300
G1 X31.93327019111574 Y26.523368352249804 F300
G1 X31.907915621476846 Y26.715891879164445 F300
G1 X31.875982286092103 Y26.90816087790563 F300
G1 X31.82461953784351 Y27.162962163322053 F300
G1 X31.764466268983806 Y27.417532133953326 F300
G1 X31.697110886915144 Y27.672078943749252 F300
G1 X31.56534421374345 Y28.131809096916285 F300
G1 X31.425102778997946 Y28.588947134779097 F300
G1 X31.27656520466289 Y29.0434238949966 F300
G1 X31.119904778052984 Y29.495168671623006 F300
G1 X30.95528977580404 Y29.944108943749246 F300
G1 X30.737112828707694 Y30.503406631453363 F300
G1 X30.50740310913737 Y31.058040054860363 F300
G1 X30.488402424063896 Y31.090520976563496 F300
G1 X30.463109697285184 Y31.116324340768266 F300
G1 X30.43236335605096 Y31.1362992318151 F300
G1 X30.397903966899626 Y31.150250269810062 F300
G1 X30.361129134243996 Y31.15833771187098 F300
G1 X30.322986565927497 Y31.160685322350076 F300
G1 X30.284923962521614 Y31.157210734510862 F300
G1 X30.249595653761396 Y31.14822305750681 F300
G1 X30.21784310913737 Y31.133957832638135 F300
G1 X30.17994116670105 Y31.10669576015049 F300
G1 X30.152512964721463 Y31.075753980486933 F300
G1 X30.13362131013279 Y31.04180599871273 F300
G1 X30.122099220248483 Y31.004999915971467 F300
G1 X30.1174728802432 Y30.952647872898467 F300
G1 X30.124291779164132 Y30.898740509789754 F300
G1 X30.14192533135959 Y30.84439783263814 F300
G1 X30.14192533135959 Y30.84439783263814 F300
G1 X30.14150199802625 Y30.844538943749246 F300;svg#Layer_2 > g#Layer_2-2 > path
G0 X13.383146442470698 Y23.184040054860365
G1 X13.355654556731116 Y23.33293967582021 F300
G1 X13.33197537251185 Y23.482740919057896 F300
G1 X13.306993494870712 Y23.632160472566003 F300
G1 X13.27566158650362 Y23.779560301773945 F300
G1 X13.248763224751318 Y23.876027421779348 F300
G1 X13.215206837044569 Y23.970938094578074 F300
G1 X13.173314220248473 Y24.064150054860367 F300
G1 X13.128083131756224 Y24.143742908759545 F300
G1 X13.075092454021398 Y24.21908409094207 F300
G1 X13.014653067985101 Y24.289415651568184 F300
G1 X12.947586353855677 Y24.353320154600215 F300
G1 X12.874826012009073 Y24.40949795233453 F300
G1 X12.796599816956295 Y24.457233347041438 F300
G1 X12.71356122862047 Y24.495409553421023 F300
G1 X12.62647411460636 Y24.522920016424074 F300
G1 X12.535209775804033 Y24.53884783263814 F300
G1 X12.461782979798826 Y24.542017135996915 F300
G1 X12.391651388541064 Y24.536577506033368 F300
G1 X12.32435900992482 Y24.523452897945997 F300
G1 X12.259489117367822 Y24.503329643337732 F300
G1 X12.1761379560004 Y24.466431841966394 F300
G1 X12.097070779570943 Y24.419566236222284 F300
G1 X12.022025249055062 Y24.363922318234852 F300
G1 X11.951954625910762 Y24.301619790122004 F300
G1 X11.886899223001594 Y24.234238668742442 F300
G1 X11.826831998026256 Y24.163210054860365 F300
G1 X11.737882019304218 Y24.045468789083746 F300
G1 X11.655128731667837 Y23.922379723810902 F300
G1 X11.580363803581811 Y23.79385172152703 F300
G1 X11.530811794607995 Y23.694154432188732 F300
G1 X11.48783443077663 Y23.591930377999844 F300
G1 X11.452109675962099 Y23.487009626353327 F300
G1 X11.424383109137366 Y23.379196721527027 F300
G1 X11.404606808165319 Y23.26222241564972 F300
G1 X11.395476286706627 Y23.147001175240373 F300
G1 X11.39652587434963 Y23.03386538776507 F300
G1 X11.407450647628655 Y22.923113099761483 F300
G1 X11.42810426140074 Y22.815044951979708 F300
G1 X11.45896085567137 Y22.708637831870334 F300
G1 X11.499223782262797 Y22.60741490821696 F300
G1 X11.548770745871991 Y22.511574452612564 F300
G1 X11.60766935170372 Y22.421382913784498 F300
G1 X11.676167142059178 Y22.337221824407692 F300
G1 X11.752408169680042 Y22.261647892664755 F300
G1 X11.837575957490095 Y22.193732958236936 F300
G1 X11.932221797753842 Y22.133920013638836 F300
G1 X12.037088061630493 Y22.0829171313819 F300
G1 X12.153080886915145 Y22.041745610415916 F300
G1 X12.281319882801615 Y22.011171768352284 F300
G1 X12.412351014559366 Y21.99193931742865 F300
G1 X12.543958664692921 Y21.98177338819369 F300
G1 X12.653856323559598 Y21.977805423247077 F300
G1 X12.767390470248477 Y21.97990366597147 F300
G1 X12.842609461231019 Y21.987323555121574 F300
G1 X12.915326741762845 Y22.001237465365953 F300
G1 X12.984789775804032 Y22.02311894374925 F300
G1 X13.052208906601265 Y22.05646301953044 F300
G1 X13.109120867627798 Y22.098141335543787 F300
G1 X13.157650886915144 Y22.14726144374925 F300
G1 X13.199269474005483 Y22.203134876832504 F300
G1 X13.235105219717722 Y22.265110813776566 F300
G1 X13.26616533135959 Y22.332575610415912 F300
G1 X13.324698414943548 Y22.479222890405744 F300
G1 X13.378475120029144 Y22.62794535651782 F300
G1 X13.425620886915143 Y22.778627832638136 F300
G1 X13.458925579715574 Y22.917465912342813 F300
G1 X13.480540045112908 Y23.059653848747065 F300
G1 X13.489645643859587 Y23.203603787499247 F300
G1 X13.487657227248592 Y23.311872561847718 F300
G1 X13.477753029452291 Y23.41789536201598 F300
G1 X13.459708366441422 Y23.521139626693476 F300
G1 X13.433205609137365 Y23.62107880486036 F300
G1 X13.397426563797625 Y23.718089706369256 F300
G1 X13.352619032739494 Y23.80949709062187 F300
G1 X13.298292189888638 Y23.895015140096373 F300
G1 X13.233731824415143 Y23.974233613888135 F300
G1 X13.176250402919885 Y24.03075635531315 F300
G1 X13.111805164115005 Y24.08261569336662 F300
G1 X13.03966413782695 Y24.12950324665014 F300
G1 X12.958952432561249 Y24.170939258689394 F300
G1 X12.868655331359587 Y24.206248943749248 F300
G1 X12.765256578348865 Y24.234617526255928 F300
G1 X12.663835014732063 Y24.250652198535875 F300
G1 X12.56429447554491 Y24.25543447083293 F300
G1 X12.46650630358181 Y24.249755263193695 F300
G1 X12.369216407698003 Y24.23389667820266 F300
G1 X12.274710827889244 Y24.20854688103732 F300
G1 X12.183040543286973 Y24.17419722799579 F300
G1 X12.094308109137366 Y24.131177832638137 F300
G1 X12.009767485260685 Y24.080395014355634 F300
G1 X11.929641748310619 Y24.02231181796845 F300
G1 X11.854153216659475 Y23.957261861485254 F300
G1 X11.783599081359586 Y23.885494568749248 F300
G1 X11.719230387761188 Y23.80831893339976 F300
G1 X11.66128199866999 Y23.726109771487316 F300
G1 X11.610048910847512 Y23.639153934900946 F300
G1 X11.565917553581809 Y23.547683388193693 F300
G1 X11.530742691998604 Y23.459626823810222 F300
G1 X11.499752790620304 Y23.366573523187924 F300
G1 X11.474341668808147 Y23.269412277082587 F300
G1 X11.456282407063522 Y23.170861394611926 F300
G1 X11.446759959951764 Y23.072076353667068 F300
G1 X11.446955660577695 Y22.97383153634184 F300
G1 X11.454304370192954 Y22.900747041000784 F300
G1 X11.468368918737042 Y22.82942401772987 F300
G1 X11.48971748931224 Y22.759974747073205 F300
G1 X11.51906866469292 Y22.692550054860362 F300
G1 X11.56360307681857 Y22.61860200794025 F300
G1 X11.617247350519573 Y22.55256877726964 F300
G1 X11.679177512429549 Y22.494095569263656 F300
G1 X11.748059652806266 Y22.443610753243828 F300
G1 X11.822491229423283 Y22.40148444513381 F300
G1 X11.901720187326665 Y22.367764540457067 F300
G1 X11.984221892154874 Y22.342930975964364 F300
G1 X12.068264994197103 Y22.32734724715518 F300
G1 X12.153080886915141 Y22.32114561041591 F300
G1 X12.233476248379226 Y22.324415262914915 F300
G1 X12.310747785055327 Y22.336404797396973 F300
G1 X12.385055343236342 Y22.35640716920309 F300
G1 X12.456526786394642 Y22.383916201232385 F300
G1 X12.525230574415144 Y22.418596061804802 F300
G1 X12.606244286891835 Y22.471048305978456 F300
G1 X12.68107697763897 Y22.532449089478597 F300
G1 X12.749533670599282 Y22.602091731580554 F300
G1 X12.811258386915142 Y22.679426721527026 F300
G1 X12.864874082438943 Y22.762567025409904 F300
G1 X12.909724410970423 Y22.850152308533286 F300
G1 X12.945498722977359 Y22.941506618108313 F300
G1 X12.971714949415144 Y23.036036547915913 F300
G1 X12.987637663296589 Y23.132712893253085 F300
G1 X12.992524532582937 Y23.229335659276025 F300
G1 X12.985943134452047 Y23.325505870465445 F300
G1 X12.967150886915142 Y23.420824499304807 F300
G1 X12.94174556770471 Y23.495593999378684 F300
G1 X12.9077807703818 Y23.56413687991653 F300
G1 X12.866155230891383 Y23.62624522067448 F300
G1 X12.81745290337605 Y23.681571700950894 F300
G1 X12.761477670525517 Y23.729940375668168 F300
G1 X12.700934663481078 Y23.768744357752148 F300
G1 X12.636197034467745 Y23.797715669454547 F300
G1 X12.567409240824611 Y23.816196927288342 F300
G1 X12.511649419742715 Y23.82257198645567 F300
G1 X12.454500902350373 Y23.821353392728078 F300
G1 X12.395774240026748 Y23.81189856297507 F300
G1 X12.335306208368424 Y23.79320187277883 F300
G1 X12.273025331359591 Y23.763865610415916 F300
G1 X12.201257970727376 Y23.715955395678666 F300
G1 X12.140391883916646 Y23.659752980014982 F300
G1 X12.089132283031407 Y23.59613984839708 F300
G1 X12.04657335605095 Y23.525628244160774 F300
G1 X12.01272480980717 Y23.4499444100978 F300
G1 X11.987102247637592 Y23.37013394164972 F300
G1 X11.969256226754753 Y23.286980350614222 F300
G1 X11.958880640001565 Y23.20125038407847 F300
G1 X11.95631251783585 Y23.086055207590512 F300
G1 X11.965612665748278 Y22.97418546357227 F300
G1 X11.985581998026259 Y22.86781005486036 F300
G1 X12.005524684121491 Y22.801535928334214 F300
G1 X12.032814172249656 Y22.738088622087066 F300
G1 X12.06777922024848 Y22.678668249304806 F300
G1 X12.110469192245942 Y22.6251437611527 F300
G1 X12.160849573781135 Y22.579266324187728 F300
G1 X12.219826442470701 Y22.54212561041592 F300
G1 X12.283856313075141 Y22.51679652430686 F300
G1 X12.345795196871492 Y22.504942530912928 F300
G1 X12.40633352066 Y22.50428692728835 F300
G1 X12.466707660711652 Y22.51353308491014 F300
G1 X12.525873199162525 Y22.53150839788093 F300
G1 X12.583934919836958 Y22.557198367617566 F300
G1 X12.666252366278645 Y22.606487903485636 F300
G1 X12.742784220248481 Y22.665174499304804 F300
G1 X12.81723172354943 Y22.735225583854273 F300
G1 X12.886411053251686 Y22.815651746400523 F300
G1 X12.947640969219677 Y22.9052567626793 F300
G1 X12.986075166076333 Y22.976888619964015 F300
G1 X13.016228053542951 Y23.050236314663515 F300
G1 X13.037325846443595 Y23.124880912502476 F300
G1 X13.048420434240253 Y23.200497791485876 F300
G1 X13.049321689057994 Y23.260910650359527 F300
G1 X13.042580820409212 Y23.32084092678695 F300
G1 X13.02750719357153 Y23.380476524086347 F300
G1 X13.003070249758785 Y23.4399505926312 F300
G1 X12.967856442470703 Y23.49928227708258 F300
G1 X12.938992337447761 Y23.534005021951003 F300
G1 X12.904058751120981 Y23.563989233075564 F300
G1 X12.863839914692925 Y23.587529638193693 F300
G1 X12.82047916887008 Y23.602057853450788 F300
G1 X12.775510750082457 Y23.605766318654368 F300
G1 X12.728814220248482 Y23.59650783263814 F300
G1 X12.640443811020427 Y23.55962205859298 F300
G1 X12.559527385252547 Y23.51453201105235 F300
G1 X12.485930481234394 Y23.46155027951542 F300
G1 X12.419657414692928 Y23.40075144374925 F300
G1 X12.361282001458626 Y23.33250321200421 F300
G1 X12.311305053114918 Y23.257080442129208 F300
G1 X12.270021056314153 Y23.174169344664527 F300
G1 X12.23802977580404 Y23.083286721527028 F300
G1 X12.2293174387843 Y23.03319056831546 F300
G1 X12.23149983941116 Y22.989711304535007 F300
G1 X12.242119405275824 Y22.951677690787484 F300
G1 X12.259846876498484 Y22.918133804860364 F300
G1 X12.294140890068828 Y22.879234457953675 F300
G1 X12.336802421026718 Y22.849930265322083 F300
G1 X12.386214081359595 Y22.830345054860363 F300
G1 X12.438708318349763 Y22.8218769126615 F300
G1 X12.490648252005318 Y22.825133876459475 F300
G1 X12.54054774455404 Y22.840875471527028 F300
G1 X12.573446555983272 Y22.86051437478159 F300
G1 X12.602598052311206 Y22.887606918704435 F300
G1 X12.627358908730502 Y22.923599750375146 F300
G1 X12.646264220248485 Y22.97068005486036 F300
G1 X12.663773994029755 Y23.0190762636843 F300
G1 X12.687453490182227 Y23.063456101968296 F300
G1 X12.717225470248486 Y23.103430332638137 F300
G1 X12.75279863739262 Y23.13804398313208 F300
G1 X12.794032213631864 Y23.166498044938244 F300
G1 X12.841420886915154 Y23.18813227708258 F300
G1 X12.602378664692932 Y23.285357832638134 F300
G1 X12.619386707643375 Y23.24832525093233 F300
G1 X12.622351725314026 Y23.210207051361778 F300
G1 X12.613615290207337 Y23.170017791485876 F300
G1 X12.595943956147236 Y23.131014182380405 F300
G1 X12.570893745041733 Y23.092217412418048 F300
G1 X12.540153891030382 Y23.0543641700867 F300
G1 X12.48930062380559 Y23.00307942676087 F300
G1 X12.443487553581821 Y22.96433005486036 F300
G1 X12.421960269631207 Y22.946727750333615 F300
G1 X12.397704837532439 Y22.924076803831554 F300
G1 X12.395253781060827 Y22.91898191051312 F300
G1 X12.405810886915154 Y22.9217144993048 F300
G1 X12.413687266478481 Y22.9210172804069 F300
G1 X12.418307059754664 Y22.91360844992209 F300
G1 X12.418385454816391 Y22.901645363502336 F300
G1 X12.40877422024849 Y22.930604499304803 F300
G1 X12.390641442470713 Y23.02678936041591 F300
G1 X12.38511443625534 Y23.076889514697022 F300
G1 X12.3835153313596 Y23.13324005486036 F300
G1 X12.385204518188784 Y23.188435087334863 F300
G1 X12.391311720248488 Y23.24750477708258 F300
G1 X12.3998154193036 Y23.285983756947964 F300
G1 X12.41297352092726 Y23.32145547344426 F300
G1 X12.431916442470714 Y23.35309116597147 F300
G1 X12.459563699262675 Y23.380458076514685 F300
G1 X12.493017553581828 Y23.399375610415916 F300
G1 X12.512579081359606 Y23.39664158263814 F300
G1 X12.511079775804053 Y23.39824672152703 F300
G1 X12.531115917712613 Y23.382623890745077 F300
G1 X12.546833813921076 Y23.358707963527507 F300
G1 X12.558561051524222 Y23.326201659798635 F300
G1 X12.56711831907406 Y23.27279393516486 F300
G1 X12.567879611195004 Y23.213234375848018 F300
G1 X12.561963512338696 Y23.154396159565888 F300
G1 X12.551860886915167 Y23.10657005486036 F300
G1 X12.530058513952367 Y23.044175112009874 F300
G1 X12.500014914740671 Y22.9835860814198 F300
G1 X12.462277379970724 Y22.92593239861036 F300
G1 X12.41794534302129 Y22.873277792030073 F300
G1 X12.368722488942225 Y22.82785779796535 F300
G1 X12.315252831359613 Y22.79060463819369 F300
G1 X12.257170925698832 Y22.762353155920326 F300
G1 X12.197307982265384 Y22.745561564002294 F300
G1 X12.135578699415166 Y22.741187086110358 F300
G1 X12.090224546368322 Y22.74664746677542 F300
G1 X12.044048414817649 Y22.760277774438606 F300
G1 X11.996711555931176 Y22.78348119880632 F300
G1 X11.948046442470721 Y22.81828005486036 F300
G1 X11.917076787738027 Y22.850678173800937 F300
G1 X11.895008458004847 Y22.886793960341432 F300
G1 X11.880203356050972 Y22.926355486959128 F300
G1 X11.869551340292382 Y22.990154170427534 F300
G1 X11.86993360296455 Y23.05776128942826 F300
G1 X11.878254244154906 Y23.12535427254943 F300
G1 X11.890896442470721 Y23.188696721527027 F300
G1 X11.910753133195012 Y23.264848729661757 F300
G1 X11.93596758531141 Y23.33967584050618 F300
G1 X11.96693769247072 Y23.412516582638133 F300
G1 X12.003907921250537 Y23.48230847822704 F300
G1 X12.047108472855886 Y23.548100861704665 F300
G1 X12.097059775804055 Y23.609348943749247 F300
G1 X12.149293814558119 Y23.66064402806707 F300
G1 X12.207186230741858 Y23.706387746424426 F300
G1 X12.270080321301691 Y23.74616048060105 F300
G1 X12.337403356050972 Y23.779398285313036 F300
G1 X12.407842006544158 Y23.80512362540764 F300
G1 X12.479458021277036 Y23.822420535522422 F300
G1 X12.551736533294152 Y23.830922925628826 F300
G1 X12.624219528890476 Y23.830036268852126 F300
G1 X12.69519769047471 Y23.819171152388613 F300
G1 X12.76411889681318 Y23.797755907021035 F300
G1 X12.830856180307958 Y23.764724444364028 F300
G1 X12.895043109137386 Y23.718427832638135 F300
G1 X12.945797929512969 Y23.66834747389164 F300
G1 X12.986472578553775 Y23.61475195625081 F300
G1 X13.01844286874399 Y23.557896978500054 F300
G1 X13.042755574415164 Y23.497842502777022 F300
G1 X13.064408864240592 Y23.413359436579086 F300
G1 X13.074995157812342 Y23.32470008964432 F300
G1 X13.075771164692943 Y23.23242352708258 F300
G1 X13.068176359923214 Y23.13998667770389 F300
G1 X13.053746201387224 Y23.047686402651678 F300
G1 X13.033909671637387 Y22.956606426388134 F300
G1 X12.99665190238097 Y22.823333849111123 F300
G1 X12.956990886915165 Y22.704826721527027 F300
G1 X12.912399775804055 Y22.577350471527023 F300
G1 X12.887501978919014 Y22.51413005357754 F300
G1 X12.858918664692942 Y22.453790054860356 F300
G1 X12.846758220837286 Y22.431832599043506 F300
G1 X12.832248664692942 Y22.412726721527026 F300
G1 X12.836795578273192 Y22.412831248276 F300
G1 X12.846140269631213 Y22.418831083666944 F300
G1 X12.829708664692943 Y22.41554894374925 F300
G1 X12.77294831464029 Y22.405503233059427 F300
G1 X12.714561998026273 Y22.403695610415916 F300
G1 X12.582238886662443 Y22.403425733063287 F300
G1 X12.449026164692942 Y22.412373943749248 F300
G1 X12.361181687576913 Y22.42550853057776 F300
G1 X12.27515089549874 Y22.445750909191634 F300
G1 X12.191321998026275 Y22.474392277082583 F300
G1 X12.114335019720711 Y22.51223518001444 F300
G1 X12.047732311344333 Y22.55828863640942 F300
G1 X11.990339420161838 Y22.61158245567646 F300
G1 X11.94130446716208 Y22.67155063099205 F300
G1 X11.900119227166277 Y22.737909460147414 F300
G1 X11.867252089651549 Y22.808926138967273 F300
G1 X11.842392890993784 Y22.88406151423987 F300
G1 X11.825436565927511 Y22.96284577502497 F300
G1 X11.816587623897824 Y23.042938285007715 F300
G1 X11.815570004945377 Y23.123608583590695 F300
G1 X11.822235073033774 Y23.204210046755858 F300
G1 X11.836568664692942 Y23.284087832638136 F300
G1 X11.865107397921804 Y23.38662286743547 F300
G1 X11.902073903763537 Y23.485671681984044 F300
G1 X11.946617692470719 Y23.581585332638138 F300
G1 X11.997785881740647 Y23.67434406274973 F300
G1 X12.054612484605446 Y23.763931650088367 F300
G1 X12.116250886915163 Y23.850507832638137 F300
G1 X12.16294256645614 Y23.91123700770581 F300
G1 X12.219586030948086 Y23.97735626885213 F300
G1 X12.261005289368962 Y24.01874306775091 F300
G1 X12.30497475129321 Y24.05545641421559 F300
G1 X12.351488335474835 Y24.08570347049822 F300
G1 X12.401243334970797 Y24.107854277390565 F300
G1 X12.452960451269451 Y24.11930980182182 F300
G1 X12.507693109137385 Y24.118195610415913 F300
G1 X12.560633348359197 Y24.104835146287765 F300
G1 X12.609740047756127 Y24.081950311203876 F300
G1 X12.655530516544797 Y24.050608614531143 F300
G1 X12.696933814154121 Y24.01287181192533 F300
G1 X12.734245757596991 Y23.969890018570766 F300
G1 X12.767431627655906 Y23.922845569263647 F300
G1 X12.808823088538832 Y23.84786821511863 F300
G1 X12.83831644247072 Y23.77501338819369 F300
G1 X12.871540300940742 Y23.66024554187872 F300
G1 X12.89676594084864 Y23.54363537978345 F300
G1 X12.916880053581833 Y23.425692832638134 F300
G1 X12.943662562364715 Y23.248021874914482 F300
G1 X12.97491199802628 Y23.07171561041591 F300
G1 X12.990550096055317 Y23.023461422023708 F300
G1 X13.012585992639938 Y22.98683830020545 F300
G1 X13.039360183929386 Y22.95938649639269 F300
G1 X13.070190661220726 Y22.93947024583258 F300
G1 X13.117849675944651 Y22.92337153797794 F300
G1 X13.168568703922707 Y22.9198190028279 F300
G1 X13.220992136915171 Y22.928258527082576 F300
G1 X13.27049734127913 Y22.947825843292954 F300
G1 X13.314372570195626 Y22.97739137431097 F300
G1 X13.35081215427628 Y23.016927016665914 F300
G1 X13.37052605689108 Y23.051113807581878 F300
G1 X13.38345277269622 Y23.08983197571448 F300
G1 X13.388383611186361 Y23.13389193476145 F300
G1 X13.383146442470725 Y23.184322277082583 F300
G1 X13.383146442470725 Y23.184322277082583 F300
G1 X13.383146442470698 Y23.184040054860365 F300;svg#Layer_2 > g#Layer_2-2 > path
G0 X19.21950199802625 Y23.17359783263814
G1 X19.070769952072663 Y23.117731973641934 F300
G1 X18.925991775868273 Y23.054202544610675 F300
G1 X18.78546225402173 Y22.982510057177233 F300
G1 X18.649500553118997 Y22.902099438681937 F300
G1 X18.518461998026247 Y22.812353388193696 F300
G1 X18.417279386026337 Y22.733988394046044 F300
G1 X18.320365049619134 Y22.649087764576944 F300
G1 X18.230701164692917 Y22.55655422152703 F300
G1 X18.170345039953546 Y22.48181421472322 F300
G1 X18.117529482280172 Y22.402355403168908 F300
G1 X18.07328010401512 Y22.31739607636148 F300
G1 X18.038825331359583 Y22.226036721527027 F300
G1 X18.016146349369755 Y22.129775792165695 F300
G1 X18.007703555811247 Y22.0401264247464 F300
G1 X18.01144158702042 Y21.956097328464367 F300
G1 X18.025907050109584 Y21.87674703402703 F300
G1 X18.051077137872944 Y21.79895618976111 F300
G1 X18.085636678060492 Y21.725432142892114 F300
G1 X18.128897190800544 Y21.655791887187213 F300
G1 X18.180377414692916 Y21.589766721527027 F300
G1 X18.258481837390907 Y21.509634557021393 F300
G1 X18.34688622583993 Y21.437029599441434 F300
G1 X18.444094237609583 Y21.37200140902703 F300
G1 X18.5468863311023 Y21.31566117799315 F300
G1 X18.652453137756027 Y21.26845973072847 F300
G1 X18.75891533135958 Y21.230356721527027 F300
G1 X18.91711642955352 Y21.186362028233336 F300
G1 X19.0831083709647 Y21.15252769668921 F300
G1 X19.255056771688803 Y21.130700919057894 F300
G1 X19.38473665675932 Y21.12349692524936 F300
G1 X19.513823539491796 Y21.124812391343845 F300
G1 X19.641621826355273 Y21.135252776567974 F300
G1 X19.767441668808146 Y21.155505116588756 F300
G1 X19.866523740060966 Y21.179387475445747 F300
G1 X19.962631765300912 Y21.210244287505915 F300
G1 X20.05558450256179 Y21.248450947260558 F300
G1 X20.145170576362688 Y21.294475835621334 F300
G1 X20.231127553581807 Y21.348890054860362 F300
G1 X20.31084090051215 Y21.409850970620738 F300
G1 X20.38393405382628 Y21.476170735923983 F300
G1 X20.450323460173337 Y21.547397101186554 F300
G1 X20.509860202158546 Y21.623173999012227 F300
G1 X20.562310105022142 Y21.703220054860363 F300
G1 X20.607677120811804 Y21.78802186084882 F300
G1 X20.644465970262647 Y21.87520712890568 F300
G1 X20.672548592544096 Y21.964556500512536 F300
G1 X20.691657524385022 Y22.055918629157475 F300
G1 X20.701362039178516 Y22.14917820300851 F300
G1 X20.70117333303608 Y22.24200491017423 F300
G1 X20.690849253738932 Y22.33530143891764 F300
G1 X20.66975310598983 Y22.429140909458315 F300
G1 X20.63696073258206 Y22.52355111570631 F300
G1 X20.591243109137366 Y22.618466721527025 F300
G1 X20.528561263268514 Y22.718209291583563 F300
G1 X20.45909259710595 Y22.805415315848094 F300
G1 X20.3834883367465 Y22.881519005391763 F300
G1 X20.302154949415144 Y22.94770540208258 F300
G1 X20.21385077540513 Y23.005776720338257 F300
G1 X20.120692230543963 Y23.054969467198525 F300
G1 X20.02300839136507 Y23.095921656580394 F300
G1 X19.921071164692922 Y23.129147832638132 F300
G1 X19.781663933206953 Y23.161622923753477 F300
G1 X19.638195684553367 Y23.182018188508334 F300
G1 X19.491780296637366 Y23.191316096527025 F300
G1 X19.344828850796844 Y23.19043614547087 F300
G1 X19.199810047629953 Y23.18052276547752 F300
G1 X19.058070886915147 Y23.16273227708258 F300
G1 X19.022095642444636 Y23.152463634469314 F300
G1 X18.990684161110913 Y23.13455266855435 F300
G1 X18.963348746997454 Y23.109972400539373 F300
G1 X18.94081839705042 Y23.080341783744807 F300
G1 X18.923351310999294 Y23.04702332891586 F300
G1 X18.911116730536545 Y23.010928079551718 F300
G1 X18.904616959039323 Y22.973400521697677 F300
G1 X18.904282977144284 Y22.93694748372529 F300
G1 X18.9101864424707 Y22.90238227708258 F300
G1 X18.92704116824895 Y22.85908466547112 F300
G1 X18.949937061107903 Y22.824622289715702 F300
G1 X18.977810683630516 Y22.797463875021087 F300
G1 X19.010251859137373 Y22.77663463819369 F300
G1 X19.05935853934581 Y22.758434677538105 F300
G1 X19.11311373308252 Y22.75107357660359 F300
G1 X19.170536442470702 Y22.754497832638133 F300
G1 X19.285228692322868 Y22.768819657818995 F300
G1 X19.403008950680867 Y22.776279313993303 F300
G1 X19.522378705845192 Y22.775288203008504 F300
G1 X19.64081112569746 Y22.76426556598312 F300
G1 X19.755640866072078 Y22.741916433948106 F300
G1 X19.8657856605777 Y22.706802277082577 F300
G1 X19.944246334796688 Y22.671271247458243 F300
G1 X20.018436594283084 Y22.627171050287057 F300
G1 X20.08810298566347 Y22.573495538510706 F300
G1 X20.152810886915145 Y22.508964499304803 F300
G1 X20.202326065518353 Y22.4437181517872 F300
G1 X20.238033562127242 Y22.378105780782615 F300
G1 X20.261806666911472 Y22.31225791707043 F300
G1 X20.27495039308799 Y22.246074499304807 F300
G1 X20.27819197194468 Y22.17786476492629 F300
G1 X20.271648185614623 Y22.11025840580236 F300
G1 X20.255789241595203 Y22.04329401664432 F300
G1 X20.230766936297865 Y21.97706968448999 F300
G1 X20.19811094624754 Y21.914548956334798 F300
G1 X20.157666125689353 Y21.854597520972604 F300
G1 X20.10954868633129 Y21.797581205213508 F300
G1 X20.053750886915147 Y21.744001165971472 F300
G1 X19.982021783426895 Y21.689534563853577 F300
G1 X19.905970939161552 Y21.645360546631718 F300
G1 X19.825948192478528 Y21.610376353066403 F300
G1 X19.74218277991927 Y21.583714622761597 F300
G1 X19.626743348127388 Y21.560238534593985 F300
G1 X19.508075341146334 Y21.548984140029198 F300
G1 X19.387371956874 Y21.54845252399616 F300
G1 X19.266611879055 Y21.557204344484845 F300
G1 X19.14934710298674 Y21.57343805784887 F300
G1 X19.037045331359597 Y21.59541116597147 F300
G1 X18.953131324702646 Y21.61564558543776 F300
G1 X18.849565991081818 Y21.645959811804804 F300
G1 X18.74517978470647 Y21.684510383042287 F300
G1 X18.643803942470708 Y21.73352366597147 F300
G1 X18.580842187021876 Y21.773338468295876 F300
G1 X18.52701377804039 Y21.817514788224123 F300
G1 X18.483603143859597 Y21.86643710347147 F300
G1 X18.45831331926503 Y21.907411930264026 F300
G1 X18.440832500827213 Y21.951491508562995 F300
G1 X18.43186254600528 Y21.999636598431717 F300
G1 X18.432807553581817 Y22.0530344993048 F300
G1 X18.4445031521789 Y22.108842538194217 F300
G1 X18.465379663235115 Y22.16206774923441 F300
G1 X18.49433199802627 Y22.213211289428262 F300
G1 X18.548650653176356 Y22.284050011160755 F300
G1 X18.612583109137375 Y22.349022894366534 F300
G1 X18.681545900736527 Y22.408004488325197 F300
G1 X18.747767553581816 Y22.458587832638134 F300
G1 X18.88508262841987 Y22.551846618704793 F300
G1 X19.028419295422385 Y22.63421883750635 F300
G1 X19.17746441929361 Y22.705604904119017 F300
G1 X19.331967553581823 Y22.76578672152702 F300
G1 X19.37766387802681 Y22.787139756519597 F300
G1 X19.412824031685723 Y22.813987305118538 F300
G1 X19.439395679318565 Y22.845001561260258 F300
G1 X19.458656668165155 Y22.879559759721467 F300
G1 X19.473975756908743 Y22.931219418623105 F300
G1 X19.476976702443864 Y22.98414135196514 F300
G1 X19.46854547024849 Y23.036737693749245 F300
G1 X19.449062014018466 Y23.08614570267157 F300
G1 X19.42014438411182 Y23.127878083538853 F300
G1 X19.381993647331825 Y23.160498752777023 F300
G1 X19.349159043760636 Y23.176684290403777 F300
G1 X19.311870372146075 Y23.185513315085828 F300
G1 X19.269038064597467 Y23.185536239603294 F300
G1 X19.219360886915155 Y23.174021165971467 F300
G1 X19.219360886915155 Y23.174021165971467 F300
G1 X19.21950199802625 Y23.17359783263814 F300;svg#Layer_2 > g#Layer_2-2 > path
G0 X25.29250088691514 Y26.42324561041592
G1 X25.19080064519906 Y26.36615077551509 F300
G1 X25.09582529996769 Y26.301624752866125 F300
G1 X25.007469121084057 Y26.230152826811697 F300
G1 X24.925695411008146 Y26.152106751494607 F300
G1 X24.850551339590037 Y26.06776581617724 F300
G1 X24.782221206746833 Y25.977395910023162 F300
G1 X24.72168168452987 Y25.882431716812825 F300
G1 X24.66898391716219 Y25.78318839275543 F300
G1 X24.624269421178592 Y25.67991929869504 F300
G1 X24.587781545351355 Y25.572836886136084 F300
G1 X24.560154637342357 Y25.463467285108177 F300
G1 X24.541541903676073 Y25.35216034407223 F300
G1 X24.532162993324974 Y25.239093537596546 F300
G1 X24.532365813706342 Y25.124426285743734 F300
G1 X24.542636442470695 Y25.00832449930481 F300
G1 X24.561616435275525 Y24.900810423940108 F300
G1 X24.59000460254244 Y24.792694295248833 F300
G1 X24.62764716386697 Y24.68484480780674 F300
G1 X24.674482727192917 Y24.578204603471477 F300
G1 X24.729349826408317 Y24.475828997681944 F300
G1 X24.791776838879617 Y24.37871343040948 F300
G1 X24.861479034864594 Y24.287696139077593 F300
G1 X24.938276720248474 Y24.203673665971472 F300
G1 X25.022638948712252 Y24.127185669063124 F300
G1 X25.11244302856354 Y24.061032798229597 F300
G1 X25.207677484470764 Y24.00583846770705 F300
G1 X25.308486129970696 Y23.962439811804806 F300
G1 X25.39175295839121 Y23.937344448049295 F300
G1 X25.47808665583359 Y23.921014139793343 F300
G1 X25.567877672297854 Y23.914071238190655 F300
G1 X25.6615590029064 Y23.917406503656554 F300
G1 X25.759578664692917 Y23.932211165971474 F300
G1 X25.83064447388258 Y23.951283557306034 F300
G1 X25.899146377803017 Y23.977737988751418 F300
G1 X25.9652178681382 Y24.01101405573012 F300
G1 X26.02893887045424 Y24.050666104243085 F300
G1 X26.1086222514026 Y24.111442955699268 F300
G1 X26.1826237973989 Y24.180208936726004 F300
G1 X26.250760310783452 Y24.255669190662836 F300
G1 X26.312681235617667 Y24.336513533316676 F300
G1 X26.366806908954874 Y24.41954305076459 F300
G1 X26.413064220248472 Y24.50328783263814 F300
G1 X26.460685113274938 Y24.607427055772124 F300
G1 X26.499472225494838 Y24.713527796279365 F300
G1 X26.529586435842077 Y24.821479686901593 F300
G1 X26.551088525804026 Y24.93120727708258 F300
G1 X26.563908363874845 Y25.04228891194328 F300
G1 X26.567986042337296 Y25.154271802909356 F300
G1 X26.563248873582904 Y25.267100499423968 F300
G1 X26.54951866469292 Y25.380716721527033 F300
G1 X26.528632520591287 Y25.48178832951992 F300
G1 X26.499222543877273 Y25.580633217432947 F300
G1 X26.461740811983574 Y25.677032429654016 F300
G1 X26.416539081359588 Y25.77073019374926 F300
G1 X26.364281181519623 Y25.860790527817812 F300
G1 X26.305745199559844 Y25.946329893245448 F300
G1 X26.241358425382277 Y26.027058057833173 F300
G1 X26.171481998026252 Y26.102641165971477 F300
G1 X26.104088107107625 Y26.166191509043795 F300
G1 X26.02936745297435 Y26.228233715562546 F300
G1 X25.94782088691515 Y26.2874287791402 F300
G1 X25.862521445876524 Y26.340819336631775 F300
G1 X25.77372819391772 Y26.38764912304212 F300
G1 X25.68210866469292 Y26.426747256506452 F300
G1 X25.587572555190025 Y26.457046471619066 F300
G1 X25.493058830971755 Y26.476563134853382 F300
G1 X25.39889866469292 Y26.48434672152703 F300
G1 X25.320258006462424 Y26.478433603895976 F300
G1 X25.247123964011625 Y26.45949102614678 F300
G1 X25.17842950130253 Y26.429139638701084 F300
G1 X25.113315907491273 Y26.388391165971473 F300
G1 X25.03396311915644 Y26.321754325282452 F300
G1 X24.961571187471517 Y26.24324082754561 F300
G1 X24.895811421894564 Y26.15574598078629 F300
G1 X24.836823674487356 Y26.062718485643344 F300
G1 X24.78653376824766 Y25.97130268934776 F300
G1 X24.744284220248474 Y25.88490672152703 F300
G1 X24.687196548627682 Y25.749463367010396 F300
G1 X24.64013140871855 Y25.61057543225859 F300
G1 X24.603578803581808 Y25.468540749304807 F300
G1 X24.578218608817096 Y25.32420025617634 F300
G1 X24.56466245300185 Y25.178265228208993 F300
G1 X24.56352088691514 Y25.030902277082586 F300
G1 X24.56955009407227 Y24.93065590943026 F300
G1 X24.581773870932974 Y24.82835994500379 F300
G1 X24.60199195687399 Y24.726546515765715 F300
G1 X24.623608706230417 Y24.651945264233785 F300
G1 X24.651052418725666 Y24.581760654638707 F300
G1 X24.6849699387677 Y24.516652197133602 F300
G1 X24.726133150289627 Y24.457311742103165 F300
G1 X24.76425015293922 Y24.415162307694303 F300
G1 X24.807785419989884 Y24.377694182283733 F300
G1 X24.857616008087504 Y24.345216094775772 F300
G1 X24.914840360335738 Y24.31829863931373 F300
G1 X24.980786442470695 Y24.297830054860366 F300
G1 X25.071296678125496 Y24.28362124359286 F300
G1 X25.16199058535486 Y24.28280984842861 F300
G1 X25.252953191441893 Y24.293863264736913 F300
G1 X25.342615583028778 Y24.315166530514787 F300
G1 X25.430744355001785 Y24.345271651070533 F300
G1 X25.516904137943946 Y24.38284165979864 F300
G1 X25.64038046753807 Y24.449829362260495 F300
G1 X25.752381998026245 Y24.523466721527033 F300
G1 X25.868052328070757 Y24.61140984470267 F300
G1 X25.978332244939832 Y24.7097438408686 F300
G1 X26.045924891426996 Y24.781251412752116 F300
G1 X26.106486952854688 Y24.857232992766573 F300
G1 X26.158750640001557 Y24.938134787370657 F300
G1 X26.191551465927645 Y25.002083460184416 F300
G1 X26.218212505415487 Y25.069031727970476 F300
G1 X26.238157116560153 Y25.13942879542492 F300
G1 X26.25064533135958 Y25.21378227708259 F300
G1 X26.254037353435958 Y25.291854524494926 F300
G1 X26.247383747693014 Y25.364818701922605 F300
G1 X26.231921615636143 Y25.4334294718529 F300
G1 X26.208515825186748 Y25.498361577494116 F300
G1 X26.165556830886693 Y25.580700765446966 F300
G1 X26.111120642993363 Y25.657032125789275 F300
G1 X26.04644187456946 Y25.727844828522915 F300
G1 X25.97442907415274 Y25.791902327583657 F300
G1 X25.896489748630923 Y25.849714822856896 F300
G1 X25.81418866469292 Y25.90141672152703 F300
G1 X25.744950064327497 Y25.940281948366426 F300
G1 X25.674542020585555 Y25.974970125855158 F300
G1 X25.602610192470696 Y26.002187693749256 F300
G1 X25.547551177627106 Y26.015701416387504 F300
G1 X25.49143785842263 Y26.021774227997398 F300
G1 X25.433501224765365 Y26.018951996743645 F300
G1 X25.37293422024847 Y26.005274499304807 F300
G1 X25.304541471875563 Y25.97674442424909 F300
G1 X25.240350190668337 Y25.93780468716478 F300
G1 X25.179982414692915 Y25.890216027082584 F300
G1 X25.098254058116247 Y25.80847936343997 F300
G1 X25.028199775804026 Y25.722346721527032 F300
G1 X24.9750364081817 Y25.643835395731674 F300
G1 X24.929145337380007 Y25.5602332936807 F300
G1 X24.89063775246635 Y25.472160268354777 F300
G1 X24.859748386915136 Y25.38018755486037 F300
G1 X24.837039463500524 Y25.285870523855984 F300
G1 X24.82284971730684 Y25.19076111961352 F300
G1 X24.81729581696327 Y25.095464822052712 F300
G1 X24.82062533135958 Y25.000563388193697 F300
G1 X24.83183653297324 Y24.909355473190526 F300
G1 X24.850711328006863 Y24.81709423605521 F300
G1 X24.877733520659994 Y24.725104046629912 F300
G1 X24.912901915286753 Y24.636136916428907 F300
G1 X24.95629952415922 Y24.55194813440516 F300
G1 X25.008344919836947 Y24.473664951979707 F300
G1 X25.053307931639345 Y24.419682958691478 F300
G1 X25.10322058627809 Y24.370786967089877 F300
G1 X25.158466160782734 Y24.327361259380734 F300
G1 X25.21954644247069 Y24.289927832638142 F300
G1 X25.284913693641155 Y24.26048680356688 F300
G1 X25.34777110951021 Y24.242036995105646 F300
G1 X25.40846255539809 Y24.233031363985297 F300
G1 X25.467384115592907 Y24.232328578353524 F300
G1 X25.52494224493983 Y24.23915396432539 F300
G1 X25.596204602624017 Y24.257829612331633 F300
G1 X25.664791214938692 Y24.28660545076559 F300
G1 X25.730780573588394 Y24.324643225309977 F300
G1 X25.79411952889044 Y24.371322812062008 F300
G1 X25.87099936840719 Y24.442937756783245 F300
G1 X25.939620202082303 Y24.523493780054796 F300
G1 X25.999326442470693 Y24.610673388193696 F300
G1 X26.044678732087814 Y24.693030111800574 F300
G1 X26.084737207696527 Y24.78401785558744 F300
G1 X26.118204714075635 Y24.8824533881937 F300
G1 X26.142813884417762 Y24.98331926924387 F300
G1 X26.15790290798801 Y25.085606756635457 F300
G1 X26.16248224493983 Y25.187911906712216 F300
G1 X26.15824017847078 Y25.264577428423067 F300
G1 X26.146958440251844 Y25.33850713593302 F300
G1 X26.12829845735237 Y25.409368613113053 F300
G1 X26.10177310913736 Y25.476813388193698 F300
G1 X26.068116082794944 Y25.53442677953706 F300
G1 X26.027201084078634 Y25.581749005836834 F300
G1 X25.980108960739532 Y25.619364044824778 F300
G1 X25.927342136915136 Y25.647328527082582 F300
G1 X25.87042828574936 Y25.664733285307697 F300
G1 X25.81082917895008 Y25.670937228568654 F300
G1 X25.748592330421726 Y25.665210976542067 F300
G1 X25.68380199802625 Y25.645864499304803 F300
G1 X25.62751074046333 Y25.61750173782908 F300
G1 X25.577248486821215 Y25.581966047055637 F300
G1 X25.53229276525782 Y25.540138264930857 F300
G1 X25.49210255358181 Y25.492670749304807 F300
G1 X25.446124595579906 Y25.42292062474628 F300
G1 X25.408573121710855 Y25.348518625248253 F300
G1 X25.378719775804026 Y25.271637832638138 F300
G1 X25.35850386358402 Y25.198773495041852 F300
G1 X25.346345166196773 Y25.124596853897252 F300
G1 X25.341731025804027 Y25.049405471527027 F300
G1 X25.344263260693747 Y24.973985420690504 F300
G1 X25.353483784279874 Y24.899240791271296 F300
G1 X25.36898310913736 Y24.825585610415917 F300
G1 X25.380718200584994 Y24.792972060745278 F300
G1 X25.398908675421985 Y24.761184798299222 F300
G1 X25.423081581359583 Y24.731535054860363 F300
G1 X25.45174233258068 Y24.706579506532414 F300
G1 X25.483162429629473 Y24.68829085334385 F300
G1 X25.516867553581804 Y24.677701165971474 F300
G1 X25.580147728421284 Y24.670829735592935 F300
G1 X25.637727009664484 Y24.673162179928724 F300
G1 X25.690350732045918 Y24.683495567283543 F300
G1 X25.738686386522158 Y24.701078661847447 F300
G1 X25.783267692470698 Y24.725573110415915 F300
G1 X25.83357386065738 Y24.765353846230898 F300
G1 X25.87780346415949 Y24.8149404442546 F300
G1 X25.915943326074924 Y24.87454720126499 F300
G1 X25.947538664692917 Y24.944683388193695 F300
G1 X25.97350952002313 Y25.034810126651074 F300
G1 X25.98789169519718 Y25.128065669534436 F300
G1 X25.99371727580403 Y25.22383644374925 F300
G1 X25.99015422024847 Y25.50912783263814 F300
G1 X25.987752899488953 Y25.599427079746437 F300
G1 X25.97903257415794 Y25.690011371732794 F300
G1 X25.968120468007086 Y25.749452431945123 F300
G1 X25.952194205925004 Y25.806621602152855 F300
G1 X25.93034401448715 Y25.861079849099045 F300
G1 X25.901854908784465 Y25.911898691846464 F300
G1 X25.86542791596645 Y25.959053315819997 F300
G1 X25.819409775804022 Y26.00217005486036 F300
G1 X25.761012647463826 Y26.04033351586428 F300
G1 X25.701161460203437 Y26.06507052687927 F300
G1 X25.64010459061884 Y26.0780617009509 F300
G1 X25.577448193064246 Y26.080144334134467 F300
G1 X25.515376056920953 Y26.07170174104606 F300
G1 X25.45421422024847 Y26.053137297658715 F300
G1 X25.39638420416682 Y26.02549219458458 F300
G1 X25.342063393426592 Y25.98906466752158 F300
G1 X25.29193644247069 Y25.943891165971472 F300
G1 X25.229450637494562 Y25.868238193249297 F300
G1 X25.177723513737075 Y25.785560134618592 F300
G1 X25.13387435913736 Y25.69738769374925 F300
G1 X25.077602566359314 Y25.559896708741913 F300
G1 X25.025236442470696 Y25.42305005486036 F300
G1 X24.991561977732665 Y25.33001647754837 F300
G1 X24.965912286092095 Y25.235325240045547 F300
G1 X24.954927831054047 Y25.171253051910774 F300
G1 X24.95021175850264 Y25.10758511898189 F300
G1 X24.95271578403448 Y25.04430783263814 F300
G1 X24.96332797664422 Y24.982251611755125 F300
G1 X24.983302184619752 Y24.920496594645606 F300
G1 X25.014370886915138 Y24.85874672152703 F300
G1 X25.049267705093804 Y24.808710853327025 F300
G1 X25.089620813631207 Y24.76424843630685 F300
G1 X25.134894187996146 Y24.725131193061152 F300
G1 X25.184700817470695 Y24.691278700693694 F300
G1 X25.256470697330897 Y24.654996769535803 F300
G1 X25.332383441642264 Y24.629279910685522 F300
G1 X25.41138699802625 Y24.61427172152703 F300
G1 X25.49160686413744 Y24.610511741455184 F300
G1 X25.57036188986442 Y24.618339969188682 F300
G1 X25.646751511915138 Y24.63812390902703 F300
G1 X25.70104751384668 Y24.66090854094163 F300
G1 X25.75209859802009 Y24.6906539381201 F300
G1 X25.79961374511365 Y24.727846719699382 F300
G1 X25.843116442470695 Y24.7732333881937 F300
G1 X25.88755027442448 Y24.836519638519608 F300
G1 X25.919165575863126 Y24.90172497099098 F300
G1 X25.9395095183457 Y24.96842303140074 F300
G1 X25.949582570942916 Y25.03641663472148 F300
G1 X25.949862721016565 Y25.10586690761874 F300
G1 X25.940760754732203 Y25.17424064116912 F300
G1 X25.922828314774968 Y25.24111739593043 F300
G1 X25.89633297024847 Y25.30601602708259 F300
G1 X25.862045975232224 Y25.367159970663177 F300
G1 X25.820793730451467 Y25.42330926818198 F300
G1 X25.772886929663542 Y25.4739462495669 F300
G1 X25.71843816122069 Y25.518386044443698 F300
G1 X25.658991195940324 Y25.55487289595243 F300
G1 X25.594739971888878 Y25.582858350123438 F300
G1 X25.525505256472165 Y25.601593810464387 F300
G1 X25.450968664692912 Y25.609881165971476 F300
G1 X25.400302751324737 Y25.606184013075026 F300
G1 X25.359021064946884 Y25.59351246303696 F300
G1 X25.32527494404794 Y25.574011030559756 F300
G1 X25.297735227192913 Y25.548735957638144 F300
G1 X25.2694153126229 Y25.506138313941932 F300
G1 X25.252490421047842 Y25.457676495295228 F300
G1 X25.246710331359576 Y25.404881999304813 F300
G1 X25.25245819219904 Y25.352011455937372 F300
G1 X25.26936163895562 Y25.30238644023631 F300
G1 X25.29781460219291 Y25.25769429097148 F300
G1 X25.32552696098473 Y25.230483827857665 F300
G1 X25.35942945304776 Y25.20874710438012 F300
G1 X25.400692384209975 Y25.193463794978566 F300
G1 X25.450968664692912 Y25.186547832638144 F300
G1 X25.474304914692908 Y25.186512554860364 F300
G1 X25.45435533135958 Y25.19049894374925 F300
G1 X25.47268213691514 Y25.1850308881937 F300
G1 X25.484976442470696 Y25.171307832638142 F300
G1 X25.509022277761616 Y25.14142935657954 F300
G1 X25.523358664692914 Y25.10639672152703 F300
G1 X25.528159746150042 Y25.082321580779823 F300
G1 X25.527359896514156 Y25.061078599005707 F300
G1 X25.520677553581805 Y25.039510054860365 F300
G1 X25.52866797024847 Y25.055579082638143 F300
G1 X25.51348088691514 Y25.038098943749254 F300
G1 X25.516601734165302 Y25.044895443810507 F300
G1 X25.513684714075637 Y25.045436721527036 F300
G1 X25.503634467162055 Y25.039604128934442 F300
G1 X25.50337941924338 Y25.037519299978705 F300
G1 X25.513057553581806 Y25.038098943749254 F300
G1 X25.48320321079707 Y25.034199882882813 F300
G1 X25.452609081359583 Y25.03577061041592 F300
G1 X25.42314849200234 Y25.043391395817537 F300
G1 X25.39649977580403 Y25.05757227708259 F300
G1 X25.378031859137366 Y25.07341199930481 F300
G1 X25.374486442470694 Y25.0818433881937 F300
G1 X25.369429056072384 Y25.086295902216804 F300
G1 X25.368118803581808 Y25.08339561041592 F300
G1 X25.369265331359586 Y25.10357449930481 F300
G1 X25.374760239700716 Y25.146779675546277 F300
G1 X25.38732755358181 Y25.1913808881937 F300
G1 X25.419783109137363 Y25.276012277082586 F300
G1 X25.484535470248474 Y25.45234824930481 F300
G1 X25.522923211834346 Y25.539537430529663 F300
G1 X25.57034866469292 Y25.618206721527034 F300
G1 X25.59223852580403 Y25.643412693749248 F300
G1 X25.611270886915143 Y25.66406783263814 F300
G1 X25.604356442470696 Y25.661510193749255 F300
G1 X25.598288664692916 Y25.660116721527025 F300
G1 X25.60500078508357 Y25.652140647499397 F300
G1 X25.59953775934312 Y25.652376515765713 F300
G1 X25.571310310783453 Y25.66404692728835 F300
G1 X25.553274220248472 Y25.672957832638144 F300
G1 X25.557736859137364 Y25.654048943749256 F300
G1 X25.563998664692917 Y25.625826721527027 F300
G1 X25.572004866910564 Y25.535018822232622 F300
G1 X25.572500609137364 Y25.43114630486036 F300
G1 X25.56724422024847 Y25.228316721527026 F300
G1 X25.56597422024847 Y25.16312338819369 F300
G1 X25.562730599611122 Y25.134950000284384 F300
G1 X25.555814220248475 Y25.10555005486036 F300
G1 X25.545442553581807 Y25.080396999304803 F300
G1 X25.53930422024847 Y25.063922277082582 F300
G1 X25.538457553581807 Y25.062370054860356 F300
G1 X25.56630235958202 Y25.080677881276017 F300
G1 X25.596103732537983 Y25.088309698474728 F300
G1 X25.62947422024848 Y25.085653388193688 F300
G1 X25.77735866469292 Y24.937768943749244 F300
G1 X25.76664066038425 Y24.99754035291727 F300
G1 X25.765044543055332 Y25.057002098890354 F300
G1 X25.773215931790098 Y25.115910639334547 F300
G1 X25.792316442470703 Y25.173988943749247 F300
G1 X25.816252414692922 Y25.209795888193696 F300
G1 X25.82966002928427 Y25.229921545413518 F300
G1 X25.836060886915142 Y25.246237832638133 F300
G1 X25.84410422024847 Y25.254986721527022 F300
G1 X25.725711998026252 Y25.288430054860353 F300
G1 X25.72338602817245 Y25.282582711338886 F300
G1 X25.72542977580403 Y25.271549638193687 F300
G1 X25.73022755358181 Y25.252023388193685 F300
G1 X25.72782866469292 Y25.12955658263813 F300
G1 X25.72414238351292 Y25.069956244582478 F300
G1 X25.712729775804032 Y25.00761894374924 F300
G1 X25.686111691177842 Y24.925742930550488 F300
G1 X25.64981574290063 Y24.848027614968803 F300
G1 X25.60294533135959 Y24.775632277082575 F300
G1 X25.575753974643003 Y24.740867259926365 F300
G1 X25.537258109137365 Y24.698497415971463 F300
G1 X25.508058510186018 Y24.6736689651141 F300
G1 X25.47955866341682 Y24.65725317625618 F300
G1 X25.452097553581815 Y24.650890054860355 F300
G1 X25.425331999143047 Y24.65596655218185 F300
G1 X25.399394093325007 Y24.671112187359224 F300
G1 X25.374098386915144 Y24.694616860415906 F300
G1 X25.341983956503285 Y24.735855235994844 F300
G1 X25.320017553581813 Y24.770834499304797 F300
G1 X25.287748017757046 Y24.834851979125094 F300
G1 X25.263985965095817 Y24.901997529307845 F300
G1 X25.248386025804034 Y24.97175908263813 F300
G1 X25.240875547352616 Y25.04296307175506 F300
G1 X25.24129015917659 Y25.114331432700624 F300
G1 X25.24946199802626 Y25.18527783263813 F300
G1 X25.26554085945295 Y25.257517533826366 F300
G1 X25.288953376655204 Y25.328006406842796 F300
G1 X25.319911720248477 Y25.395850888193685 F300
G1 X25.358371807555145 Y25.4594693067968 F300
G1 X25.404214910045823 Y25.5174313270553 F300
G1 X25.45788310913737 Y25.568958943749237 F300
G1 X25.4630689424707 Y25.572539638193682 F300
G1 X25.483706442470705 Y25.589561165971464 F300
G1 X25.506890103020687 Y25.607757330759036 F300
G1 X25.508330331359595 Y25.606688527082575 F300
G1 X25.502125574706277 Y25.602299180063362 F300
G1 X25.481730886915148 Y25.60212005486035 F300
G1 X25.529779220248482 Y25.57703755486035 F300
G1 X25.587564220248478 Y25.54327672152702 F300
G1 X25.695373109137364 Y25.476972138193684 F300
G1 X25.74514276472057 Y25.43755568226581 F300
G1 X25.78836533135959 Y25.391723388193686 F300
G1 X25.813988498984727 Y25.351755967151437 F300
G1 X25.82861431507398 Y25.312697898219252 F300
G1 X25.834219566207466 Y25.274089438629474 F300
G1 X25.831970850105353 Y25.23532836348842 F300
G1 X25.822346650804036 Y25.195783995832574 F300
G1 X25.793111996144013 Y25.13248717931435 F300
G1 X25.74815144682618 Y25.068702321551022 F300
G1 X25.688952553581814 Y25.00488491597146 F300
G1 X25.623359651445604 Y24.946826284882505 F300
G1 X25.55372883558587 Y24.8938280949509 F300
G1 X25.483485956359594 Y24.846714794443685 F300
G1 X25.37789788508922 Y24.785592813125547 F300
G1 X25.301249775804035 Y24.748962277082576 F300
G1 X25.254448182669893 Y24.730756347627207 F300
G1 X25.20400658135959 Y24.715324915971458 F300
G1 X25.1525103519063 Y24.7058414860064 F300
G1 X25.102424220248476 Y24.705076721527018 F300
G1 X25.073297943008246 Y24.710999521700757 F300
G1 X25.05273547024848 Y24.72391505486035 F300
G1 X25.037203358775805 Y24.745297474618994 F300
G1 X25.021144220248477 Y24.78551005486035 F300
G1 X24.999116531355355 Y24.873064921668178 F300
G1 X24.98624923899918 Y24.96564270130719 F300
G1 X24.9817389424707 Y25.061752693749238 F300
G1 X24.984762178235783 Y25.158201789381994 F300
G1 X24.994112820448585 Y25.251604357598616 F300
G1 X25.00858533135959 Y25.34021783263813 F300
G1 X25.035070635546692 Y25.454292677796943 F300
G1 X25.069609026512094 Y25.564606899899424 F300
G1 X25.112375466585064 Y25.67141182856527 F300
G1 X25.163641843073915 Y25.774922587110055 F300
G1 X25.223779775804037 Y25.875311165971464 F300
G1 X25.290631164692925 Y25.974988527082576 F300
G1 X25.318498420547524 Y26.009113250455346 F300
G1 X25.34698086374062 Y26.036959046725663 F300
G1 X25.37589755358182 Y26.05678005486035 F300
G1 X25.397382072693503 Y26.06112134991607 F300
G1 X25.433695619425443 Y26.05707795609493 F300
G1 X25.515231709960418 Y26.032822523996156 F300
G1 X25.589398664692926 Y26.002170054860354 F300
G1 X25.687214710436436 Y25.94986320212144 F300
G1 X25.778300058794077 Y25.886807879967975 F300
G1 X25.862129858108563 Y25.813645610415914 F300
G1 X25.9373003562159 Y25.731615589189605 F300
G1 X26.002483737684624 Y25.642138448033208 F300
G1 X26.057030434240254 Y25.545722647452948 F300
G1 X26.09020536144893 Y25.469617109359092 F300
G1 X26.116174803741686 Y25.39100342431574 F300
G1 X26.13462202379402 Y25.30998336319572 F300
G1 X26.145094220248485 Y25.226623388193687 F300
G1 X26.14784488536028 Y25.136434022115456 F300
G1 X26.142652004629454 Y25.046375947853452 F300
G1 X26.129413248026257 Y24.956924777082577 F300
G1 X26.108063331501526 Y24.86912244559913 F300
G1 X26.078598906969148 Y24.783945970670153 F300
G1 X26.040813109137368 Y24.701831165971463 F300
G1 X25.99850187258787 Y24.627316056871038 F300
G1 X25.946963767573585 Y24.551417174201916 F300
G1 X25.887717498395435 Y24.480957235534625 F300
G1 X25.82087837662708 Y24.42006886144471 F300
G1 X25.77156375592095 Y24.386478938661774 F300
G1 X25.719214578615883 Y24.36051300835767 F300
G1 X25.663340886915144 Y24.343126721527018 F300
G1 X25.601812895069944 Y24.33557115090254 F300
G1 X25.54151321647325 Y24.338980464346 F300
G1 X25.48214376757359 Y24.351995816177226 F300
G1 X25.424649802542877 Y24.373240420957693 F300
G1 X25.36928706459066 Y24.40150017577306 F300
G1 X25.316312080330786 Y24.435716515765705 F300
G1 X25.243135600548268 Y24.49512139501745 F300
G1 X25.180458664692924 Y24.558885610415906 F300
G1 X25.120321980822492 Y24.63587511892886 F300
G1 X25.068461799927455 Y24.72081023379303 F300
G1 X25.02525408135959 Y24.812426999304794 F300
G1 X24.99173279724846 Y24.908094227556617 F300
G1 X24.96860724151438 Y25.00500010887159 F300
G1 X24.956091998026256 Y25.101740054860354 F300
G1 X24.953757173574978 Y25.203738431781307 F300
G1 X24.961562126404665 Y25.30233432550337 F300
G1 X24.978883766814363 Y25.3975757290568 F300
G1 X25.005308417779347 Y25.489492482843893 F300
G1 X25.040882241855474 Y25.57864793947376 F300
G1 X25.084804212907198 Y25.663268634488446 F300
G1 X25.136852132863332 Y25.743277879194864 F300
G1 X25.19695298568058 Y25.818511330580513 F300
G1 X25.26381910092144 Y25.887433421729618 F300
G1 X25.337722770619415 Y25.950377535810674 F300
G1 X25.41869190268109 Y26.0070612539659 F300
G1 X25.506848664692917 Y26.057062277082576 F300
G1 X25.549471333294658 Y26.08465702551389 F300
G1 X25.579204716546055 Y26.115430042589537 F300
G1 X25.598852145504438 Y26.148411739799748 F300
G1 X25.6101706612207 Y26.18336333611035 F300
G1 X25.613470053010037 Y26.233604585844198 F300
G1 X25.603855604491393 Y26.283550822417034 F300
G1 X25.58221963691514 Y26.332034915971462 F300
G1 X25.550577288104712 Y26.374832263794435 F300
G1 X25.510730237994867 Y26.409595069213943 F300
G1 X25.463172570942916 Y26.434589620832575 F300
G1 X25.425086949681543 Y26.444801755035776 F300
G1 X25.384373384347086 Y26.447282103814274 F300
G1 X25.34055834476069 Y26.440651417499385 F300
G1 X25.293206442470698 Y26.42254005486035 F300
G1 X25.293206442470698 Y26.42254005486035 F300
G1 X25.29250088691514 Y26.42324561041592 F300;svg#Layer_2 > g#Layer_2-2 > path
G0 X3.56294199802625 Y22.079845610415916
G1 X3.707037043362407 Y22.213840882187732 F300
G1 X3.856486881186838 Y22.340115818696795 F300
G1 X4.01111777634577 Y22.458711337096076 F300
G1 X4.170783733761556 Y22.569639178530288 F300
G1 X4.335362728305876 Y22.672879674175345 F300
G1 X4.504752831359584 Y22.768379638193696 F300
G1 X4.67842570083241 Y22.855840401548942 F300
G1 X4.855866217551628 Y22.935026038997073 F300
G1 X5.036962658632042 Y23.0058958712329 F300
G1 X5.221619659941211 Y23.068374437211304 F300
G1 X5.409754276697506 Y23.12234966031831 F300
G1 X5.601291998026251 Y23.167671165971473 F300
G1 X5.797922897089648 Y23.20139605202304 F300
G1 X5.996560394742061 Y23.22195966591084 F300
G1 X6.1969815292762505 Y23.232705749304806 F300
G1 X6.49865778520409 Y23.23766994333326 F300
G1 X6.800436581359585 Y23.239320332638137 F300
G1 X7.001284509766844 Y23.244176366727043 F300
G1 X7.200182933469396 Y23.25592064452676 F300
G1 X7.396774341776251 Y23.277843665971474 F300
G1 X7.542446496175464 Y23.30293295639568 F300
G1 X7.686658677929447 Y23.337035680778186 F300
G1 X7.829519968342396 Y23.381700559017588 F300
G1 X7.9711119980262515 Y23.438604499304805 F300
G1 X8.014820296790647 Y23.46426879427243 F300
G1 X8.045212083539056 Y23.493387939488475 F300
G1 X8.065307046711428 Y23.524902084370503 F300
G1 X8.076993838304029 Y23.55857540208258 F300
G1 X8.080724094441301 Y23.607416093369498 F300
G1 X8.071387977719192 Y23.65661410813927 F300
G1 X8.04971088691514 Y23.705057554860364 F300
G1 X8.018042281509874 Y23.747931478191806 F300
G1 X7.977883809230765 Y23.78342145401482 F300
G1 X7.92971793552625 Y23.809682624304806 F300
G1 X7.891024230795645 Y23.821085075978658 F300
G1 X7.849679541345807 Y23.824956274993834 F300
G1 X7.805288383581965 Y23.820014251286633 F300
G1 X7.757469775804029 Y23.804082277082582 F300
G1 X7.658056929202564 Y23.764244529492675 F300
G1 X7.5569551800602355 Y23.73289883205712 F300
G1 X7.454232481246496 Y23.70898618334557 F300
G1 X7.349935660577693 Y23.691527873790402 F300
G1 X7.209308016524015 Y23.6767656738885 F300
G1 X7.067150338892915 Y23.669702390470526 F300
G1 X6.924025742882218 Y23.668187050745136 F300
G1 X6.499181998026251 Y23.675106721527026 F300
G1 X6.260724608128799 Y23.67096486233219 F300
G1 X6.02340708151159 Y23.655535664279846 F300
G1 X5.787417548550381 Y23.628349379679914 F300
G1 X5.552947345815706 Y23.588879267333226 F300
G1 X5.320198664692917 Y23.536535610415918 F300
G1 X5.089604085633851 Y23.4712102993226 F300
G1 X4.863701864410518 Y23.393923372708244 F300
G1 X4.642652352601537 Y23.30496078328984 F300
G1 X4.426636310218312 Y23.20454287033572 F300
G1 X4.215863109137361 Y23.092829360415912 F300
G1 X4.011158522811563 Y22.970292540371595 F300
G1 X3.813343910861077 Y22.83749522612959 F300
G1 X3.6226274522611854 Y22.69462370804348 F300
G1 X3.439252315202146 Y22.54181103119384 F300
G1 X3.263504220248473 Y22.379142277082583 F300
G1 X3.2310312756370863 Y22.340025567752633 F300
G1 X3.2113331301941153 Y22.301262556773196 F300
G1 X3.201679518029359 Y22.263052913404497 F300
G1 X3.20043416816514 Y22.225220922915913 F300
G1 X3.2109309640475576 Y22.174551262563458 F300
G1 X3.2334739852774272 Y22.128048194471965 F300
G1 X3.2667321369151394 Y22.086618943749244 F300
G1 X3.308172581485836 Y22.053331362344384 F300
G1 X3.354978732792346 Y22.03047296911346 F300
G1 X3.406240313998473 Y22.01945446458258 F300
G1 X3.444632545433133 Y22.020231220845552 F300
G1 X3.4834781284038976 Y22.029332250675573 F300
G1 X3.522931022441612 Y22.048331330753086 F300
G1 X3.562800886915139 Y22.079845610415912 F300
G1 X3.562800886915139 Y22.079845610415912 F300
G1 X3.56294199802625 Y22.079845610415916 F300;svg#Layer_2 > g#Layer_2-2 > path
G0 X5.399926442470694 Y19.61929116597147
G1 X8.071300886915138 Y20.832423388193696 F300
G1 X8.10329246581221 Y20.851950942803786 F300
G1 X8.129022230942603 Y20.87746852204726 F300
G1 X8.149152409548885 Y20.90818437584802 F300
G1 X8.163407610104644 Y20.94247653703764 F300
G1 X8.171823418212083 Y20.97896287211124 F300
G1 X8.174447882799914 Y21.016777215354193 F300
G1 X8.171123375152126 Y21.054498536040143 F300
G1 X8.16202561389194 Y21.089821429794338 F300
G1 X8.147218664692916 Y21.121983388193698 F300
G1 X8.119984672112247 Y21.159095612720684 F300
G1 X8.08901956121094 Y21.18650298492737 F300
G1 X8.054993162256606 Y21.205778352768654 F300
G1 X8.01810199802625 Y21.217833110415917 F300
G1 X7.965792705177973 Y21.22307028366248 F300
G1 X7.911988679502903 Y21.216395276852587 F300
G1 X7.857658664692917 Y21.197901165971473 F300
G1 X5.1862842202484725 Y19.984768943749252 F300
G1 X5.154292641351402 Y19.965241389139162 F300
G1 X5.128562876221008 Y19.939723809895693 F300
G1 X5.108432697614729 Y19.90900795609493 F300
G1 X5.094177497058969 Y19.874715794905306 F300
G1 X5.085761688951529 Y19.83822945983171 F300
G1 X5.0831372243637 Y19.800415116588756 F300
G1 X5.086461732011486 Y19.762693795902806 F300
G1 X5.095559493271672 Y19.72737090214861 F300
G1 X5.1103664424706965 Y19.69520894374925 F300
G1 X5.137600435051367 Y19.658096719222268 F300
G1 X5.168565545952673 Y19.630689347015576 F300
G1 X5.202591944907007 Y19.61141397917429 F300
G1 X5.239483109137363 Y19.599359221527028 F300
G1 X5.291792401985639 Y19.594122048280465 F300
G1 X5.34559642766071 Y19.60079705509036 F300
G1 X5.399926442470695 Y19.61929116597147 F300
G1 X5.399926442470695 Y19.61929116597147 F300
G1 X5.399926442470694 Y19.61929116597147 F300;svg#Layer_2 > g#Layer_2-2 > path
G0 X10.312004220248472 Y19.425263388193695
G1 X10.06579045634733 Y19.173943330221924 F300
G1 X9.812631963519488 Y18.929934460397124 F300
G1 X9.553273402956673 Y18.692376975434016 F300
G1 X9.288452162635306 Y18.4604187791402 F300
G1 X8.92862723340336 Y18.15879934237268 F300
G1 X8.562613426691676 Y17.863987841692506 F300
G1 X8.192306277861643 Y17.574094663913858 F300
G1 X7.076185331359584 Y16.71621227708258 F300
G1 X7.049631715272946 Y16.689536983478146 F300
G1 X7.031093710498006 Y16.65850879810481 F300
G1 X7.019552738766992 Y16.623721783255423 F300
G1 X7.014762194880128 Y16.58688099984679 F300
G1 X7.016227432977239 Y16.54929986423959 F300
G1 X7.023597923952177 Y16.511852030169 F300
G1 X7.036590328074011 Y16.47596198762735 F300
G1 X7.054259852384076 Y16.44406638173725 F300
G1 X7.076185331359584 Y16.416915610415913 F300
G1 X7.112188015149851 Y16.387179186323976 F300
G1 X7.149090342465811 Y16.36848364946296 F300
G1 X7.186728740026839 Y16.358797131806 F300
G1 X7.225251581359585 Y16.35696102708258 F300
G1 X7.277053803222711 Y16.365738944526495 F300
G1 X7.327436976748965 Y16.38601233773803 F300
G1 X7.375481998026251 Y16.416915610415913 F300
G1 X8.491602944528308 Y17.274797997247195 F300
G1 X8.86191009335834 Y17.564691175025835 F300
G1 X9.227923900070024 Y17.859502675706015 F300
G1 X9.58774882930197 Y18.16112211247353 F300
G1 X9.85257006962334 Y18.393080308767352 F300
G1 X10.111928630186153 Y18.630637793730457 F300
G1 X10.365087123013996 Y18.874646663555257 F300
G1 X10.61130088691514 Y19.12596672152703 F300
G1 X10.642257678937344 Y19.166217432249955 F300
G1 X10.66085583050087 Y19.206030347539038 F300
G1 X10.669645775111926 Y19.24521694037973 F300
G1 X10.670164063998476 Y19.283916356943692 F300
G1 X10.65886708005995 Y19.335504014873727 F300
G1 X10.635851961922043 Y19.382483281055965 F300
G1 X10.602569636915138 Y19.423940471527025 F300
G1 X10.561167534512997 Y19.457196402801454 F300
G1 X10.514849823993707 Y19.479579201152397 F300
G1 X10.464516668165139 Y19.489801877777026 F300
G1 X10.427001309020543 Y19.488307417875067 F300
G1 X10.389138195673205 Y19.478357317937583 F300
G1 X10.350737964470383 Y19.45827571548202 F300
G1 X10.312004220248472 Y19.425263388193695 F300
G1 X10.312004220248472 Y19.425263388193695 F300;svg#Layer_2 > g#Layer_2-2 > path
G0 X12.392687553581807 Y16.49353894374925
G1 X12.160538232575586 Y16.33052258378828 F300
G1 X11.924375089438932 Y16.173769895861177 F300
G1 X11.684222517857748 Y16.023392774040875 F300
G1 X11.440099359137363 Y15.879511582638143 F300
G1 X11.192165336240265 Y15.742333971762056 F300
G1 X10.940574555444174 Y15.612056295387806 F300
G1 X10.685333988242444 Y15.488799031273302 F300
G1 X10.426445331359584 Y15.372693388193694 F300
G1 X10.179038173099228 Y15.270492041985252 F300
G1 X9.928887553581806 Y15.175278943749252 F300
G1 X9.787399662361356 Y15.127544561294185 F300
G1 X9.642978803581805 Y15.082498388193697 F300
G1 X9.499665916451168 Y15.034782526228698 F300
G1 X9.361620886915135 Y14.979134499304807 F300
G1 X9.290964169198396 Y14.940648638926579 F300
G1 X9.237488597840112 Y14.899711940791478 F300
G1 X9.197636411568041 Y14.856993175939095 F300
G1 X9.168682310526247 Y14.812652051388142 F300
G1 X9.147444668426669 Y14.762635582119819 F300
G1 X9.135319084941754 Y14.710484664663404 F300
G1 X9.131338182264894 Y14.656054539533313 F300
G1 X9.134890609137358 Y14.599139915971476 F300
G1 X9.149452311743929 Y14.523995407235567 F300
G1 X9.17391676840369 Y14.447059442113698 F300
G1 X9.206879324415137 Y14.36903840555481 F300
G1 X9.266248658107688 Y14.256619352602364 F300
G1 X9.331281998026249 Y14.152787832638142 F300
G1 X9.448650239587083 Y13.98564732242148 F300
G1 X9.57380296418311 Y13.824573786568982 F300
G1 X9.706534175509615 Y13.669752706923429 F300
G1 X9.846673301877045 Y13.521395751665256 F300
G1 X9.994080886915137 Y13.379745888193698 F300
G1 X10.148188509734275 Y13.245460120652742 F300
G1 X10.308382053011329 Y13.11914107083457 F300
G1 X10.474508527105524 Y13.00099321390784 F300
G1 X10.646445539912635 Y12.891257955234456 F300
G1 X10.824096442470694 Y12.79021894374925 F300
G1 X10.923884203812857 Y12.740324846345198 F300
G1 X11.02362863204928 Y12.698730970758811 F300
G1 X11.122462821071519 Y12.667865157741021 F300
G1 X11.19836927687424 Y12.652773595738712 F300
G1 X11.271782332666332 Y12.64680579441824 F300
G1 X11.342907669964015 Y12.650725968124293 F300
G1 X11.411954878684686 Y12.665581248276002 F300
G1 X11.463343553377776 Y12.685153075580414 F300
G1 X11.513834169122443 Y12.712895112480677 F300
G1 X11.563663060700845 Y12.750215599991623 F300
G1 X11.612878469355882 Y12.798968360587086 F300
G1 X11.661308664692914 Y12.861480054860364 F300
G1 X11.719511835113984 Y12.961344948899033 F300
G1 X11.767600609137359 Y13.068190193749253 F300
G1 X11.851667553581802 Y13.285801165971474 F300
G1 X11.980117654693732 Y13.598759201055708 F300
G1 X12.11300533135958 Y13.909794499304807 F300
G1 X12.336211406104692 Y14.407427361220556 F300
G1 X12.569826736128176 Y14.899997398683302 F300
G1 X12.813670074141683 Y15.387508400415957 F300
G1 X13.067568850722171 Y15.869960091568057 F300
G1 X13.331358664692912 Y16.34734783263814 F300
G1 X13.351645882445832 Y16.393972040798708 F300
G1 X13.359947433232888 Y16.437006766431235 F300
G1 X13.358837728305904 Y16.476932808836768 F300
G1 X13.349797918165132 Y16.514297711110363 F300
G1 X13.326074191602666 Y16.56111779727468 F300
G1 X13.292047668936599 Y16.600602629267737 F300
G1 X13.24932019247069 Y16.632233527082583 F300
G1 X13.20079847997443 Y16.65388207022234 F300
G1 X13.150117207157523 Y16.66386626982373 F300
G1 X13.098492258442912 Y16.661137051388142 F300
G1 X13.062259811993748 Y16.650313183768297 F300
G1 X13.027809537298875 Y16.6312605891562 F300
G1 X12.995386887190918 Y16.602350729678474 F300
G1 X12.965880886915134 Y16.560990054860365 F300
G1 X12.71632582373587 Y16.110025759350126 F300
G1 X12.47549067982283 Y15.654521887314676 F300
G1 X12.243593714210725 Y15.194382670338806 F300
G1 X12.020859775804022 Y14.729508943749254 F300
G1 X11.8034083420412 Y14.250385589588475 F300
G1 X11.595268664692913 Y13.767131165971477 F300
G1 X11.418738664692912 Y13.336460054860368 F300
G1 X11.379386303581802 Y13.233766443749257 F300
G1 X11.357830737222095 Y13.182846133573486 F300
G1 X11.332943109137355 Y13.134247832638145 F300
G1 X11.310330937176568 Y13.097498562821537 F300
G1 X11.292765498755918 Y13.076607536613317 F300
G1 X11.276727970248466 Y13.066161721527036 F300
G1 X11.258245661314927 Y13.06249772440079 F300
G1 X11.231378267843144 Y13.066080691776966 F300
G1 X11.18886866469291 Y13.080202277082588 F300
G1 X11.060081805020312 Y13.134895464947986 F300
G1 X10.932718301189322 Y13.198962963665272 F300
G1 X10.806951492477884 Y13.271801165098726 F300
G1 X10.682990557697027 Y13.352828943749257 F300
G1 X10.524380965067124 Y13.469917369897267 F300
G1 X10.37217033050449 Y13.596715192429471 F300
G1 X10.227003067985091 Y13.731383017823333 F300
G1 X10.08857152446304 Y13.873187313512265 F300
G1 X9.960796901018137 Y14.016902926520082 F300
G1 X9.84407977580402 Y14.160548943749259 F300
G1 X9.760140827292421 Y14.272964612545904 F300
G1 X9.680655545514512 Y14.388908349865108 F300
G1 X9.60658977580402 Y14.508105610415923 F300
G1 X9.572511442470686 Y14.560598943749259 F300
G1 X9.554991603205194 Y14.592007265788862 F300
G1 X9.549016442470688 Y14.612245610415922 F300
G1 X9.533164960989208 Y14.596043964325391 F300
G1 X9.522111257285502 Y14.583103552802754 F300
G1 X9.570606442470687 Y14.607447832638147 F300
G1 X9.625003771781119 Y14.631747676488496 F300
G1 X9.68661741469291 Y14.650821860415924 F300
G1 X9.806967553581798 Y14.684353388193701 F300
G1 X10.107060913303847 Y14.791434049357903 F300
G1 X10.403641204727812 Y14.907521391491564 F300
G1 X10.696955331359577 Y15.031910054860367 F300
G1 X10.983843190471964 Y15.163477529950795 F300
G1 X11.266040744639835 Y15.303612084184252 F300
G1 X11.543541601160555 Y15.452159343828997 F300
G1 X11.816332401189896 Y15.608980707377375 F300
G1 X12.084391971673657 Y15.773952404613208 F300
G1 X12.347690490151003 Y15.946964530393641 F300
G1 X12.606188664692912 Y16.127920054860365 F300
G1 X12.643722500958658 Y16.161399328886656 F300
G1 X12.669983018008743 Y16.197358176676893 F300
G1 X12.687062564309304 Y16.235048634263222 F300
G1 X12.696274879970687 Y16.274183926388144 F300
G1 X12.697232036273327 Y16.328861040282465 F300
G1 X12.686182276548125 Y16.381204010693725 F300
G1 X12.6644675535818 Y16.429880193749256 F300
G1 X12.632968596131885 Y16.472598822334586 F300
G1 X12.594652810485137 Y16.505031403870113 F300
G1 X12.550110227192912 Y16.52596583611037 F300
G1 X12.514880750546205 Y16.532476513899596 F300
G1 X12.477334479198777 Y16.530620812168515 F300
G1 X12.436746748928812 Y16.518639682098723 F300
G1 X12.392546442470689 Y16.493397832638145 F300
G1 X12.392546442470689 Y16.493397832638145 F300
G1 X12.392687553581807 Y16.49353894374925 F300;svg#Layer_2 > g#Layer_2-2 > path
G0 X9.186078664692918 Y14.90039449930481
G1 X9.041448929846695 Y14.926763057095577 F300
G1 X8.89237302164478 Y14.944212101431713 F300
G1 X8.739423095372626 Y14.95295725439715 F300
G1 X8.583194508314318 Y14.953164828522917 F300
G1 X8.427613540724078 Y14.945212060199806 F300
G1 X8.271967134836324 Y14.929501707229873 F300
G1 X8.11698624730575 Y14.90635995814279 F300
G1 X7.963408376627074 Y14.876081577494109 F300
G1 X7.8108497273189705 Y14.838626451101085 F300
G1 X7.663077960479596 Y14.79502294834055 F300
G1 X7.520753986481645 Y14.74572111583814 F300
G1 X7.3845131091373615 Y14.691126721527029 F300
G1 X7.26060059135475 Y14.631447620492512 F300
G1 X7.1447765403525105 Y14.562598799053715 F300
G1 X7.037397124005556 Y14.484996338472882 F300
G1 X6.938899899260821 Y14.39889083675337 F300
G1 X6.866120424009995 Y14.323113642769837 F300
G1 X6.800599041933993 Y14.242786943576885 F300
G1 X6.7424949804698775 Y14.15794771172046 F300
G1 X6.692055753052525 Y14.068556954171843 F300
G1 X6.6496378004953876 Y13.974512235930321 F300
G1 X6.616360990173896 Y13.877837472082273 F300
G1 X6.5919658231810425 Y13.777160656237907 F300
G1 X6.576948315510219 Y13.672182611623668 F300
G1 X6.572007202973549 Y13.562562239648393 F300
G1 X6.578063109137362 Y13.44793783263814 F300
G1 X6.591657327634238 Y13.350605641753171 F300
G1 X6.6123122020760325 Y13.255809822646913 F300
G1 X6.640013489063967 Y13.163649014633926 F300
G1 X6.674830053581807 Y13.07424033263814 F300
G1 X6.716756570963385 Y12.98802571443404 F300
G1 X6.7657885944858265 Y12.905414778967916 F300
G1 X6.822136736961641 Y12.826528774827615 F300
G1 X6.886108664692917 Y12.751554499304808 F300
G1 X6.93145824802625 Y12.703047554860364 F300
G1 X6.950751835120391 Y12.679499055122239 F300
G1 X6.955535331359584 Y12.669145610415919 F300
G1 X6.948869121388172 Y12.640294844652292 F300
G1 X6.930867018602382 Y12.60268227708259 F300
G1 X6.882931051524192 Y12.52690561041592 F300
G1 X6.844057553581806 Y12.462135610415915 F300
G1 X6.802970210205909 Y12.357942006444105 F300
G1 X6.772244854265345 Y12.251386916872468 F300
G1 X6.751107446955158 Y12.142406217296257 F300
G1 X6.738929775804029 Y12.03090005486036 F300
G1 X6.735902660754788 Y11.883940579850883 F300
G1 X6.746458399916763 Y11.737516763002457 F300
G1 X6.769482696118368 Y11.591580570494513 F300
G1 X6.804018582388392 Y11.446104252391226 F300
G1 X6.848476484780832 Y11.303257091020633 F300
G1 X6.901897109882091 Y11.162527850048075 F300
G1 X6.963219814292084 Y11.024179449067267 F300
G1 X7.0314165247752225 Y10.888495857329497 F300
G1 X7.131375163801415 Y10.712129357810017 F300
G1 X7.237356754969484 Y10.544906626580895 F300
G1 X7.346554220248472 Y10.387520054860362 F300
G1 X7.464901626028324 Y10.230946694392971 F300
G1 X7.5894022357294295 Y10.080347062408537 F300
G1 X7.719968538543052 Y9.935755895226364 F300
G1 X7.856537713354426 Y9.79722729383751 F300
G1 X7.999069636915139 Y9.664837138193693 F300
G1 X8.14729875872896 Y9.538885263544067 F300
G1 X8.300956683360354 Y9.419643367358042 F300
G1 X8.460018650108875 Y9.307192742830631 F300
G1 X8.62448006997827 Y9.201641468719114 F300
G1 X8.794354220248472 Y9.103126721527026 F300
G1 X8.835200242301866 Y9.085885124675107 F300
G1 X8.877094074553886 Y9.077447276399772 F300
G1 X8.91941524905506 Y9.07714137173279 F300
G1 X8.961107500097713 Y9.084770947714743 F300
G1 X8.999986784106762 Y9.099841014132496 F300
G1 X9.03538245070115 Y9.122244663913857 F300
G1 X9.065294713796971 Y9.151157827302175 F300
G1 X9.088959166319597 Y9.186660002282771 F300
G1 X9.105221998026252 Y9.22956227708258 F300
G1 X9.15193789247538 Y9.392534664965131 F300
G1 X9.207118108208412 Y9.549880352197778 F300
G1 X9.270070955650626 Y9.702234127056332 F300
G1 X9.340162962212618 Y9.850202327431514 F300
G1 X9.416810006915144 Y9.994366437082585 F300
G1 X9.521212284593846 Y10.17039504948773 F300
G1 X9.633863744389188 Y10.342138239502184 F300
G1 X9.753608097493434 Y10.510410184546988 F300
G1 X9.87929433580403 Y10.676021157082582 F300
G1 X10.141439860466393 Y10.999608188396527 F300
G1 X10.411381438026254 Y11.320205797082581 F300
G1 X10.590454079959457 Y11.534859594907314 F300
G1 X10.764897465876256 Y11.751745538773221 F300
G1 X10.931777766915143 Y11.97259971708258 F300
G1 X11.050672692479566 Y12.142555732897403 F300
G1 X11.162298287377915 Y12.316330851585203 F300
G1 X11.265524301986119 Y12.494806486322542 F300
G1 X11.35918977580403 Y12.67888227708258 F300
G1 X11.375970143735088 Y12.726505057093958 F300
G1 X11.381577778561919 Y12.77067179748476 F300
G1 X11.378259013473727 Y12.811781615059914 F300
G1 X11.367330123026251 Y12.850257311804802 F300
G1 X11.34157625272521 Y12.898212135908302 F300
G1 X11.306382498719259 Y12.938276305770266 F300
G1 X11.263551720248474 Y12.969959221527022 F300
G1 X11.215101232177084 Y12.99164117258021 F300
G1 X11.165614554453018 Y13.001097492712415 F300
G1 X11.11622290080403 Y12.99753321458258 F300
G1 X11.082049941568904 Y12.98598061085103 F300
G1 X11.049952280269629 Y12.966040057398244 F300
G1 X11.02016535188055 Y12.935868801689406 F300
G1 X10.993711998026251 Y12.892524499304804 F300
G1 X10.897188513941428 Y12.702527483216056 F300
G1 X10.791273944105447 Y12.51865649906028 F300
G1 X10.677146285801017 Y12.339949445695504 F300
G1 X10.555948078026255 Y12.165465868193694 F300
G1 X10.385857480303725 Y11.93852751245456 F300
G1 X10.208417043485134 Y11.715933816875399 F300
G1 X10.026554504692918 Y11.495824783749248 F300
G1 X9.752516818922576 Y11.166948306737812 F300
G1 X9.48638455802625 Y10.834677459304801 F300
G1 X9.35888846030423 Y10.66464823781894 F300
G1 X9.237269458928303 Y10.491622539255065 F300
G1 X9.122682120391278 Y10.314731663424688 F300
G1 X9.016291518026252 Y10.133100108193691 F300
G1 X8.938274273599296 Y9.984586997338825 F300
G1 X8.86672461917232 Y9.831869741468541 F300
G1 X8.802240664716393 Y9.674329964945157 F300
G1 X8.745472102534004 Y9.511321970704268 F300
G1 X8.697128664692919 Y9.342168943749247 F300
G1 X9.007996442470699 Y9.468604499304803 F300
G1 X8.823360867977472 Y9.57647636956388 F300
G1 X8.645896778671066 Y9.692949427917773 F300
G1 X8.4755370513967 Y9.817998664386742 F300
G1 X8.312246151313442 Y9.951649082429144 F300
G1 X8.156024553445203 Y10.093973463481486 F300
G1 X8.006912983885362 Y10.245089873998207 F300
G1 X7.864996442470696 Y10.405158943749246 F300
G1 X7.761615873590173 Y10.532866554363618 F300
G1 X7.660474523633433 Y10.668155486206711 F300
G1 X7.563212039178517 Y10.810623429345954 F300
G1 X7.47295814180214 Y10.95745585650554 F300
G1 X7.390822082171276 Y11.108637570284733 F300
G1 X7.318279734651767 Y11.263720754448835 F300
G1 X7.270812501649248 Y11.383089537460984 F300
G1 X7.230634086910642 Y11.503383333444807 F300
G1 X7.198262968558047 Y11.624515910246446 F300
G1 X7.174257553581809 Y11.746420054860357 F300
G1 X7.163620794753156 Y11.83718997206361 F300
G1 X7.161328991331064 Y11.920660019569754 F300
G1 X7.166214220248476 Y11.998512441691634 F300
G1 X7.178005761192001 Y12.07569643446803 F300
G1 X7.196114983053948 Y12.151086565219753 F300
G1 X7.220071627655884 Y12.225894705066118 F300
G1 X7.264830313111501 Y12.336858852232606 F300
G1 X7.3211542202484745 Y12.455221165971466 F300
G1 X7.347141668901658 Y12.513504652585741 F300
G1 X7.366291715104393 Y12.571651128138523 F300
G1 X7.3781101924706975 Y12.629987277082579 F300
G1 X7.381972365486117 Y12.689032538543467 F300
G1 X7.376993781687402 Y12.749166941986424 F300
G1 X7.361935331359587 Y12.811103388193688 F300
G1 X7.3382239647027845 Y12.865879491861499 F300
G1 X7.307428894806862 Y12.913803195714655 F300
G1 X7.271659498026254 Y12.957488527082578 F300
G1 X7.154925331359586 Y13.085141165971468 F300
G1 X7.104326933187765 Y13.156165300589088 F300
G1 X7.064216335150128 Y13.229138739633859 F300
G1 X7.033709026164855 Y13.303740761997592 F300
G1 X7.012164984137365 Y13.379776756249246 F300
G1 X6.999053446309076 Y13.45828711752141 F300
G1 X6.994587129725941 Y13.536781219540247 F300
G1 X6.998403838395166 Y13.615028221764549 F300
G1 X7.010321720248475 Y13.69280088819369 F300
G1 X7.0300599634715635 Y13.768986229963584 F300
G1 X7.057313532413826 Y13.842886352258583 F300
G1 X7.09196947582939 Y13.914208086454448 F300
G1 X7.134049706359587 Y13.982594603471467 F300
G1 X7.182520400890633 Y14.04620030052241 F300
G1 X7.2375858776662305 Y14.105172980009211 F300
G1 X7.299343070869885 Y14.159126116935292 F300
G1 X7.368003109137365 Y14.207538943749244 F300
G1 X7.4818288750123125 Y14.271368490206154 F300
G1 X7.600485468858594 Y14.324321223670621 F300
G1 X7.723232692470699 Y14.368176304860357 F300
G1 X7.912205979616433 Y14.420229844678557 F300
G1 X8.103333109137365 Y14.46055116597147 F300
G1 X8.263638543607298 Y14.488689618748278 F300
G1 X8.42526799196191 Y14.511034151814886 F300
G1 X8.58776755358181 Y14.525074221527026 F300
G1 X8.70975190970495 Y14.528620787654916 F300
G1 X8.831356053168228 Y14.525011341207946 F300
G1 X8.952593337757893 Y14.513188334635984 F300
G1 X9.073471998026253 Y14.49201894374925 F300
G1 X9.123803143527555 Y14.486442255181206 F300
G1 X9.16777703145586 Y14.491095290999022 F300
G1 X9.206426996283492 Y14.503786740604863 F300
G1 X9.240569602192918 Y14.523301513193696 F300
G1 X9.280072282763062 Y14.55951766655179 F300
G1 X9.309654622605647 Y14.60326189525613 F300
G1 X9.32927116469292 Y14.652744499304804 F300
G1 X9.337760087328443 Y14.705167109802005 F300
G1 X9.334271765820015 Y14.756001838528853 F300
G1 X9.318224810526253 Y14.80388331874925 F300
G1 X9.298338558811786 Y14.834914689825384 F300
G1 X9.27090631442703 Y14.861932543596923 F300
G1 X9.234301493273671 Y14.884259116885485 F300
G1 X9.186078664692921 Y14.900253388193693 F300
G1 X9.186078664692921 Y14.900253388193693 F300
G1 X9.186078664692918 Y14.90039449930481 F300;svg#Layer_2 > g#Layer_2-2 > path
G0 X11.878055331359583 Y12.752542277082586
G1 X12.005554418083562 Y12.849225639855527 F300
G1 X12.138297849719123 Y12.934630884093853 F300
G1 X12.275940906998551 Y13.00946004370385 F300
G1 X12.41820595679931 Y13.074308107687939 F300
G1 X12.564864014487158 Y13.129669561033207 F300
G1 X12.714951953883174 Y13.175736686345356 F300
G1 X12.867786425696941 Y13.212862415843007 F300
G1 X13.022986651738364 Y13.2414639495563 F300
G1 X13.180182563506554 Y13.26191041703402 F300
G1 X13.33900479638016 Y13.274527956094932 F300
G1 X13.538254113647781 Y13.279729235989901 F300
G1 X13.736314039900888 Y13.27388198359995 F300
G1 X13.9322775595704 Y13.257786940065134 F300
G1 X14.125249775804026 Y13.232178943749252 F300
G1 X14.333240083298497 Y13.195155217340437 F300
G1 X14.541251283768299 Y13.148506744973906 F300
G1 X14.747532136915137 Y13.090644499304807 F300
G1 X14.899573710833138 Y13.039058265424659 F300
G1 X15.047916096652536 Y12.97995623109683 F300
G1 X15.191984379405785 Y12.912675277899263 F300
G1 X15.331185331359581 Y12.836503388193696 F300
G1 X15.451632370656952 Y12.75810182002777 F300
G1 X15.562752470532214 Y12.672137463294089 F300
G1 X15.665822491853413 Y12.579289190662834 F300
G1 X15.76253238867328 Y12.479552945817007 F300
G1 X15.853262246246214 Y12.374069921263189 F300
G1 X15.938935207902794 Y12.263466844983821 F300
G1 X16.059043721255634 Y12.090638163343556 F300
G1 X16.17234866469292 Y11.910673388193697 F300
G1 X16.349651976363972 Y11.617522715363537 F300
G1 X16.521457553581808 Y11.317618665971475 F300
G1 X16.60166444824832 Y11.164555171162714 F300
G1 X16.6760209118055 Y11.00938185189432 F300
G1 X16.74323214437189 Y10.851651714676644 F300
G1 X16.801986442470696 Y10.690908943749251 F300
G1 X16.854724110953764 Y10.517906539963624 F300
G1 X16.899460746863348 Y10.342240380283977 F300
G1 X16.93723300557646 Y10.164321756996609 F300
G1 X16.969061998026252 Y9.984559638193696 F300
G1 X17.01873669182745 Y9.622932342512026 F300
G1 X17.056550886915144 Y9.262864499304806 F300
G1 X17.075584665938763 Y9.019540942404474 F300
G1 X17.084692620112282 Y8.777793822427006 F300
G1 X17.082656442470697 Y8.537253527082584 F300
G1 X17.073059907825655 Y8.357296718041557 F300
G1 X17.055920295368423 Y8.177430371432974 F300
G1 X17.030638666493758 Y7.997421845716886 F300
G1 X16.996578664692922 Y7.81704005486036 F300
G1 X16.942117581696397 Y7.587527706891443 F300
G1 X16.87853323069218 Y7.360624943081979 F300
G1 X16.807031164692923 Y7.1359849159714726 F300
G1 X16.687684281880657 Y6.802947567819201 F300
G1 X16.557581998026258 Y6.474085610415917 F300
G1 X16.44068142795183 Y6.2009045629025925 F300
G1 X16.315498445595797 Y5.935230413332271 F300
G1 X16.180109775804038 Y5.678333923173118 F300
G1 X16.069775909863733 Y5.490658907826874 F300
G1 X15.951780199986944 Y5.309428164004182 F300
G1 X15.825203972348676 Y5.135044663604095 F300
G1 X15.689090146174408 Y4.967938779140196 F300
G1 X15.573668640250666 Y4.840863903498929 F300
G1 X15.450972281381304 Y4.718806042375321 F300
G1 X15.320334579483196 Y4.601976291643709 F300
G1 X15.181038494983788 Y4.490630906630274 F300
G1 X15.032311998026255 Y4.385076721527027 F300
G1 X14.861048937127835 Y4.276673149915693 F300
G1 X14.683873366513021 Y4.175877804779483 F300
G1 X14.50116960486093 Y4.082779493051411 F300
G1 X14.313309076215559 Y3.997501989016741 F300
G1 X14.122004577853579 Y3.9207123168561147 F300
G1 X13.92745400509207 Y3.852354969078709 F300
G1 X13.730074471589084 Y3.792517175177016 F300
G1 X13.530273067985105 Y3.7413173799632427 F300
G1 X13.328252291045533 Y3.6988692918781574 F300
G1 X13.125774314998594 Y3.6655781148689366 F300
G1 X12.923243314675618 Y3.641505294116289 F300
G1 X12.721053109137369 Y3.626745610415917 F300
G1 X12.578328062431343 Y3.623753558273762 F300
G1 X12.440059530296534 Y3.629220558858396 F300
G1 X12.305832778354786 Y3.643179581907442 F300
G1 X12.175250696370421 Y3.665724937837787 F300
G1 X12.047935470248483 Y3.6970189437492507 F300
G1 X11.92332288782544 Y3.737373619605267 F300
G1 X11.800971944160855 Y3.7872065905471635 F300
G1 X11.680529531819136 Y3.847032068697395 F300
G1 X11.56167842803725 Y3.9174759870365357 F300
G1 X11.444138664692925 Y3.9992789437492484 F300
G1 X11.27793249778153 Y4.132097144407714 F300
G1 X11.117679543689063 Y4.2748218733859975 F300
G1 X10.96243824802626 Y4.425346304860359 F300
G1 X10.738305274380778 Y4.659629577343372 F300
G1 X10.522965331359593 Y4.89618116597147 F300
G1 X10.388261004353623 Y5.049730265576458 F300
G1 X10.258322069867463 Y5.207206240335916 F300
G1 X10.134345331359592 Y5.3692561659714695 F300
G1 X10.01763534561261 Y5.536395119791942 F300
G1 X9.909447754888788 Y5.709197072148221 F300
G1 X9.810918664692926 Y5.888474499304804 F300
G1 X9.745552607967705 Y6.029472831454531 F300
G1 X9.692155823481166 Y6.1701493215015155 F300
G1 X9.648693150289636 Y6.310903676259538 F300
G1 X9.612872271864056 Y6.45400342181698 F300
G1 X9.583407753423337 Y6.598575394271065 F300
G1 X9.558653808725849 Y6.744841248275997 F300
G1 X9.496523109137371 Y7.193328943749247 F300
G1 X9.454971796466259 Y7.457788745639238 F300
G1 X9.408386154404862 Y7.720493923173117 F300
G1 X9.363769671398584 Y7.983154578336495 F300
G1 X9.32830821201803 Y8.246373223584637 F300
G1 X9.313250602972184 Y8.422492311095503 F300
G1 X9.30744569809155 Y8.600194497367486 F300
G1 X9.313078664692926 Y8.780123388193692 F300
G1 X9.331757153766924 Y8.96918171064393 F300
G1 X9.361863289583509 Y9.156718050268331 F300
G1 X9.402693270345189 Y9.342588683393725 F300
G1 X9.453607692470705 Y9.526636443749247 F300
G1 X9.513787549494332 Y9.708036572028917 F300
G1 X9.582345378829938 Y9.886004086570697 F300
G1 X9.658567543429884 Y10.060282458877673 F300
G1 X9.74177422024848 Y10.230604499304803 F300
G1 X9.866292836881348 Y10.458262264384034 F300
G1 X10.000951076861277 Y10.678252389047255 F300
G1 X10.144825814565813 Y10.89141783270681 F300
G1 X10.297035989795805 Y11.0985737174118 F300
G1 X10.511301314146474 Y11.366579744770167 F300
G1 X10.736340273391724 Y11.62652017824988 F300
G1 X10.969921709960413 Y11.879963429345956 F300
G1 X11.330582945687855 Y12.25050212671309 F300
G1 X11.696021998026255 Y12.613406721527024 F300
G1 X11.728268362338019 Y12.65273264390412 F300
G1 X11.747801271261315 Y12.691683861392944 F300
G1 X11.757323613056256 Y12.73006359047321 F300
G1 X11.75845705010959 Y12.768042450693692 F300
G1 X11.747833867752869 Y12.818869754855951 F300
G1 X11.725213204299754 Y12.865452041196349 F300
G1 X11.691947414692923 Y12.906882554860358 F300
G1 X11.65050726649734 Y12.940158294211793 F300
G1 X11.603772036899109 Y12.96293082655584 F300
G1 X11.552650904276256 Y12.973808909027024 F300
G1 X11.514394358087678 Y12.972905872326127 F300
G1 X11.475702097338722 Y12.96365640398052 F300
G1 X11.436414833832403 Y12.94447076216733 F300
G1 X11.396725331359589 Y12.912703388193691 F300
G1 X11.033668716074118 Y12.552027515711874 F300
G1 X10.674586607079755 Y12.18344639230892 F300
G1 X10.441492262029689 Y11.931667384341555 F300
G1 X10.216155027302483 Y11.673774223545722 F300
G1 X10.000645166750534 Y11.40840668037476 F300
G1 X9.84670263063952 Y11.203632960065363 F300
G1 X9.700450033167371 Y10.993445253020617 F300
G1 X9.56269936058841 Y10.777149494145045 F300
G1 X9.434293109137366 Y10.55403116597147 F300
G1 X9.321765853548817 Y10.335837345861393 F300
G1 X9.219308498829895 Y10.112019147116623 F300
G1 X9.12815255358181 Y9.882853804860359 F300
G1 X9.068083729399863 Y9.707957810297493 F300
G1 X9.015830168434299 Y9.531006430143474 F300
G1 X8.971875300176315 Y9.352053203380494 F300
G1 X8.936735331359587 Y9.171142277082579 F300
G1 X8.910428558487506 Y8.980106071357937 F300
G1 X8.895392453612985 Y8.791436916335199 F300
G1 X8.890548426717793 Y8.604468287531628 F300
G1 X8.894895886915142 Y8.418543804860356 F300
G1 X8.913425732864274 Y8.170719790480447 F300
G1 X8.944721030266374 Y7.921272499846259 F300
G1 X8.986829775804031 Y7.6690144993048 F300
G1 X9.051899636915142 Y7.305459360415911 F300
G1 X9.080380536446686 Y7.123299103187978 F300
G1 X9.103951998026252 Y6.939893388193688 F300
G1 X9.127310138549026 Y6.739025396348296 F300
G1 X9.15575741469292 Y6.539578804860354 F300
G1 X9.179996871758437 Y6.407704221896672 F300
G1 X9.210195128414595 Y6.276818643067034 F300
G1 X9.247885331359589 Y6.146990054860355 F300
G1 X9.306215738818107 Y5.983959131404752 F300
G1 X9.373302429954894 Y5.825615922036408 F300
G1 X9.448448767586088 Y5.6715236866982055 F300
G1 X9.531007136915143 Y5.52126811041591 F300
G1 X9.651328729505506 Y5.326580269033935 F300
G1 X9.781759251703438 Y5.137914064271745 F300
G1 X9.920703109137365 Y4.954601165971468 F300
G1 X10.067621513950487 Y4.773966397076818 F300
G1 X10.220366408551243 Y4.5967445585147 F300
G1 X10.378396998026254 Y4.4231238048603565 F300
G1 X10.62346923257173 Y4.17057664074826 F300
G1 X10.875884220248478 Y3.928582277082581 F300
G1 X10.992630747941188 Y3.823999097693271 F300
G1 X11.113195656381953 Y3.7238884755294004 F300
G1 X11.237881257285515 Y3.6293378737904014 F300
G1 X11.367091977742872 Y3.541396589202466 F300
G1 X11.500561380280963 Y3.461553299506816 F300
G1 X11.638730886915145 Y3.390802606300688 F300
G1 X11.745312752405948 Y3.344507708134568 F300
G1 X11.854852273184177 Y3.3043997092479787 F300
G1 X11.967662435987805 Y3.270931561983045 F300
G1 X12.08407755358181 Y3.244616721527024 F300
G1 X12.26668632416879 Y3.2170628391007856 F300
G1 X12.450363595698567 Y3.202743933517823 F300
G1 X12.634923442636572 Y3.2002680158871613 F300
G1 X12.820183664692923 Y3.208333527082581 F300
G1 X13.066585671922656 Y3.2331729401379747 F300
G1 X13.310604438852561 Y3.271077382089855 F300
G1 X13.551209775804034 Y3.3188411659714703 F300
G1 X13.76889543188943 Y3.3707675543038516 F300
G1 X13.984330179431755 Y3.4318292953457736 F300
G1 X14.197198803581813 Y3.50203866597147 F300
G1 X14.406846019704531 Y3.581306440601486 F300
G1 X14.612646624484695 Y3.6695265055453348 F300
G1 X14.814295331359586 Y3.766727832638138 F300
G1 X14.994415489342769 Y3.864336440870421 F300
G1 X15.166463634221154 Y3.968968131807332 F300
G1 X15.330783749569129 Y4.08044490084151 F300
G1 X15.487690468137954 Y4.198630382766019 F300
G1 X15.637468269375978 Y4.323427587853919 F300
G1 X15.780370758694806 Y4.454776445669302 F300
G1 X15.916620053581813 Y4.59265116597147 F300
G1 X16.06724073562655 Y4.761549126984732 F300
G1 X16.20901071496136 Y4.938951584177514 F300
G1 X16.342139736404267 Y5.124849783471376 F300
G1 X16.4667904214265 Y5.31927214212958 F300
G1 X16.58307846575086 Y5.522279096297223 F300
G1 X16.69107310913737 Y5.733957832638137 F300
G1 X16.837644658813648 Y6.047900604570751 F300
G1 X16.97732533781915 Y6.369241071865743 F300
G1 X17.107251586503626 Y6.697548120703983 F300
G1 X17.196120638835733 Y6.94687732515857 F300
G1 X17.27632757306417 Y7.198527079470405 F300
G1 X17.346758010303216 Y7.452396919627596 F300
G1 X17.406276483622968 Y7.708394951979702 F300
G1 X17.44530894845482 Y7.9149999873558645 F300
G1 X17.47590574156043 Y8.122353152772936 F300
G1 X17.49751037360684 Y8.330512432298047 F300
G1 X17.5095345051121 Y8.539540431768067 F300
G1 X17.51135199802626 Y8.749502277082582 F300
G1 X17.50207190537991 Y9.018511386796357 F300
G1 X17.48339069894773 Y9.289799624796991 F300
G1 X17.45575422024848 Y9.562266999304807 F300
G1 X17.41974631188484 Y9.83379391747728 F300
G1 X17.376044447200897 Y10.102337439796061 F300
G1 X17.325226442470704 Y10.366776721527028 F300
G1 X17.281292695333335 Y10.552781749696381 F300
G1 X17.228144729758547 Y10.733789781873215 F300
G1 X17.166564176268277 Y10.910534669500485 F300
G1 X17.09727908135959 Y11.083726999304808 F300
G1 X16.994019762382433 Y11.310463561828183 F300
G1 X16.879717598168252 Y11.533846956079017 F300
G1 X16.755984220248486 Y11.75516894374925 F300
G1 X16.620726850432508 Y11.987875565330183 F300
G1 X16.480357635886346 Y12.219800795601103 F300
G1 X16.38193017462318 Y12.371349649998443 F300
G1 X16.278300260287644 Y12.51852656905001 F300
G1 X16.168104878684698 Y12.660067462267769 F300
G1 X16.080345584391175 Y12.761729324505161 F300
G1 X15.987592945947958 Y12.858893849613672 F300
G1 X15.889152612167706 Y12.951104654959066 F300
G1 X15.784293109137371 Y13.037868943749253 F300
G1 X15.642936174245161 Y13.13900660629699 F300
G1 X15.494942340857783 Y13.229612517132253 F300
G1 X15.340895866339022 Y13.310479931403576 F300
G1 X15.182090472489321 Y13.382002231138058 F300
G1 X15.019266116434235 Y13.444870887620038 F300
G1 X14.853127018602395 Y13.499741289428263 F300
G1 X14.6846009796932 Y13.547171579512035 F300
G1 X14.515270513287394 Y13.587585065411488 F300
G1 X14.345947553581821 Y13.62164561041592 F300
G1 X14.15233158993172 Y13.653218413551862 F300
G1 X13.957902349361154 Y13.676658742180107 F300
G1 X13.76304973316275 Y13.69159599915792 F300
G1 X13.56815623867428 Y13.697630314010613 F300
G1 X13.373603150289641 Y13.694328285313041 F300
G1 X13.179241035363932 Y13.681168433974667 F300
G1 X12.987210269476739 Y13.657809639073092 F300
G1 X12.79775995704361 Y13.623869015363336 F300
G1 X12.611143697809034 Y13.578900293776368 F300
G1 X12.42763084576289 Y13.522387009592874 F300
G1 X12.278361879383077 Y13.466485692855187 F300
G1 X12.132107163062136 Y13.402137735655476 F300
G1 X11.988940639348964 Y13.328962143073692 F300
G1 X11.848964806636994 Y13.246514966248622 F300
G1 X11.712318102039868 Y13.154286332378362 F300
G1 X11.579181998026264 Y13.051697832638142 F300
G1 X11.54360491618889 Y13.015436861494909 F300
G1 X11.521735820529484 Y12.979270356486618 F300
G1 X11.510411705415786 Y12.943447204670898 F300
G1 X11.507757727192931 Y12.907718197221476 F300
G1 X11.516674875215326 Y12.859318124578904 F300
G1 X11.538282425323548 Y12.814006023276123 F300
G1 X11.571561998026265 Y12.77266824930481 F300
G1 X11.613091330996843 Y12.739278691452288 F300
G1 X11.660883590578608 Y12.715278456226898 F300
G1 X11.714000435526264 Y12.702308926388142 F300
G1 X11.754182354362882 Y12.701283599070738 F300
G1 X11.794989636542873 Y12.708242820577638 F300
G1 X11.836484061391669 Y12.724539741378328 F300
G1 X11.878478664692933 Y12.752401165971474 F300
G1 X11.878478664692933 Y12.752401165971474 F300
G1 X11.878055331359583 Y12.752542277082586 F300;svg#Layer_2 > g#Layer_2-2 > path
G0 X15.678883109137363 Y16.164044499304804
G1 X15.655516140715692 Y16.007657847084058 F300
G1 X15.640485202777127 Y15.851006188406725 F300
G1 X15.634158112165368 Y15.694390127548855 F300
G1 X15.6369514683926 Y15.538100847402767 F300
G1 X15.649337970248476 Y15.382430054860361 F300
G1 X15.671761908362853 Y15.228188070300641 F300
G1 X15.704602680765685 Y15.076145602974623 F300
G1 X15.748374945959664 Y14.926433626173848 F300
G1 X15.803708584109918 Y14.77921094971287 F300
G1 X15.87135866469292 Y14.634682277082584 F300
G1 X15.942715744387296 Y14.510593664652685 F300
G1 X16.021955473187564 Y14.397077204810598 F300
G1 X16.108453154463994 Y14.29295760334203 F300
G1 X16.201731133828723 Y14.197190795601108 F300
G1 X16.30227888202635 Y14.108154104227184 F300
G1 X16.408726737078172 Y14.026090749751962 F300
G1 X16.520626581234424 Y13.950321155124689 F300
G1 X16.637560640001563 Y13.880208203008515 F300
G1 X16.798553326806264 Y13.79549146568127 F300
G1 X16.9653785679298 Y13.71877439468301 F300
G1 X17.136701998026258 Y13.648738943749253 F300
G1 X17.43050474341712 Y13.537519137061091 F300
G1 X17.727776801763902 Y13.4326438351777 F300
G1 X18.028718248026255 Y13.33744783263814 F300
G1 X18.2566999707 Y13.274493127645897 F300
G1 X18.486401959912257 Y13.220408684230847 F300
G1 X18.7180694341466 Y13.17653949366617 F300
G1 X18.95195533135959 Y13.144266721527032 F300
G1 X19.12373140380601 Y13.130117799683012 F300
G1 X19.294286096197425 Y13.125615362959252 F300
G1 X19.463636727724925 Y13.130526098491941 F300
G1 X19.63180228315764 Y13.144673894975169 F300
G1 X19.798798386915145 Y13.167938110415921 F300
G1 X19.964348566660306 Y13.200188310135598 F300
G1 X20.12812771538769 Y13.24127109821378 F300
G1 X20.290118637799218 Y13.291115942402753 F300
G1 X20.450291544631487 Y13.349697747546728 F300
G1 X20.608599775804034 Y13.41703449930481 F300
G1 X20.7610122620697 Y13.491509489677002 F300
G1 X20.90788868597023 Y13.573270778173258 F300
G1 X21.04934504232846 Y13.66203906649765 F300
G1 X21.18547451198968 Y13.757578329861273 F300
G1 X21.31634475844292 Y13.85969123541592 F300
G1 X21.472770298874867 Y13.996494260507903 F300
G1 X21.62022306127243 Y14.142235150853054 F300
G1 X21.758745509918942 Y14.296525226176831 F300
G1 X21.88831880358181 Y14.45903422152703 F300
G1 X22.00834610507 Y14.62870956212007 F300
G1 X22.118630572761962 Y14.804925114329913 F300
G1 X22.219110882498732 Y14.98732515523583 F300
G1 X22.309665557054032 Y15.175587624304807 F300
G1 X22.389744110230918 Y15.368461893062257 F300
G1 X22.459170925538462 Y15.565357404136442 F300
G1 X22.517826420352197 Y15.765935225011953 F300
G1 X22.56552866469292 Y15.96987561041592 F300
G1 X22.590864837909226 Y16.09687806850393 F300
G1 X22.61921974913737 Y16.260168259304812 F300
G1 X22.641165943633222 Y16.431324251902222 F300
G1 X22.65215734024848 Y16.6094498681937 F300
G1 X22.650128614325947 Y16.72831871217512 F300
G1 X22.638663504013735 Y16.839100881856773 F300
G1 X22.61666394469292 Y16.93992193041592 F300
G1 X22.590635120673312 Y17.01249808697395 F300
G1 X22.557193954730206 Y17.075623852462783 F300
G1 X22.515701601975447 Y17.129441952057356 F300
G1 X22.465062069137367 Y17.173785939304814 F300
G1 X22.420328334616052 Y17.200325969450258 F300
G1 X22.36833266494657 Y17.220764560963325 F300
G1 X22.30734361326363 Y17.234195322961043 F300
G1 X22.235272226181326 Y17.239087281163716 F300
G1 X22.149674220248478 Y17.233243388193703 F300
G1 X22.000734593492616 Y17.20677312791211 F300
G1 X21.8504298169563 Y17.16842112481922 F300
G1 X21.701055921420725 Y17.122819952479684 F300
G1 X21.552063438355475 Y17.073934170086705 F300
G1 X21.40343513820386 Y17.02584391852775 F300
G1 X21.25742866469292 Y16.983335610415924 F300
G1 X20.93505973255557 Y16.901358456491348 F300
G1 X20.61102925559021 Y16.826224745484748 F300
G1 X20.285455331359586 Y16.75798116597148 F300
G1 X19.848783658205605 Y16.677881191037336 F300
G1 X19.410492823280755 Y16.61066222526102 F300
G1 X18.97072708949049 Y16.55620271077345 F300
G1 X18.52962726605644 Y16.51440160166429 F300
G1 X18.087332275804034 Y16.485178110415923 F300
G1 X17.64436681534106 Y16.468480529611995 F300
G1 X17.201247929435674 Y16.464233555501927 F300
G1 X16.758127283338553 Y16.472351367311916 F300
G1 X16.315156290577004 Y16.492766599674567 F300
G1 X15.87248755358181 Y16.525430054860365 F300
G1 X15.821739611708423 Y16.52444432935682 F300
G1 X15.780676718019087 Y16.513939434757198 F300
G1 X15.747276312875092 Y16.496280562901582 F300
G1 X15.72006770983181 Y16.472599377777033 F300
G1 X15.692078845527202 Y16.43175169873421 F300
G1 X15.675278850139804 Y16.384255983989643 F300
G1 X15.669552136915142 Y16.331490471527033 F300
G1 X15.67529051359798 Y16.278530658413764 F300
G1 X15.69211315790828 Y16.22793868787648 F300
G1 X15.720504272331809 Y16.18151802361037 F300
G1 X15.748194682975907 Y16.152673861410975 F300
G1 X15.781995096929853 Y16.129071719871817 F300
G1 X15.822933716047283 Y16.111633720411437 F300
G1 X15.87248755358181 Y16.102096721527037 F300
G1 X16.29992526862436 Y16.070358970815096 F300
G1 X16.727701259240646 Y16.050036379240563 F300
G1 X17.155705893913417 Y16.041161490437144 F300
G1 X17.5838301924707 Y16.043782554860368 F300
G1 X18.01171916285256 Y16.057952239918695 F300
G1 X18.439024445765376 Y16.083713033021773 F300
G1 X18.865642558345737 Y16.12112212808473 F300
G1 X19.29146866469292 Y16.170253388193704 F300
G1 X19.717347126866976 Y16.230591935682156 F300
G1 X20.141295323959476 Y16.301610669882887 F300
G1 X20.563205597474976 Y16.383817277529317 F300
G1 X20.982967553581812 Y16.47773449930481 F300
G1 X21.40210876804786 Y16.58388219545103 F300
G1 X21.81820422024848 Y16.701677832638143 F300
G1 X21.9986676924707 Y16.76491324930481 F300
G1 X22.092116701654447 Y16.79434666808664 F300
G1 X22.182411998026254 Y16.811744499304808 F300
G1 X22.20402147804988 Y16.816636955359073 F300
G1 X22.213090598849302 Y16.821010795601108 F300
G1 X22.21842642220208 Y16.82359839822311 F300
G1 X22.22031339720321 Y16.820305240045556 F300
G1 X22.226720886915142 Y16.782534499304813 F300
G1 X22.2320579282932 Y16.732513716936147 F300
G1 X22.230636720248473 Y16.677547832638144 F300
G1 X22.221640886915143 Y16.57171449930481 F300
G1 X22.2043575426295 Y16.376063845128645 F300
G1 X22.176297457988543 Y16.18160011369744 F300
G1 X22.137558603377173 Y15.988753253236892 F300
G1 X22.088176311560698 Y15.797961117552152 F300
G1 X22.028125290207328 Y15.60968165979864 F300
G1 X21.95761170308608 Y15.425103122024181 F300
G1 X21.877017924046413 Y15.245536063405444 F300
G1 X21.78638659165394 Y15.071372441761675 F300
G1 X21.685691394629085 Y14.903030814034546 F300
G1 X21.574839816956295 Y14.740970301773949 F300
G1 X21.474963814881246 Y14.611539246721428 F300
G1 X21.36853799642656 Y14.487868417388553 F300
G1 X21.255490787772025 Y14.370161925996284 F300
G1 X21.135709418493153 Y14.258657710201676 F300
G1 X21.009041992507218 Y14.15363493779066 F300
G1 X20.87529977580403 Y14.05542116597148 F300
G1 X20.725282098784806 Y13.958172789819276 F300
G1 X20.569710517159827 Y13.869578855354302 F300
G1 X20.408914800983613 Y13.790206455311763 F300
G1 X20.24319255358181 Y13.720687971527036 F300
G1 X20.073529105980253 Y13.661953179494422 F300
G1 X19.900913809948793 Y13.614816704475217 F300
G1 X19.72554283078145 Y13.57984611640395 F300
G1 X19.54758533135959 Y13.557722277082592 F300
G1 X19.36332195212013 Y13.548292218914767 F300
G1 X19.18045811778061 Y13.5510689668648 F300
G1 X18.9987205988493 Y13.564830096012635 F300
G1 X18.817816494007076 Y13.588449488660373 F300
G1 X18.637984106993684 Y13.620769861161612 F300
G1 X18.459137841647653 Y13.660681124819218 F300
G1 X18.193517678842333 Y13.732115711978423 F300
G1 X17.931157553581812 Y13.813980054860371 F300
G1 X17.52492291816515 Y13.946397398610372 F300
G1 X17.3172030972801 Y14.02006151972681 F300
G1 X17.111848803581815 Y14.10306380486037 F300
G1 X16.978154739112195 Y14.165318693031956 F300
G1 X16.849600714463644 Y14.233704205710527 F300
G1 X16.727217397331817 Y14.309180836110368 F300
G1 X16.6394032873442 Y14.37156809928964 F300
G1 X16.556423027793464 Y14.438806668985576 F300
G1 X16.47860252885416 Y14.511412324414085 F300
G1 X16.40631088691515 Y14.58995005486037 F300
G1 X16.32768715832448 Y14.692543696317406 F300
G1 X16.26007192003963 Y14.801135444496143 F300
G1 X16.20274038099251 Y14.915234572699568 F300
G1 X16.155133109137378 Y15.034444828522926 F300
G1 X16.117151062724275 Y15.157275478211632 F300
G1 X16.088349019288504 Y15.282948772542076 F300
G1 X16.068295109809196 Y15.410887907633386 F300
G1 X16.05663755358182 Y15.540526762679303 F300
G1 X16.053094571124795 Y15.670901597769415 F300
G1 X16.057295256560998 Y15.800045889099863 F300
G1 X16.06877317904933 Y15.927296149773962 F300
G1 X16.087117553581813 Y16.052002277082593 F300
G1 X16.09070109043202 Y16.102274766468273 F300
G1 X16.084453787610492 Y16.14639203919368 F300
G1 X16.070411597556493 Y16.18529653155727 F300
G1 X16.04972310913737 Y16.219715037499256 F300
G1 X16.01226056631474 Y16.259479666960964 F300
G1 X15.967804881637182 Y16.289179707596936 F300
G1 X15.918242831359592 Y16.308806860415928 F300
G1 X15.865838159849584 Y16.317338155133356 F300
G1 X15.815710690727578 Y16.313768825911858 F300
G1 X15.769141303581815 Y16.29764805833259 F300
G1 X15.739307830354283 Y16.27771505660906 F300
G1 X15.713672646509107 Y16.250204834425695 F300
G1 X15.692941296163273 Y16.213374325746088 F300
G1 X15.67888310913737 Y16.164608943749258 F300
G1 X15.67888310913737 Y16.164608943749258 F300
G1 X15.678883109137363 Y16.164044499304804 F300;svg#Layer_2 > g#Layer_2-2 > path
G0 X24.054533109137363 Y16.992507832638143
G1 X24.81063621762843 Y17.253349850405296 F300
G1 X25.569078664692913 Y17.507422277082586 F300
G1 X26.296647553581806 Y17.743924499304807 F300
G1 X26.52682068115383 Y17.82449894374925 F300
G1 X26.645482632110888 Y17.864833893349143 F300
G1 X26.765021463046832 Y17.89914672152703 F300
G1 X26.845630994268596 Y17.916671277310254 F300
G1 X26.925488062607236 Y17.928108271339518 F300
G1 X27.004601998026253 Y17.93230783263814 F300
G1 X27.090797325326236 Y17.925963966454987 F300
G1 X27.169696449615444 Y17.90779628427264 F300
G1 X27.24264713670164 Y17.879299839257083 F300
G1 X27.31080208483181 Y17.84144330138814 F300
G1 X27.374493089065048 Y17.795293573538697 F300
G1 X27.434305883006445 Y17.741637755860225 F300
G1 X27.490684187000483 Y17.681220131498588 F300
G1 X27.544016859137365 Y17.614754915971474 F300
G1 X27.60880589732218 Y17.521381260637497 F300
G1 X27.668303617126043 Y17.423504978518825 F300
G1 X27.723283091776253 Y17.32364048888814 F300
G1 X27.8676375535818 Y17.039497832638144 F300
G1 X27.93947537333975 Y16.908743948934745 F300
G1 X28.016215312270134 Y16.782105319189654 F300
G1 X28.0970005988493 Y16.658753923173126 F300
G1 X28.224252258883674 Y16.477682141067213 F300
G1 X28.35596561942543 Y16.29949026062168 F300
G1 X28.620606442470695 Y15.94235894374925 F300
G1 X28.701201755642025 Y15.826199021930316 F300
G1 X28.77772143078483 Y15.707093461752397 F300
G1 X28.84866290337605 Y15.584835651568186 F300
G1 X28.91257459635969 Y15.459056222939884 F300
G1 X28.96754895660444 Y15.330340864973575 F300
G1 X29.01221590749127 Y15.198274828522917 F300
G1 X29.037959101658892 Y15.097289226992135 F300
G1 X29.05647980222744 Y14.994098491810353 F300
G1 X29.067106886603078 Y14.888333026808134 F300
G1 X29.069057553581807 Y14.779603388193694 F300
G1 X29.05971977423097 Y14.667356977099793 F300
G1 X29.038689633953066 Y14.566694305148085 F300
G1 X29.00746659801331 Y14.475840567455151 F300
G1 X28.967076030948068 Y14.393251618646373 F300
G1 X28.916377478349368 Y14.315244194884716 F300
G1 X28.857125407302593 Y14.243810969953817 F300
G1 X28.78968244247012 Y14.178197790666339 F300
G1 X28.714262409548887 Y14.11778182440769 F300
G1 X28.606226493054706 Y14.047211716867661 F300
G1 X28.487069248603756 Y13.984262621848204 F300
G1 X28.357716442470693 Y13.92813894374925 F300
G1 X28.12804874277496 Y13.844921294763443 F300
G1 X27.894073531381736 Y13.774197589977124 F300
G1 X27.65695866469292 Y13.715343388193693 F300
G1 X27.493936184291083 Y13.680731707467798 F300
G1 X27.32958088691514 Y13.653960054860361 F300
G1 X27.248741859137365 Y13.64602255486036 F300
G1 X27.218031206853787 Y13.651984873118877 F300
G1 X27.17732199802625 Y13.672586721527027 F300
G1 X27.13273563008845 Y13.711854286587837 F300
G1 X27.087716442470693 Y13.769159638193695 F300
G1 X27.010387553581804 Y13.879596721527031 F300
G1 X26.046880886915137 Y15.08341561041592 F300
G1 X25.69418673053654 Y15.513621577494112 F300
G1 X25.518520072867226 Y15.731154326499537 F300
G1 X25.349143932182628 Y15.952890013708101 F300
G1 X25.241599962910477 Y16.104387549596304 F300
G1 X25.14011107455956 Y16.25914875046805 F300
G1 X25.04583866469292 Y16.417903388193697 F300
G1 X24.940140420328348 Y16.60632074577394 F300
G1 X24.82976619555712 Y16.789725939634028 F300
G1 X24.749449312878014 Y16.906651120734313 F300
G1 X24.662302300939793 Y17.01534185432759 F300
G1 X24.56609224493983 Y17.114103799716332 F300
G1 X24.487507894623604 Y17.1798934080146 F300
G1 X24.40130448244546 Y17.238663266720522 F300
G1 X24.30592613925828 Y17.289631381268396 F300
G1 X24.199595331359586 Y17.33173894374925 F300
G1 X24.149871362061305 Y17.342539628214848 F300
G1 X24.106899294028224 Y17.341981167943775 F300
G1 X24.069420385692954 Y17.332714717178366 F300
G1 X24.03638710219292 Y17.316152780554805 F300
G1 X23.99801624060799 Y17.28313342126966 F300
G1 X23.968959762173 Y17.24119104201577 F300
G1 X23.949405331359586 Y17.191809638193693 F300
G1 X23.940921555482785 Y17.139259483269328 F300
G1 X23.943954207825254 Y17.086594563299187 F300
G1 X23.95936689385959 Y17.035372537499253 F300
G1 X23.978723189845823 Y17.00123077711061 F300
G1 X24.005445039125664 Y16.970665459373553 F300
G1 X24.040860873036 Y16.94430310176091 F300
G1 X24.086988664692917 Y16.92350449930481 F300
G1 X24.157114019517202 Y16.894791068733582 F300
G1 X24.22175204194587 Y16.857719666194946 F300
G1 X24.2818057959996 Y16.81300387042787 F300
G1 X24.338051789692916 Y16.76115837083259 F300
G1 X24.40602973006065 Y16.684406496400715 F300
G1 X24.468927459712997 Y16.598799744111425 F300
G1 X24.52778449802625 Y16.506009638193696 F300
G1 X24.608443457646935 Y16.361743318611815 F300
G1 X24.68380928969292 Y16.216967780554807 F300
G1 X24.759223902858103 Y16.0756227434498 F300
G1 X24.83374866469292 Y15.952942277082585 F300
G1 X24.998978938283873 Y15.718234930234443 F300
G1 X25.172972160546845 Y15.488468962475743 F300
G1 X25.353108109137363 Y15.262150471527026 F300
G1 X25.900830886915145 Y14.592631165971474 F300
G1 X26.448341998026255 Y13.908665610415916 F300
G1 X26.711090886915137 Y13.580300054860361 F300
G1 X26.835056998026253 Y13.42093269374925 F300
G1 X26.880413141815364 Y13.37029865172026 F300
G1 X26.92930979661061 Y13.32482473614291 F300
G1 X26.983153109137362 Y13.286224499304804 F300
G1 X27.038884316203642 Y13.257983229969508 F300
G1 X27.097632323758948 Y13.23828786099074 F300
G1 X27.159274504209606 Y13.22604817329238 F300
G1 X27.223747553581813 Y13.220388326465303 F300
G1 X27.310538698954872 Y13.221591470006183 F300
G1 X27.398932112818166 Y13.230609298724623 F300
G1 X27.4877664424707 Y13.245333635107276 F300
G1 X27.73710977580403 Y13.300194499304803 F300
G1 X27.937703294959466 Y13.347903022593554 F300
G1 X28.13600122584261 Y13.403965800364812 F300
G1 X28.331705705826707 Y13.468460483451071 F300
G1 X28.52450977580403 Y13.541494499304806 F300
G1 X28.66743562206739 Y13.604110032616457 F300
G1 X28.803846267376446 Y13.674611925751746 F300
G1 X28.932383602964528 Y13.753861495189582 F300
G1 X29.02386244190167 Y13.820434286038527 F300
G1 X29.108911353013905 Y13.892588248245527 F300
G1 X29.187127619410308 Y13.97083264746901 F300
G1 X29.258036689384276 Y14.05575565156818 F300
G1 X29.320072576883895 Y14.146415163425814 F300
G1 X29.373804378062715 Y14.244870586810908 F300
G1 X29.418538325389534 Y14.352219262871968 F300
G1 X29.453303109137362 Y14.469723388193694 F300
G1 X29.475216265030365 Y14.581237807595512 F300
G1 X29.488238717760396 Y14.69325984837436 F300
G1 X29.492889061534765 Y14.805694985769783 F300
G1 X29.489594796380164 Y14.918456721527033 F300
G1 X29.47358133362188 Y15.068180020988077 F300
G1 X29.445232334890875 Y15.216442820942294 F300
G1 X29.405440310783455 Y15.362768573378883 F300
G1 X29.355221240135442 Y15.5060091810677 F300
G1 X29.295877133451185 Y15.644559166940624 F300
G1 X29.22837199802625 Y15.777823388193696 F300
G1 X29.144098494267674 Y15.9219694261564 F300
G1 X29.053085778041417 Y16.061408772643865 F300
G1 X28.956989199672346 Y16.197440795601107 F300
G1 X28.65543998156535 Y16.596832277082584 F300
G1 X28.50793070451155 Y16.798840394894235 F300
G1 X28.3704164424707 Y17.00760672152703 F300
G1 X28.27743153909207 Y17.169396118747418 F300
G1 X28.189298126498475 Y17.335429881249254 F300
G1 X28.101631721003965 Y17.50172207881674 F300
G1 X28.010071581359586 Y17.66423199930481 F300
G1 X27.944272609764273 Y17.769253861998966 F300
G1 X27.873402158412024 Y17.869847400967643 F300
G1 X27.795999411220695 Y17.965147034027034 F300
G1 X27.711321497754916 Y18.053529219418174 F300
G1 X27.61680343151352 Y18.135215462314974 F300
G1 X27.510344220248474 Y18.209308943749253 F300
G1 X27.410016967312753 Y18.26304727746367 F300
G1 X27.309272716214878 Y18.301974780860064 F300
G1 X27.207831662135053 Y18.328042339300083 F300
G1 X27.105320053581806 Y18.342802259721477 F300
G1 X27.001116458485527 Y18.347474511553287 F300
G1 X26.895777529906297 Y18.34305604785707 F300
G1 X26.789294779036297 Y18.33057209371435 F300
G1 X26.681669220248477 Y18.310997138193695 F300
G1 X26.53985526286797 Y18.276461074498037 F300
G1 X26.398479781730344 Y18.23439988460164 F300
G1 X26.25812422024848 Y18.18746097499925 F300
G1 X25.853417553581814 Y18.045761165971474 F300
G1 X24.896030992710735 Y17.728849002271787 F300
G1 X23.942208664692917 Y17.401024499304807 F300
G1 X23.896576341448707 Y17.379549103476776 F300
G1 X23.861457895640903 Y17.352597757690923 F300
G1 X23.83491555466889 Y17.32149225697128 F300
G1 X23.815678300109585 Y17.286854586110362 F300
G1 X23.80038702038171 Y17.235110919010374 F300
G1 X23.797405898223612 Y17.18214360404445 F300
G1 X23.805842414692915 Y17.12954436041592 F300
G1 X23.825326527569732 Y17.08013886495976 F300
G1 X23.854228191227477 Y17.038453736102838 F300
G1 X23.89234132094292 Y17.00591559305481 F300
G1 X23.925139284529536 Y16.98980407918227 F300
G1 X23.962385844760107 Y16.98106105268864 F300
G1 X24.005175865839888 Y16.981141503008864 F300
G1 X24.054815331359585 Y16.992790054860368 F300
G1 X24.054815331359585 Y16.992790054860368 F300
G1 X24.054533109137363 Y16.992507832638143 F300;svg#Layer_2 > g#Layer_2-2 > path
G0 X27.5628375535818 Y18.030380054860363
G1 X27.700084343239844 Y18.31400970952701 F300
G1 X27.84938350844291 Y18.602920749304808 F300
G1 X27.95630806185018 Y18.79225999987308 F300
G1 X28.07057511522175 Y18.97665597055204 F300
G1 X28.19341019247069 Y19.154083110415918 F300
G1 X28.292437234151585 Y19.281995523193324 F300
G1 X28.39709149416619 Y19.40334263841905 F300
G1 X28.50797477037539 Y19.517446234754765 F300
G1 X28.625728334831802 Y19.623595054860363 F300
G1 X28.72488091741652 Y19.701937526799853 F300
G1 X28.829069455074787 Y19.774254427511735 F300
G1 X28.93879956126359 Y19.840194838477938 F300
G1 X29.054624652666593 Y19.899338490928823 F300
G1 X29.177148664692915 Y19.951184499304805 F300
G1 X29.30373110470582 Y19.99346909897635 F300
G1 X29.444602727192915 Y20.02763364861036 F300
G1 X29.54093481779831 Y20.043352331654315 F300
G1 X29.638651069738295 Y20.052608656190916 F300
G1 X29.73668949802625 Y20.05446019374925 F300
G1 X29.83421553147508 Y20.04785294366889 F300
G1 X29.928307130572385 Y20.031980219911922 F300
G1 X30.018245852192916 Y20.006012780554805 F300
G1 X30.08277740894757 Y19.979177138244985 F300
G1 X30.143717266999502 Y19.94577592747413 F300
G1 X30.20091627568725 Y19.90519658884953 F300
G1 X30.254108664692914 Y19.856640054860364 F300
G1 X30.30642450754516 Y19.79247433090264 F300
G1 X30.350038088561234 Y19.722579272967362 F300
G1 X30.430006277861644 Y19.577292318234846 F300
G1 X30.475450289184096 Y19.508211219709715 F300
G1 X30.531109775804026 Y19.44501894374925 F300
G1 X30.582904930920296 Y19.4017069035707 F300
G1 X30.638015537478754 Y19.36590404702998 F300
G1 X30.696116657382277 Y19.336686514805734 F300
G1 X30.75697574802625 Y19.313291721527026 F300
G1 X30.841346240397968 Y19.290245625593265 F300
G1 X30.928023473555243 Y19.275306486573363 F300
G1 X31.015967553581802 Y19.267077832638144 F300
G1 X31.15230311407593 Y19.266643752004434 F300
G1 X31.290093525804032 Y19.274274499304806 F300
G1 X31.381990929653746 Y19.278341652027017 F300
G1 X31.47315635751081 Y19.277731516118706 F300
G1 X31.56347866469292 Y19.269194499304806 F300
G1 X31.630063640147316 Y19.25487771410018 F300
G1 X31.69361530739506 Y19.233085115914193 F300
G1 X31.75425668054497 Y19.204477937478757 F300
G1 X31.81204588691514 Y19.169552415971474 F300
G1 X31.88367584856358 Y19.114593481375483 F300
G1 X31.948273934157925 Y19.051836448913782 F300
G1 X32.00557977580403 Y18.982597832638138 F300
G1 X32.05893692276142 Y18.902671313740004 F300
G1 X32.10435829538434 Y18.818361943257898 F300
G1 X32.14258120328707 Y18.73002356926543 F300
G1 X32.17424413794395 Y18.63796268860522 F300
G1 X32.206760505063 Y18.512031785399355 F300
G1 X32.22977490732258 Y18.382863035707278 F300
G1 X32.244632450701154 Y18.251684087782174 F300
G1 X32.254444234781694 Y18.054606803825404 F300
G1 X32.25337088691514 Y17.865562277082585 F300
G1 X32.24329647090814 Y17.68322908047973 F300
G1 X32.22304708118157 Y17.502134551985844 F300
G1 X32.19290321849157 Y17.322444575224903 F300
G1 X32.153087923952185 Y17.1443329355188 F300
G1 X32.103939212463125 Y16.968534440337965 F300
G1 X32.04580096821811 Y16.7956127344192 F300
G1 X31.978898897672128 Y16.62577869391414 F300
G1 X31.90341533135959 Y16.459259396424144 F300
G1 X31.81970043567054 Y16.296683283307715 F300
G1 X31.728213903638476 Y16.13877942872924 F300
G1 X31.629157825508525 Y15.985779523763085 F300
G1 X31.522697553581807 Y15.837936721527026 F300
G1 X31.395402785597646 Y15.679841638603188 F300
G1 X31.258897209423047 Y15.529070334087645 F300
G1 X31.113492970248473 Y15.386151860415916 F300
G1 X30.95994053426247 Y15.252076902576391 F300
G1 X30.799067547272852 Y15.127804206159393 F300
G1 X30.631157553581804 Y15.01384783263814 F300
G1 X30.488313749021763 Y14.926537637834745 F300
G1 X30.338087414692914 Y14.84446158263814 F300
G1 X30.23476053993223 Y14.79591573263791 F300
G1 X30.129894014004613 Y14.754635988700374 F300
G1 X30.02353310913736 Y14.72217116597147 F300
G1 X29.946607169250683 Y14.705801464136014 F300
G1 X29.86585908135958 Y14.699205332638137 F300
G1 X29.812913613362497 Y14.703827896931557 F300
G1 X29.762923139388327 Y14.717889699412487 F300
G1 X29.716334220248473 Y14.743761165971469 F300
G1 X29.678289754892162 Y14.778528531390501 F300
G1 X29.64923588691514 Y14.82186616597147 F300
G1 X29.638776304459615 Y14.853628893983238 F300
G1 X29.638021576495852 Y14.88581893060915 F300
G1 X29.64944755358181 Y14.919021165971468 F300
G1 X29.669572070390927 Y14.96570567920629 F300
G1 X29.677749619960107 Y15.008806477145448 F300
G1 X29.676538165609607 Y15.048800453854396 F300
G1 X29.667410557054026 Y15.086229013193691 F300
G1 X29.64359044904862 Y15.13311667670744 F300
G1 X29.609507265510093 Y15.172638587120709 F300
G1 X29.56677408135958 Y15.204277277082578 F300
G1 X29.518253296189318 Y15.225929421717712 F300
G1 X29.467626224678206 Y15.235885698929245 F300
G1 X29.4161048973318 Y15.233108040971468 F300
G1 X29.379970615408926 Y15.222239691009575 F300
G1 X29.34563181737716 Y15.203131425354847 F300
G1 X29.313333140474466 Y15.174143282778598 F300
G1 X29.283969775804024 Y15.132663388193691 F300
G1 X29.245878227472286 Y15.050758849338626 F300
G1 X29.223311817715825 Y14.971837552499355 F300
G1 X29.21397585873985 Y14.895619032110975 F300
G1 X29.2163180223318 Y14.821696391665913 F300
G1 X29.229908467706327 Y14.747913024839624 F300
G1 X29.253767644283318 Y14.677559874790578 F300
G1 X29.287167565103385 Y14.610635973009302 F300
G1 X29.329707414692916 Y14.547281582638135 F300
G1 X29.379581854317138 Y14.489537066038372 F300
G1 X29.43625101239019 Y14.437411164634018 F300
G1 X29.499220673583736 Y14.391265102828148 F300
G1 X29.568112432054022 Y14.351633231943692 F300
G1 X29.640662511527907 Y14.319982587952884 F300
G1 X29.716327166254917 Y14.296627534727683 F300
G1 X29.794721006346855 Y14.282048606120295 F300
G1 X29.875507553581805 Y14.276965610415914 F300
G1 X29.98980711049887 Y14.283352860333402 F300
G1 X30.104563810398627 Y14.3017530172266 F300
G1 X30.21976910817631 Y14.331145549843319 F300
G1 X30.335372985680575 Y14.370626803831556 F300
G1 X30.484992670458084 Y14.435139695756206 F300
G1 X30.631327244589198 Y14.511377470534846 F300
G1 X30.773507306668225 Y14.596524787370647 F300
G1 X30.97749293563818 Y14.735196982562696 F300
G1 X31.15905422024847 Y14.872031165971471 F300
G1 X31.297518413586037 Y14.985695885492454 F300
G1 X31.430434524017926 Y15.10567437859508 F300
G1 X31.557747605411457 Y15.231741260413923 F300
G1 X31.679380275986908 Y15.363696329413614 F300
G1 X31.7952301461744 Y15.501360589839788 F300
G1 X31.931134102925263 Y15.680420060526611 F300
G1 X32.056775829528846 Y15.866549468819969 F300
G1 X32.171969088261704 Y16.05935303581612 F300
G1 X32.27646607210033 Y16.258473964325383 F300
G1 X32.36975420302262 Y16.46311778379164 F300
G1 X32.451206742931944 Y16.672056141828147 F300
G1 X32.5206016998756 Y16.88493941203508 F300
G1 X32.57764422024847 Y17.101445610415915 F300
G1 X32.612143417012945 Y17.265496034138796 F300
G1 X32.64182466665917 Y17.44385856550661 F300
G1 X32.664903944692924 Y17.63492576152703 F300
G1 X32.67886853171133 Y17.826453363275537 F300
G1 X32.68310114923601 Y18.021799166346266 F300
G1 X32.6761126824707 Y18.21880628597147 F300
G1 X32.662573241736794 Y18.36614592758313 F300
G1 X32.64144461151069 Y18.510408444694843 F300
G1 X32.61225811363302 Y18.65084293917194 F300
G1 X32.574504780248475 Y18.786715290415916 F300
G1 X32.526627381639315 Y18.9197479482865 F300
G1 X32.469215230375184 Y19.045287380838946 F300
G1 X32.40169030082331 Y19.162950383941656 F300
G1 X32.32331458469292 Y19.27228088152703 F300
G1 X32.25286012206509 Y19.35266351124536 F300
G1 X32.17470951590534 Y19.426868847512118 F300
G1 X32.0881074511209 Y19.494650403917063 F300
G1 X31.99214892135567 Y19.55560208273473 F300
G1 X31.885776442470696 Y19.609131165971476 F300
G1 X31.780165763505618 Y19.648216561880094 F300
G1 X31.674409809267754 Y19.673910408451565 F300
G1 X31.567906025804028 Y19.68889422152703 F300
G1 X31.405401994539535 Y19.6964409864457 F300
G1 X31.238499775804033 Y19.692668943749254 F300
G1 X31.13063460356731 Y19.688920343723925 F300
G1 X31.03562380872585 Y19.69099128942827 F300
G1 X30.974729322426104 Y19.69886429794901 F300
G1 X30.918995026975328 Y19.713907467676993 F300
G1 X30.86771203917852 Y19.737855857329503 F300
G1 X30.833532261439128 Y19.76152294342788 F300
G1 X30.800483186935416 Y19.79247928645129 F300
G1 X30.76846001423276 Y19.832642931358833 F300
G1 X30.737555331359584 Y19.884438943749256 F300
G1 X30.676652628131635 Y19.988104191119092 F300
G1 X30.608108857571178 Y20.080114402850786 F300
G1 X30.532548442986787 Y20.161458103805103 F300
G1 X30.45035240954889 Y20.23291544580687 F300
G1 X30.3606232944476 Y20.29572269636361 F300
G1 X30.26530102322298 Y20.34884225898812 F300
G1 X30.164603855509085 Y20.39260727484798 F300
G1 X30.058664549466585 Y20.427173182432384 F300
G1 X29.950344601785083 Y20.452011385629024 F300
G1 X29.83844682145658 Y20.467775900105345 F300
G1 X29.723204793984145 Y20.474446961042798 F300
G1 X29.604856442470698 Y20.471884499304814 F300
G1 X29.455624379825668 Y20.457392654075502 F300
G1 X29.313550044610494 Y20.43301754729742 F300
G1 X29.177978857985455 Y20.399522755656335 F300
G1 X29.048300541077758 Y20.357542801553418 F300
G1 X28.923950175804038 Y20.30759391263815 F300
G1 X28.772331940565937 Y20.23299916287028 F300
G1 X28.62806507054561 Y20.14706338494993 F300
G1 X28.490486003629197 Y20.050508402869486 F300
G1 X28.35900337580403 Y19.943943805971482 F300
G1 X28.23453158437059 Y19.82929960011119 F300
G1 X28.115736156297988 Y19.70657791874229 F300
G1 X28.002256725156965 Y19.576466696497015 F300
G1 X27.893760042470692 Y19.439638659304812 F300
G1 X27.75809468857207 Y19.250528326835344 F300
G1 X27.63106335929361 Y19.054449034085472 F300
G1 X27.51196417580403 Y18.853382952638146 F300
G1 X27.399558587340785 Y18.648246904031843 F300
G1 X27.294954870447576 Y18.444381705971356 F300
G1 X27.197359775804028 Y18.24388116597148 F300
G1 X27.18044660321489 Y18.19629643151234 F300
G1 X27.174734956802983 Y18.15217092427209 F300
G1 X27.177967474515725 Y18.111102761950335 F300
G1 X27.188822553581804 Y18.07266488124926 F300
G1 X27.21449680029352 Y18.02474778503996 F300
G1 X27.249644131103697 Y17.984700695095075 F300
G1 X27.29246866469292 Y17.953015888193704 F300
G1 X27.34092035785118 Y17.93133229641047 F300
G1 X27.390452197895762 Y17.921854771618605 F300
G1 X27.439929775804032 Y17.92538897847148 F300
G1 X27.474181495875605 Y17.936916845181557 F300
G1 X27.506370542806078 Y17.9568285754885 F300
G1 X27.53626156953436 Y17.986959336810163 F300
G1 X27.562837553581808 Y18.030238943749257 F300
G1 X27.562837553581808 Y18.030238943749257 F300
G1 X27.5628375535818 Y18.030380054860363 F300;svg#Layer_2 > g#Layer_2-2 > path
G0 X24.33647310913736 Y13.510873388193696
G1 X24.204184186064545 Y13.503108499184805 F300
G1 X24.075452945888333 Y13.485381673055171 F300
G1 X23.949833885595645 Y13.458563671979242 F300
G1 X23.826905207902794 Y13.423410630992052 F300
G1 X23.666353424662383 Y13.364644916238166 F300
G1 X23.509927055380764 Y13.294025629142368 F300
G1 X23.357130640001557 Y13.213149849099047 F300
G1 X23.208544291547383 Y13.124214489464293 F300
G1 X23.063771760277213 Y13.028938422901913 F300
G1 X22.922539775804022 Y12.929072277082586 F300
G1 X22.698419575244998 Y12.758806527125484 F300
G1 X22.481912986910498 Y12.57981506351053 F300
G1 X22.273285071455128 Y12.392020329387446 F300
G1 X22.072826338221773 Y12.19531328746632 F300
G1 X21.8808575535818 Y11.98955449930481 F300
G1 X21.699165127007145 Y11.77740148705131 F300
G1 X21.526579092511955 Y11.558547701233715 F300
G1 X21.36312225984556 Y11.333193973542873 F300
G1 X21.208844424414117 Y11.101518849254115 F300
G1 X21.06382422024847 Y10.863681860415923 F300
G1 X20.928395291506767 Y10.620249869147496 F300
G1 X20.802852184950734 Y10.37180519246807 F300
G1 X20.687265669338842 Y10.118516034446916 F300
G1 X20.581736594682354 Y9.860535198445662 F300
G1 X20.486397553581803 Y9.598003388193698 F300
G1 X20.401390304750173 Y9.329010026754878 F300
G1 X20.32842940751621 Y9.05729551558238 F300
G1 X20.267105681723113 Y8.7829648697116 F300
G1 X20.21704957105264 Y8.506112693218274 F300
G1 X20.17792866469291 Y8.226826721527031 F300
G1 X20.15115502966528 Y7.970083715477183 F300
G1 X20.133881092676454 Y7.708452441691642 F300
G1 X20.129252140734444 Y7.5334196144286665 F300
G1 X20.131163374824364 Y7.358560233094089 F300
G1 X20.140508088561226 Y7.184371001362424 F300
G1 X20.158246252413832 Y7.010999877878155 F300
G1 X20.185191163100868 Y6.8399735255953065 F300
G1 X20.2222375535818 Y6.671641165971477 F300
G1 X20.271583716007 Y6.5016063685090195 F300
G1 X20.332033772994258 Y6.334469243022707 F300
G1 X20.40303319638393 Y6.170165394485936 F300
G1 X20.48409126885958 Y6.008659273610365 F300
G1 X20.573571839604238 Y5.851922974303461 F300
G1 X20.67140637590471 Y5.698890303473113 F300
G1 X20.777031125509197 Y5.549639138152867 F300
G1 X20.889904775804023 Y5.40426936041592 F300
G1 X21.049560765982967 Y5.2180356914254356 F300
G1 X21.218179494624245 Y5.040793219055314 F300
G1 X21.394249116081802 Y4.872825072221476 F300
G1 X21.577928426973543 Y4.713104167196649 F300
G1 X21.76427278372006 Y4.565010478049562 F300
G1 X21.951695331359577 Y4.428680054860364 F300
G1 X22.153592816768885 Y4.2959217621230925 F300
G1 X22.36042943121601 Y4.174747262382979 F300
G1 X22.571916663718167 Y4.064919559921736 F300
G1 X22.78780034917426 Y3.9662550245872157 F300
G1 X23.007853295804026 Y3.878624428193699 F300
G1 X23.232439500134905 Y3.801773588055889 F300
G1 X23.459695069932415 Y3.736212208951352 F300
G1 X23.68936464548144 Y3.6818207562726633 F300
G1 X23.9212088230193 Y3.638528934384844 F300
G1 X24.154997446915136 Y3.606316108193698 F300
G1 X24.390171298181322 Y3.5852333092053152 F300
G1 X24.625640278302576 Y3.5753279704426295 F300
G1 X24.861162650516306 Y3.5765591313998994 F300
G1 X25.09649968255075 Y3.5889337844668603 F300
G1 X25.331409171359574 Y3.612506934860364 F300
G1 X25.56479946438981 Y3.647235853501341 F300
G1 X25.796123047261506 Y3.6930821307978268 F300
G1 X26.025153289940068 Y3.7500828396548354 F300
G1 X26.251653451043236 Y3.818325697311261 F300
G1 X26.475369855804022 Y3.8979487481936976 F300
G1 X26.69431497582573 Y3.9883824556401635 F300
G1 X26.909006482693762 Y4.089961164295996 F300
G1 X27.119219813114064 Y4.202839469098962 F300
G1 X27.324701353122705 Y4.327228189847477 F300
G1 X27.52516088691513 Y4.463393388193699 F300
G1 X27.72451416842358 Y4.614545691967706 F300
G1 X27.914272770964132 Y4.774425235893098 F300
G1 X28.094484958589206 Y4.942801799176852 F300
G1 X28.2651598174143 Y5.119497669786105 F300
G1 X28.426262331833357 Y5.3043824162131425 F300
G1 X28.57770866469291 Y5.497367415971477 F300
G1 X28.719018626881752 Y5.697885664191791 F300
G1 X28.849755505040683 Y5.9053201076467845 F300
G1 X28.969838122892902 Y6.1195857978176464 F300
G1 X29.079130171938804 Y6.340633168716022 F300
G1 X29.1774359567164 Y6.568442060048463 F300
G1 X29.26449644247069 Y6.803015610415919 F300
G1 X29.348371798525736 Y7.063391630143361 F300
G1 X29.423392748855278 Y7.330298113682973 F300
G1 X29.488020852192918 Y7.602848822221476 F300
G1 X29.528440701578862 Y7.808928025484824 F300
G1 X29.561360761888672 Y8.016158107855226 F300
G1 X29.58619897405752 Y8.224201646212103 F300
G1 X29.602351720248468 Y8.43272547152703 F300
G1 X29.60919311231777 Y8.641809140789334 F300
G1 X29.606054006726527 Y8.84980862113833 F300
G1 X29.592365489336125 Y9.056504121741202 F300
G1 X29.56751050497069 Y9.26167607916592 F300
G1 X29.539163703565293 Y9.42442765418918 F300
G1 X29.502977738077533 Y9.585553530958467 F300
G1 X29.45858794641625 Y9.745014839351917 F300
G1 X29.405586479680593 Y9.902762139983874 F300
G1 X29.343518664692912 Y10.058731165971475 F300
G1 X29.262543427874906 Y10.234534901679918 F300
G1 X29.173751436753644 Y10.405731830183836 F300
G1 X29.078008209441556 Y10.572888742822533 F300
G1 X28.97615352580402 Y10.736558388193698 F300
G1 X28.8324777960922 Y10.949983220511964 F300
G1 X28.681833218999166 Y11.158781225874124 F300
G1 X28.526344220248472 Y11.364008943749253 F300
G1 X28.28980060317722 Y11.670760439022969 F300
G1 X28.04557866469291 Y11.974684915971476 F300
G1 X27.918373392849304 Y12.122343100725248 F300
G1 X27.786788772142163 Y12.265201429020575 F300
G1 X27.649806162379107 Y12.402165073587842 F300
G1 X27.506393109137356 Y12.532126721527028 F300
G1 X27.349066495632222 Y12.658041632505562 F300
G1 X27.186814787789885 Y12.770981347156726 F300
G1 X27.019894360601647 Y12.871924054645774 F300
G1 X26.84850224144674 Y12.961749024789334 F300
G1 X26.672787059754643 Y13.041245157741022 F300
G1 X26.492408041796725 Y13.111282315281521 F300
G1 X26.30854062981411 Y13.172091335603715 F300
G1 X26.121459429434168 Y13.22429668272871 F300
G1 X25.931429123739683 Y13.268490446199756 F300
G1 X25.73870989926081 Y13.305237914942666 F300
G1 X25.496235520610043 Y13.341298549063595 F300
G1 X25.2521091117058 Y13.367600058003138 F300
G1 X25.007086720820098 Y13.385277109705523 F300
G1 X24.761923109137353 Y13.395444499304807 F300
G1 X24.386367467384144 Y13.399466281190806 F300
G1 X24.010647553581798 Y13.394174499304807 F300
G1 X23.960348636094228 Y13.38776960579047 F300
G1 X23.919091646586327 Y13.372904652702632 F300
G1 X23.885202442112032 Y13.35152369382629 F300
G1 X23.857493491081797 Y13.324615540971473 F300
G1 X23.829026076302473 Y13.28025380715976 F300
G1 X23.812078386079804 Y13.23081193642204 F300
G1 X23.80628338691513 Y13.177956999304808 F300
G1 X23.812021208274547 Y13.12515001124609 F300
G1 X23.828918446996113 Y13.076503919302796 F300
G1 X23.857255366081798 Y13.033573874304807 F300
G1 X23.884826960603487 Y13.007999193639197 F300
G1 X23.918622210232748 Y12.988144152020912 F300
G1 X23.959953133042337 Y12.975054491900515 F300
G1 X24.010647553581798 Y12.970841165971475 F300
G1 X24.30847811996721 Y12.97611220706042 F300
G1 X24.611063547710962 Y12.976775826200619 F300
G1 X24.91670109267645 Y12.969534581609338 F300
G1 X25.14547813473473 Y12.956979767825091 F300
G1 X25.372988077336558 Y12.936845087072085 F300
G1 X25.598648009725437 Y12.907795436938319 F300
G1 X25.82187660707974 Y12.868478120703985 F300
G1 X25.998642417305533 Y12.828623365948129 F300
G1 X26.17273804096206 Y12.780687098899401 F300
G1 X26.344021409144357 Y12.723935910252692 F300
G1 X26.51233645852069 Y12.65758917642167 F300
G1 X26.677506442470687 Y12.580810054860363 F300
G1 X26.83167750491989 Y12.49617625284472 F300
G1 X26.97722376474014 Y12.402739338840947 F300
G1 X27.11524260270618 Y12.301221107890083 F300
G1 X27.2467663035818 Y12.192260610415918 F300
G1 X27.413640565021822 Y12.036458014702013 F300
G1 X27.57261630646713 Y11.870011291636533 F300
G1 X27.72553866469291 Y11.694491165971472 F300
G1 X27.95454374387214 Y11.416729805834922 F300
G1 X28.178381859137357 Y11.132939499304806 F300
G1 X28.32302779791777 Y10.940154370028836 F300
G1 X28.462735379375744 Y10.74445894778514 F300
G1 X28.596617553581797 Y10.545564499304806 F300
G1 X28.7169897112023 Y10.352636233838622 F300
G1 X28.82819491375912 Y10.155064478478465 F300
G1 X28.928299220248466 Y9.952280471527027 F300
G1 X28.994849457583218 Y9.796549731902484 F300
G1 X29.053099351338567 Y9.637583764840004 F300
G1 X29.102252550892317 Y9.47497707920549 F300
G1 X29.141447553581795 Y9.308302277082586 F300
G1 X29.17018788649431 Y9.131743692004443 F300
G1 X29.186708263761652 Y8.953670556437569 F300
G1 X29.192284137943943 Y8.774238532226619 F300
G1 X29.188158565525345 Y8.594540722385675 F300
G1 X29.175603290094948 Y8.414758436295275 F300
G1 X29.15585133959003 Y8.235251577494106 F300
G1 X29.115458333295216 Y7.967714650531576 F300
G1 X29.06623533135958 Y7.7054211659714715 F300
G1 X29.01418661240404 Y7.470637732525461 F300
G1 X28.953426601596608 Y7.240575466297262 F300
G1 X28.883664822620986 Y7.0153472116990025 F300
G1 X28.80458397333489 Y6.795071577494105 F300
G1 X28.71521830344249 Y6.578473542219109 F300
G1 X28.61581562205163 Y6.367455648155988 F300
G1 X28.505956680460685 Y6.1620859019385374 F300
G1 X28.385170393087968 Y5.962458532226615 F300
G1 X28.2811305784386 Y5.808118559489124 F300
G1 X28.16963742967658 Y5.657630623596204 F300
G1 X28.05035559575679 Y5.511046001585442 F300
G1 X27.922917419572617 Y5.368438939480979 F300
G1 X27.786921998026237 Y5.2299089437492485 F300
G1 X27.625323072670426 Y5.0809119300270345 F300
G1 X27.457497594703614 Y4.9415738913763265 F300
G1 X27.28374351158548 Y4.811724553021013 F300
G1 X27.104319846140303 Y4.691236876195779 F300
G1 X26.919453295804022 Y4.580029059304804 F300
G1 X26.728948242904767 Y4.477865906379426 F300
G1 X26.534333269033755 Y4.385431950826992 F300
G1 X26.335861241898566 Y4.302657999771563 F300
G1 X26.133763547192412 Y4.22951667163302 F300
G1 X25.928256113581796 Y4.166023734860359 F300
G1 X25.71987397784805 Y4.112315668538672 F300
G1 X25.509577455952495 Y4.068587881449169 F300
G1 X25.297597478689678 Y4.034837565153708 F300
G1 X25.084155201375864 Y4.011104184327175 F300
G1 X24.86946783802624 Y3.997470463749249 F300
G1 X24.65446423231216 Y3.9940574742157655 F300
G1 X24.43973104930273 Y4.000913852285518 F300
G1 X24.225474185075612 Y4.018101008906482 F300
G1 X24.01190086587956 Y4.045726899182412 F300
G1 X23.799225855804018 Y4.083946739304805 F300
G1 X23.589157525120278 Y4.132581413558001 F300
G1 X23.381373697952192 Y4.191816624805592 F300
G1 X23.17605880788345 Y4.261815521428302 F300
G1 X22.973414680975754 Y4.342795821014817 F300
G1 X22.7736675535818 Y4.435030054860359 F300
G1 X22.583773060776767 Y4.534368962870475 F300
G1 X22.398705250384833 Y4.642280436998255 F300
G1 X22.218721929149403 Y4.758635691327187 F300
G1 X22.044102203787567 Y4.8833400548603585 F300
G1 X21.875502513550426 Y5.016040439160994 F300
G1 X21.71357934813826 Y5.156324116399587 F300
G1 X21.558593946054685 Y5.304099599244898 F300
G1 X21.410837347820483 Y5.459308573378877 F300
G1 X21.27093477825276 Y5.621558197025374 F300
G1 X21.139437501961282 Y5.79047701858947 F300
G1 X21.016623725177944 Y5.966041379647413 F300
G1 X20.90281644247069 Y6.148260054860358 F300
G1 X20.819647272319894 Y6.302753384295289 F300
G1 X20.74935588722766 Y6.4603921671153 F300
G1 X20.69097889847644 Y6.621060597013586 F300
G1 X20.643676911220695 Y6.7846910097214685 F300
G1 X20.60670998517392 Y6.951308174227933 F300
G1 X20.579555875921148 Y7.1201412864318545 F300
G1 X20.561565613861273 Y7.290995373480365 F300
G1 X20.55213769247069 Y7.463680193749247 F300
G1 X20.55185898718937 Y7.694317752145885 F300
G1 X20.5641860019348 Y7.925619298145342 F300
G1 X20.58767784872069 Y8.156824586110359 F300
G1 X20.620907010152393 Y8.387000790676623 F300
G1 X20.6621271288607 Y8.613595494078238 F300
G1 X20.70977644247069 Y8.83572116597147 F300
G1 X20.78002000641599 Y9.113565566228756 F300
G1 X20.862400726703825 Y9.387831559794082 F300
G1 X20.956752602628104 Y9.658230912564946 F300
G1 X21.062954700343347 Y9.924462740313167 F300
G1 X21.1809288035818 Y10.186207415971468 F300
G1 X21.31029890673946 Y10.442486261006987 F300
G1 X21.450630318646013 Y10.692378195232084 F300
G1 X21.60180804234148 Y10.935591661670653 F300
G1 X21.76376018714501 Y11.171812527526665 F300
G1 X21.936455331359582 Y11.400697832638135 F300
G1 X22.11579123353249 Y11.617445341960975 F300
G1 X22.304245557379048 Y11.82588714433385 F300
G1 X22.5015529143078 Y12.02579241747709 F300
G1 X22.707482631652148 Y12.216900860404358 F300
G1 X22.92183422024847 Y12.398917832638135 F300
G1 X23.126545412995988 Y12.560421433464834 F300
G1 X23.347388746997446 Y12.71906758572456 F300
G1 X23.500980117929426 Y12.81635824219653 F300
G1 X23.659021700708347 Y12.903154332957344 F300
G1 X23.821548212018023 Y12.97665807955172 F300
G1 X23.947172677575665 Y13.021564587805745 F300
G1 X24.074620741734247 Y13.055789003920633 F300
G1 X24.204254053785135 Y13.07824857115679 F300
G1 X24.33647310913736 Y13.087681165971471 F300
G1 X24.38679226228265 Y13.093882229246304 F300
G1 X24.428048649405348 Y13.108580839718176 F300
G1 X24.46192800834709 Y13.129819461818954 F300
G1 X24.48962717163736 Y13.156605124304804 F300
G1 X24.518087257723092 Y13.200833710433823 F300
G1 X24.53503808922332 Y13.250202005738645 F300
G1 X24.540837275804027 Y13.303051999304804 F300
G1 X24.53510369950142 Y13.355863930341897 F300
G1 X24.518209608665735 Y13.40458404859432 F300
G1 X24.489865296637362 Y13.447646790971472 F300
G1 X24.462282628699185 Y13.473344032238337 F300
G1 X24.428476670054543 Y13.493340554286085 F300
G1 X24.3871453880161 Y13.50659593735116 F300
G1 X24.33647310913736 Y13.511014499304807 F300
G1 X24.33647310913736 Y13.511014499304807 F300
G1 X24.33647310913736 Y13.510873388193696 F300;svg#Layer_2 > g#Layer_2-2 > path
G0 X15.75875199802625 Y4.442650054860363
G1 X16.274290086278747 Y4.516218771180868 F300
G1 X16.79424154331455 Y4.582555749383579 F300
G1 X17.31771448066514 Y4.638730558332584 F300
G1 X17.71106866904212 Y4.672332020657002 F300
G1 X18.104560847139943 Y4.697279309523518 F300
G1 X18.497892314634313 Y4.712377369113417 F300
G1 X18.89076602580403 Y4.716423249304807 F300
G1 X19.205165866014454 Y4.710867256852589 F300
G1 X19.518493140266933 Y4.69682247669697 F300
G1 X19.830674450165954 Y4.673681343188256 F300
G1 X20.141636075850457 Y4.6408228704044 F300
G1 X20.451302779276247 Y4.597609898610363 F300
G1 X20.758766139785948 Y4.543548199301341 F300
G1 X21.064620184055592 Y4.477901405631441 F300
G1 X21.368889224442132 Y4.399963635340009 F300
G1 X21.67158832677541 Y4.308986038260827 F300
G1 X21.972720886915138 Y4.204172277082586 F300
G1 X22.021963997114256 Y4.191559706746386 F300
G1 X22.064361103754884 Y4.190728436580734 F300
G1 X22.101245915477577 Y4.198845276994083 F300
G1 X22.133746303581805 Y4.214420471527031 F300
G1 X22.17155067392266 Y4.246347899673449 F300
G1 X22.200332924758328 Y4.287680578397094 F300
G1 X22.21984172024847 Y4.337063665971476 F300
G1 X22.228351115363935 Y4.389678960071924 F300
G1 X22.225560205631716 Y4.442970503785268 F300
G1 X22.210528386915136 Y4.495319777082586 F300
G1 X22.19150793152085 Y4.530538032544948 F300
G1 X22.165224057327563 Y4.562312601461041 F300
G1 X22.13045354958951 Y4.59002809107794 F300
G1 X22.085327553581802 Y4.612406721527029 F300
G1 X21.825396022709135 Y4.703896398399057 F300
G1 X21.56432357735775 Y4.785244507469966 F300
G1 X21.302110390949945 Y4.856945338969249 F300
G1 X21.038750265117915 Y4.919468121414201 F300
G1 X20.77423166468813 Y4.973258953961499 F300
G1 X20.50853876885958 Y5.018742780554807 F300
G1 X20.18757647981677 Y5.06299499667369 F300
G1 X19.865264189820465 Y5.096465851538016 F300
G1 X19.541682872640244 Y5.119828387766464 F300
G1 X19.216911959995304 Y5.133738798545228 F300
G1 X18.89103060913736 Y5.1388393604159175 F300
G1 X18.48383153066518 Y5.133829995352077 F300
G1 X18.07619430094094 Y5.117395769342325 F300
G1 X17.668435988484582 Y5.090810285136149 F300
G1 X17.260875366081805 Y5.055339065277029 F300
G1 X16.71848610897423 Y4.996420912202362 F300
G1 X16.179927739610513 Y4.9272354310979765 F300
G1 X15.646145331359582 Y4.850884499304807 F300
G1 X15.59719714364356 Y4.838124389089464 F300
G1 X15.560330284292755 Y4.818454658902508 F300
G1 X15.53283608680404 Y4.7937297568831445 F300
G1 X15.512907779276249 Y4.764674429860363 F300
G1 X15.496759854839706 Y4.718973227216068 F300
G1 X15.493118510341821 Y4.669314316583749 F300
G1 X15.501629914692918 Y4.616922277082586 F300
G1 X15.521201134869278 Y4.567301865296179 F300
G1 X15.550904102921109 Y4.522377970521472 F300
G1 X15.590761425109584 Y4.484092624304807 F300
G1 X15.62529912247545 Y4.462628831903109 F300
G1 X15.664323068772037 Y4.447686705866846 F300
G1 X15.708509996592 Y4.440378414300621 F300
G1 X15.75875199802625 Y4.442650054860363 F300
G1 X15.75875199802625 Y4.442650054860363 F300;svg#Layer_2 > g#Layer_2-2 > path
G0 X29.547847553581807 Y22.445323388193696
G1 X29.957717201559614 Y22.401442328664828 F300
G1 X30.365823279733053 Y22.347169723530723 F300
G1 X30.77211071359084 Y22.28260371890134 F300
G1 X31.1765228817692 Y22.20782953163134 F300
G1 X31.57900088691514 Y22.122919777082586 F300
G1 X31.979248766765217 Y22.027993407813916 F300
G1 X32.37696747367847 Y21.923182089151155 F300
G1 X32.77209116539149 Y21.80855910835264 F300
G1 X33.16455095174723 Y21.684186323147795 F300
G1 X33.55427422024847 Y21.550114499304808 F300
G1 X33.603705796265785 Y21.538168235248943 F300
G1 X33.646323252141606 Y21.53784383950423 F300
G1 X33.68343290440075 Y21.546377103544806 F300
G1 X33.71613307441514 Y21.56230738124925 F300
G1 X33.754150623393706 Y21.594626583099526 F300
G1 X33.783034956565494 Y21.636173593275657 F300
G1 X33.80255922024847 Y21.685545888193698 F300
G1 X33.811056376104816 Y21.738128361850855 F300
G1 X33.80817287050851 Y21.791187393270217 F300
G1 X33.79299453274847 Y21.843127311804807 F300
G1 X33.773845363766675 Y21.877954978397995 F300
G1 X33.74739421757083 Y21.90929493519438 F300
G1 X33.712380085478785 Y21.936528356773238 F300
G1 X33.66688088691514 Y21.958348943749254 F300
G1 X33.26603176168618 Y22.095966549079726 F300
G1 X32.86244347204158 Y22.22310185621841 F300
G1 X32.45618229596261 Y22.33983004006191 F300
G1 X32.04731034610479 Y22.446213527692393 F300
G1 X31.63588630358181 Y22.542301999304808 F300
G1 X31.222179546776275 Y22.62809091708779 F300
G1 X30.806459060568805 Y22.70358462760319 F300
G1 X30.38878904537654 Y22.76882533597049 F300
G1 X29.969231627606206 Y22.82384327050275 F300
G1 X29.547847553581807 Y22.86865672152703 F300
G1 X29.497115777834825 Y22.868009170896165 F300
G1 X29.456101442569253 Y22.857773057184207 F300
G1 X29.422760909322722 Y22.840342189832825 F300
G1 X29.395606303581808 Y22.816857919443695 F300
G1 X29.36767281646432 Y22.776229585513327 F300
G1 X29.350895343998392 Y22.728855402134897 F300
G1 X29.345176720248478 Y22.676092971527027 F300
G1 X29.35091047350797 Y22.623121910014696 F300
G1 X29.36771437892485 Y22.572410840543583 F300
G1 X29.39608255358181 Y22.525776565277027 F300
G1 X29.423756674166953 Y22.496727806805453 F300
G1 X29.457527797290872 Y22.472892353680777 F300
G1 X29.498406409539 Y22.455185622250124 F300
G1 X29.547847553581807 Y22.445323388193696 F300
G1 X29.547847553581807 Y22.445323388193696 F300;svg#Layer_2 > g#Layer_2-2 > path
G0 X30.03580977580403 Y24.910675610415918
G1 X30.50011650128284 Y24.96673878783158 F300
G1 X30.96503136219743 Y25.014470403313418 F300
G1 X31.43051656608391 Y25.053879139792016 F300
G1 X31.896534896005623 Y25.08496859677458 F300
G1 X32.36304949802625 Y25.107737277082585 F300
G1 X32.829897722522986 Y25.122175806628242 F300
G1 X33.29690803545543 Y25.128278659300296 F300
G1 X33.76404370706859 Y25.126042972727507 F300
G1 X34.23126805280755 Y25.115460768031618 F300
G1 X34.69854422024847 Y25.09651894374925 F300
G1 X34.74927303928804 Y25.09939277035642 F300
G1 X34.79051835808869 Y25.111402887975373 F300
G1 X34.82418261401539 Y25.130339563514696 F300
G1 X34.85163875149847 Y25.15512415208259 F300
G1 X34.8798771821306 Y25.197186633306806 F300
G1 X34.89677297512304 Y25.245351173764515 F300
G1 X34.902537970248474 Y25.298131443749256 F300
G1 X34.89678764987163 Y25.351024342051197 F300
G1 X34.879896346164365 Y25.40094385580148 F300
G1 X34.851440313998474 Y25.446165818749257 F300
G1 X34.82371564199148 Y25.47387438567769 F300
G1 X34.78982109261266 Y25.496181826016883 F300
G1 X34.74863016603085 Y25.51212698183442 F300
G1 X34.69854422024847 Y25.519852277082585 F300
G1 X34.23126859964226 Y25.53875597202134 F300
G1 X33.76404438239313 Y25.54930855377154 F300
G1 X33.29690856557318 Y25.55152309095702 F300
G1 X32.82989797904942 Y25.54540754517708 F300
G1 X32.36304949802625 Y25.530964777082584 F300
G1 X31.896533994517156 Y25.508200277564008 F300
G1 X31.430515071436872 Y25.4771234559865 F300
G1 X30.96502972599606 Y25.43773584015765 F300
G1 X30.50011531678982 Y25.390033876598082 F300
G1 X30.03580977580403 Y25.33400894374925 F300
G1 X29.97945364999859 Y25.321522759225065 F300
G1 X29.929775406538614 Y25.299971054752113 F300
G1 X29.887590192470697 Y25.269503527082588 F300
G1 X29.862005545405285 Y25.24099216910627 F300
G1 X29.842365634421242 Y25.207595710192738 F300
G1 X29.829290220659782 Y25.168452351703124 F300
G1 X29.824143109137363 Y25.122342277082584 F300
G1 X29.827277820819408 Y25.087977973377797 F300
G1 X29.837092069021114 Y25.05306570495929 F300
G1 X29.853337430125023 Y25.01842178325543 F300
G1 X29.8747749291763 Y24.986683708789776 F300
G1 X29.90058291967085 Y24.95895144962696 F300
G1 X29.930321380742306 Y24.936138326465304 F300
G1 X29.963374893072277 Y24.9195600738391 F300
G1 X29.99846958593806 Y24.910703877120795 F300
G1 X30.03580977580403 Y24.910675610415918 F300
G1 X30.03580977580403 Y24.910675610415918 F300;svg#Layer_2 > g#Layer_2-2 > path
G0 X29.33237088691514 Y27.22122894374925
G1 X29.646505777067414 Y27.399922957200708 F300
G1 X29.96569031300136 Y27.567454818870914 F300
G1 X30.289758970073425 Y27.723848401367526 F300
G1 X30.61855937500084 Y27.869104244897294 F300
G1 X30.951950146174404 Y28.003198779140206 F300
G1 X31.289806970249682 Y28.126086444642194 F300
G1 X31.631219322049137 Y28.237450994744947 F300
G1 X31.97604301335906 Y28.33727108665623 F300
G1 X32.32414219565906 Y28.425500679703646 F300
G1 X32.67538718321144 Y28.502068367617568 F300
G1 X33.02884426952637 Y28.566742973802093 F300
G1 X33.38439116371467 Y28.61948458535633 F300
G1 X33.741901629989854 Y28.660224910735476 F300
G1 X34.10125305966207 Y28.68886896500404 F300
G1 X34.46232422024847 Y28.705294499304806 F300
G1 X34.51253672448971 Y28.712002991710914 F300
G1 X34.553759418574 Y28.72711504057122 F300
G1 X34.587643864781015 Y28.748709620884682 F300
G1 X34.615359220248465 Y28.77580595763814 F300
G1 X34.643830608827166 Y28.820366167620172 F300
G1 X34.66077938888085 Y28.869918898455616 F300
G1 X34.666582553581804 Y28.92278199930481 F300
G1 X34.66085809640364 Y28.97558412601103 F300
G1 X34.64397841470725 Y29.02411883932474 F300
G1 X34.615676720248466 Y29.066847624304806 F300
G1 X34.58813837521087 Y29.09223739574319 F300
G1 X34.55437319808338 Y29.111880172651603 F300
G1 X34.51305166765445 Y29.124722062084583 F300
G1 X34.46232422024847 Y29.12862783263814 F300
G1 X34.086559397241444 Y29.111592793488462 F300
G1 X33.71244667174873 Y29.081902165147756 F300
G1 X33.34012957620688 Y29.039669834032175 F300
G1 X32.96975305615106 Y28.98498179274811 F300
G1 X32.60146586633901 Y28.91789668037477 F300
G1 X32.23549492261986 Y28.83846326962239 F300
G1 X31.87277395302297 Y28.74690329305819 F300
G1 X31.51345287478228 Y28.64328169781668 F300
G1 X31.157687935340512 Y28.52763707878955 F300
G1 X30.80564405563942 Y28.399982318234848 F300
G1 X30.458231103729936 Y28.260614187652955 F300
G1 X30.115668225429076 Y28.10959903920424 F300
G1 X29.778114280555485 Y27.946953097745034 F300
G1 X29.44573966324785 Y27.772667032865016 F300
G1 X29.118728664692917 Y27.58670672152703 F300
G1 X29.07802358250254 Y27.556466003332066 F300
G1 X29.04954272129992 Y27.523388660484613 F300
G1 X29.03079279696993 Y27.488334400115313 F300
G1 X29.02020885566514 Y27.451555349999254 F300
G1 X29.01774042096568 Y27.399346374718718 F300
G1 X29.027871581328956 Y27.34833880724235 F300
G1 X29.04949602580403 Y27.299774915971472 F300
G1 X29.081083351614243 Y27.257041260930293 F300
G1 X29.12036296693814 Y27.223299690610563 F300
G1 X29.166810070942915 Y27.20009094027703 F300
G1 X29.203823168597893 Y27.191532197992032 F300
G1 X29.243377694188865 Y27.190989620309466 F300
G1 X29.28605855821272 Y27.199996396527713 F300
G1 X29.33237088691514 Y27.22122894374925 F300
G1 X29.33237088691514 Y27.22122894374925 F300
G0 X0 Y0
