G21
G90;svg#Layer_2 > g#Layer_2-2 > path
G0 X22.387865555555553 Y38.18895448278591
G1 X21.981449182927587 Y38.18284870870371 F300
G1 X21.57499430045794 Y38.16790746283868 F300
G1 X21.168713649498162 Y38.14396684169697 F300
G1 X20.76282004560329 Y38.110854159122944 F300
G1 X20.357527247147843 Y38.06838755189329 F300
G1 X19.95305082304527 Y38.01637559389704 F300
G1 X19.549999879471905 Y37.9546816306677 F300
G1 X19.148986961137147 Y37.88319870785574 F300
G1 X18.750195096163107 Y37.80175808457102 F300
G1 X18.353808758481776 Y37.71017882396667 F300
G1 X17.960015025480914 Y37.60826729749063 F300
G1 X17.569004732510287 Y37.49581670500814 F300
G1 X17.181312383616127 Y37.372719387981896 F300
G1 X16.797439877050692 Y37.23888262298084 F300
G1 X16.41753686595555 Y37.0940989107354 F300
G1 X16.041759030335037 Y36.93814275965536 F300
G1 X15.670269641026094 Y36.7707701148138 F300
G1 X15.303241111111106 Y36.59171781611924 F300
G1 X14.95906289505208 Y36.41012287117148 F300
G1 X14.621650271284347 Y36.217895743844345 F300
G1 X14.291194075648896 Y36.01514235901759 F300
G1 X13.967896170388991 Y35.80194542039404 F300
G1 X13.651971815959799 Y35.57836545976964 F300
G1 X13.343652016460904 Y35.34444193134559 F300
G1 X13.085525767605587 Y35.1356412462197 F300
G1 X12.833976627577933 Y34.91981218018318 F300
G1 X12.589123023246902 Y34.696990237540064 F300
G1 X12.35109294440318 Y34.46719808258669 F300
G1 X12.120025168575234 Y34.23044613505942 F300
G1 X11.896070468267126 Y33.986733186263045 F300
G1 X11.679392798353906 Y33.736047034226246 F300
G1 X11.470759241036207 Y33.479113653585124 F300
G1 X11.270186612104466 Y33.21581134719855 F300
G1 X11.077810229334862 Y32.94612153662969 F300
G1 X10.893781410799729 Y32.670012964973026 F300
G1 X10.718268852638307 Y32.38744249888888 F300
G1 X10.551459973347988 Y32.09835595212112 F300
G1 X10.393562222222217 Y31.802688927230356 F300
G1 X10.243514154881328 Y31.497786162604424 F300
G1 X10.104150307728395 Y31.188665699466867 F300
G1 X9.975621348063003 Y30.87542520026204 F300
G1 X9.85810123323588 Y30.55815100454196 F300
G1 X9.751788888888884 Y30.236920038341466 F300
G1 X9.657004406794155 Y29.912148932094503 F300
G1 X9.574052972279802 Y29.584295092484705 F300
G1 X9.503129389617047 Y29.253405897003226 F300
G1 X9.44446021593212 Y28.919520964416158 F300
G1 X9.39830555555555 Y28.582674482785908 F300
G1 X9.367875288981194 Y28.268585506334116 F300
G1 X9.350222720173235 Y27.95503331549604 F300
G1 X9.344807397062059 Y27.641980554220062 F300
G1 X9.351127407407406 Y27.32938830994641 F300
G1 X9.368728942610083 Y27.01704291462192 F300
G1 X9.397125506044647 Y26.705549676577814 F300
G1 X9.435855239161816 Y26.394934896419993 F300
G1 X9.484477407407404 Y26.085227322292088 F300
G1 X9.54242886444856 Y25.777152745183514 F300
G1 X9.60927542416322 Y25.47060557526566 F300
G1 X9.684569735386535 Y25.165666974498276 F300
G1 X9.767875555555552 Y24.862421149452576 F300
G1 X9.907178282199457 Y24.402336046210554 F300
G1 X10.0588577108531 Y23.944085557289014 F300
G1 X10.2220834881215 Y23.488030439872976 F300
G1 X10.396031666666662 Y23.034538371674802 F300
G1 X10.57955441820338 Y22.584765689317905 F300
G1 X10.77149590338674 Y22.139738856850084 F300
G1 X10.970947273381622 Y21.699852047119386 F300
G1 X11.177011111111106 Y21.26549892723036 F300
G1 X11.304021256033401 Y21.010483880467294 F300
G1 X11.437318539827324 Y20.758013129503148 F300
G1 X11.577520111211667 Y20.508938000596775 F300
G1 X11.725253909465016 Y20.264116993073984 F300
G1 X11.881098400321482 Y20.024511060854604 F300
G1 X12.045271624909766 Y19.79157596345927 F300
G1 X12.218443670386876 Y19.566041425398645 F300
G1 X12.401312016460901 Y19.348656046571925 F300
G1 X12.554793478289877 Y19.181431703060376 F300
G1 X12.715086508899413 Y19.020523476355585 F300
G1 X12.882640091147406 Y18.8662636406551 F300
G1 X13.05793117063372 Y18.7190131559598 F300
G1 X13.241466666666664 Y18.579166705008134 F300
G1 X13.44004103001455 Y18.44371957350421 F300
G1 X13.644928678476038 Y18.31921543564982 F300
G1 X13.855433292880605 Y18.20444112878603 F300
G1 X14.070882499999996 Y18.09822476056369 F300
G1 X14.363966807490055 Y17.968253601547033 F300
G1 X14.66149438686311 Y17.84937515494913 F300
G1 X14.961469999999995 Y17.738991149452577 F300
G1 X15.457271884397981 Y17.56653625163989 F300
G1 X15.955192083333328 Y17.399601288341465 F300
G1 X16.95282999999999 Y17.071958927230355 F300
G1 X17.958290927556167 Y16.741886076976247 F300
G1 X18.968002499999994 Y16.42145434389702 F300
G1 X19.475116037799282 Y16.268592214761547 F300
G1 X19.983972662930114 Y16.12265755810654 F300
G1 X20.494934184156296 Y15.985110816512538 F300
G1 X21.008363333333325 Y15.857415593897022 F300
G1 X21.378976830242046 Y15.773260461595093 F300
G1 X21.753616432511695 Y15.696330295780479 F300
G1 X22.13185596085268 Y15.627362385552768 F300
G1 X22.513265920000002 Y15.567109398341469 F300
G1 X22.895730425450147 Y15.51654091875508 F300
G1 X23.279318461004692 Y15.476257692218802 F300
G1 X23.663645767457275 Y15.446951869953548 F300
G1 X24.048330159999995 Y15.429331896119242 F300
G1 X24.35655394041514 Y15.424136261571388 F300
G1 X24.663923964219364 Y15.427278206255721 F300
G1 X24.97029261459914 Y15.439098927836866 F300
G1 X25.275513228512867 Y15.459951564418608 F300
G1 X25.57943877333333 Y15.49020271389702 F300
G1 X25.882381237724367 Y15.530302738140673 F300
G1 X26.183241889416532 Y15.580523606579291 F300
G1 X26.481937253853793 Y15.641245457968886 F300
G1 X26.77837954238774 Y15.712873757868024 F300
G1 X27.072474479999997 Y15.795841478341465 F300
G1 X27.31422579846858 Y15.873480037716007 F300
G1 X27.554034759865274 Y15.959420068666176 F300
G1 X27.791881232522186 Y16.053953542923924 F300
G1 X28.02773729689296 Y16.157394253047354 F300
G1 X28.261565977180847 Y16.27007884630928 F300
G1 X28.49331999999999 Y16.392367816119243 F300
G1 X28.747508083227206 Y16.540220015180058 F300
G1 X28.99282487703108 Y16.698036311389394 F300
G1 X29.229778946990223 Y16.865379037279418 F300
G1 X29.458850434309678 Y17.041851246460244 F300
G1 X29.680492293333327 Y17.22709196723036 F300
G1 X29.89515017127687 Y17.420788716273545 F300
G1 X30.10288704884911 Y17.622300428663028 F300
G1 X30.304048632662663 Y17.831241430697304 F300
G1 X30.498966920308206 Y18.047239630196707 F300
G1 X30.687961279999993 Y18.269933558341467 F300
G1 X30.914962982735403 Y18.55538309252626 F300
G1 X31.13327079707698 Y18.84912603270594 F300
G1 X31.343427261511717 Y19.15033265075366 F300
G1 X31.54596311999999 Y19.458178296119243 F300
G1 X31.740856691885817 Y19.77094538232184 F300
G1 X31.92860219206772 Y20.087642268620176 F300
G1 X32.10972252306954 Y20.407338970450443 F300
G1 X32.28473397333333 Y20.729111887230356 F300
G1 X32.510855588250514 Y21.16251335629121 F300
G1 X32.727024499667316 Y21.59356842339912 F300
G1 X32.934509999999996 Y22.020020038341467 F300
G1 X33.11590122833955 Y22.408779769485815 F300
G1 X33.28698710090796 Y22.801152164972617 F300
G1 X33.44639316872428 Y23.197456375790033 F300
G1 X33.557599769976626 Y23.49788199608328 F300
G1 X33.66077280918444 Y23.800631906317058 F300
G1 X33.75534733274794 Y24.105896661913214 F300
G1 X33.840746460905336 Y24.413870737929944 F300
G1 X33.91625013134238 Y24.72418203220203 F300
G1 X33.981403999253644 Y25.037516415614796 F300
G1 X34.0356042557123 Y25.354152229923052 F300
G1 X34.07821555555554 Y25.674374482785908 F300
G1 X34.11026086032798 Y26.0164688670764 F300
G1 X34.12906148464901 Y26.359221849335754 F300
G1 X34.134927714924025 Y26.702410375701366 F300
G1 X34.128134814604174 Y27.045813682268623 F300
G1 X34.1089248611111 Y27.389209621674798 F300
G1 X34.07757271488859 Y27.731784419223242 F300
G1 X34.03440351066159 Y28.072733321038292 F300
G1 X33.97969414267153 Y28.41179483465993 F300
G1 X33.91369536022285 Y28.74870522293221 F300
G1 X33.83663333333332 Y29.083195593897013 F300
G1 X33.7516346699639 Y29.404488774501548 F300
G1 X33.65680712457241 Y29.722125721637262 F300
G1 X33.55231989512389 Y30.03605232963885 F300
G1 X33.43832315924696 Y30.346210164742487 F300
G1 X33.314948929845485 Y30.652535217306085 F300
G1 X33.18231194290569 Y30.954956662841994 F300
G1 X33.04051057613167 Y31.253395635049284 F300
G1 X32.88971659424789 Y31.5475969852949 F300
G1 X32.730369004644366 Y31.83684697625744 F300
G1 X32.562597544566884 Y32.12106819998654 F300
G1 X32.38651687284616 Y32.4001761430831 F300
G1 X32.20222741658688 Y32.67407808598582 F300
G1 X32.009816241232585 Y32.94267201548342 F300
G1 X31.809357942386818 Y33.205845552744755 F300
G1 X31.60136001224491 Y33.462941700937805 F300
G1 X31.38607299430923 Y33.71369220603002 F300
G1 X31.163598861581516 Y33.958003037295626 F300
G1 X30.934026912910987 Y34.19577053256451 F300
G1 X30.697434648078257 Y34.42688035095665 F300
G1 X30.453888661909733 Y34.651206442755836 F300
G1 X30.20344555555554 Y34.868610038341465 F300
G1 X29.898723665640816 Y35.11714254088226 F300
G1 X29.586952202952098 Y35.35546826474361 F300
G1 X29.26835043431902 Y35.5837258449349 F300
G1 X28.9431233511964 Y35.80203642633375 F300
G1 X28.61146344596935 Y36.01050347684514 F300
G1 X28.273552510288056 Y36.209212630934054 F300
G1 X27.929937350017358 Y36.398033071994476 F300
G1 X27.581201970892902 Y36.57684785921617 F300
G1 X27.227562501084762 Y36.745743334364626 F300
G1 X26.869226947282673 Y36.90479116272605 F300
G1 X26.506396668596736 Y37.05404825402605 F300
G1 X26.139267860082292 Y37.193556705008135 F300
G1 X25.768507892483555 Y37.32318480602019 F300
G1 X25.39473286847904 Y37.442856239813 F300
G1 X25.018167379259157 Y37.55263444066946 F300
G1 X24.6390310187489 Y37.652570149461575 F300
G1 X24.257539648387844 Y37.74270137504482 F300
G1 X23.87390666666665 Y37.82305337167479 F300
G1 X23.452386699080538 Y37.899690951404736 F300
G1 X23.029088843573653 Y37.9648881324897 F300
G1 X22.604232081511032 Y38.0190026865464 F300
G1 X22.17803333333331 Y38.06237781611924 F300
G1 X22.12730134645477 Y38.06149627633757 F300
G1 X22.0862605330345 Y38.05107454083617 F300
G1 X22.052882760187295 Y38.03348595029338 F300
G1 X22.025692864583313 Y38.009864639035904 F300
G1 X21.997723319557405 Y37.96908481430857 F300
G1 X21.98093000906791 Y37.921626380431036 F300
G1 X21.975203749999977 Y37.86886156611924 F300
G1 X21.980937485835785 Y37.81589781604533 F300
G1 X21.997750287526387 Y37.76526919765505 F300
G1 X22.026129427083312 Y37.71878328486924 F300
G1 X22.053811410346448 Y37.68987618338261 F300
G1 X22.08759946092263 Y37.666202330232544 F300
G1 X22.128516560212795 Y37.64868164877763 F300
G1 X22.17803333333331 Y37.639044482785906 F300
G1 X22.554769552868336 Y37.60076405847379 F300
G1 X22.93051824872106 Y37.55333862990332 F300
G1 X23.305101234192893 Y37.4967326074801 F300
G1 X23.678339356233618 Y37.43089969895664 F300
G1 X24.05005151800611 Y37.355782842768974 F300
G1 X24.420053703703683 Y37.27131415356781 F300
G1 X24.787757721115717 Y37.17752243715585 F300
G1 X25.152633121202282 Y37.074451537592324 F300
G1 X25.514515510914052 Y36.96205395664134 F300
G1 X25.873237688850946 Y36.84026988141959 F300
G1 X26.228628526062387 Y36.70902712921789 F300
G1 X26.58051185185183 Y36.56824110830031 F300
G1 X26.928403116520307 Y36.41795031611423 F300
G1 X27.271779375796285 Y36.258236709063844 F300
G1 X27.610490984254028 Y36.08902196577075 F300
G1 X27.944381844000468 Y35.91021296024088 F300
G1 X28.273288069900257 Y35.72170175124727 F300
G1 X28.597036666666643 Y35.52336559389702 F300
G1 X28.910590835034025 Y35.31787669262724 F300
G1 X29.21658754569163 Y35.10328064496018 F300
G1 X29.51490759973966 Y34.87967857469452 F300
G1 X29.8054201660124 Y34.647152035935655 F300
G1 X30.087981008904706 Y34.40576400605471 F300
G1 X30.362430740740724 Y34.15555991488468 F300
G1 X30.62886362854068 Y33.896296702390664 F300
G1 X30.88616082725065 Y33.62892472368043 F300
G1 X31.134189274832035 Y33.353490366874716 F300
G1 X31.37279785583415 Y33.07002127883528 F300
G1 X31.601815489436042 Y32.778527581407246 F300
G1 X31.821049259259237 Y32.47900312476122 F300
G1 X32.00043298270465 Y32.216736489852735 F300
G1 X32.17203677280965 Y31.949106942555545 F300
G1 X32.33575419132205 Y31.676100870974793 F300
G1 X32.49146446891562 Y31.397695277734925 F300
G1 X32.63903155351901 Y31.113858488960624 F300
G1 X32.778303185347326 Y30.82455087692899 F300
G1 X32.90910999999997 Y30.529725593897016 F300
G1 X33.03730942172152 Y30.21363389499022 F300
G1 X33.15442846761833 Y29.894644993692292 F300
G1 X33.260451521445724 Y29.57291807109788 F300
G1 X33.35534029298568 Y29.248602397343415 F300
G1 X33.43903293402774 Y28.921839448063682 F300
G1 X33.511603295567056 Y28.591972772331644 F300
G1 X33.572593328302546 Y28.260707867757233 F300
G1 X33.62194969074645 Y27.92817430488749 F300
G1 X33.65959263130216 Y27.594495908784822 F300
G1 X33.685415138888864 Y27.259793093897017 F300
G1 X33.6992789055737 Y26.924324525467323 F300
G1 X33.701043262839065 Y26.58882960001314 F300
G1 X33.690597432113 Y26.25340888128156 F300
G1 X33.6677992142621 Y25.918162874169614 F300
G1 X33.63247421874998 Y25.58319465639702 F300
G1 X33.59354163884505 Y25.305766988089907 F300
G1 X33.54581015088069 Y25.02914190478303 F300
G1 X33.48916985709643 Y24.753365760802293 F300
G1 X33.423492999443006 Y24.478488286860458 F300
G1 X33.348633707313276 Y24.20456377642992 F300
G1 X33.264427777777755 Y23.931652260563684 F300
G1 X33.162668538978174 Y23.633775707370866 F300
G1 X33.0532048437602 Y23.338423097323446 F300
G1 X32.93659077990997 Y23.045437683304353 F300
G1 X32.81337395061727 Y22.754665388135706 F300
G1 X32.64009621489699 Y22.37088895552187 F300
G1 X32.45765490274878 Y21.991015441558048 F300
G1 X32.26739938271602 Y21.614775058917594 F300
G1 X31.97038187259532 Y21.056783285234328 F300
G1 X31.66422777777774 Y20.50702670500813 F300
G1 X31.473527058462928 Y20.176809002031902 F300
G1 X31.27615150482809 Y19.849849042962802 F300
G1 X31.071101193415608 Y19.52726612887644 F300
G1 X30.85752214865433 Y19.210410286721807 F300
G1 X30.634597111001252 Y18.90064677257543 F300
G1 X30.401272880658404 Y18.598995429287964 F300
G1 X30.218902913041084 Y18.378811670670263 F300
G1 X30.029760099570925 Y18.164361176614037 F300
G1 X29.83334032336251 Y17.956033055339507 F300
G1 X29.629123333333297 Y17.754231149452572 F300
G1 X29.432392778970957 Y17.574578710156178 F300
G1 X29.23122622914824 Y17.405715185624967 F300
G1 X29.025781716966144 Y17.247211644144805 F300
G1 X28.816192720740624 Y17.09867123215212 F300
G1 X28.602570362206205 Y16.959728539567685 F300
G1 X28.385005683583433 Y16.830048901034353 F300
G1 X28.163571996527743 Y16.709327625147015 F300
G1 X27.898241059546073 Y16.578425520554635 F300
G1 X27.62836557841515 Y16.459411928337545 F300
G1 X27.354122975871455 Y16.35189209796843 F300
G1 X27.0756741138692 Y16.255508005352954 F300
G1 X26.793166934286663 Y16.169936601777827 F300
G1 X26.506740138888848 Y16.094887955008126 F300
G1 X26.21816623962255 Y16.03043872584001 F300
G1 X25.926903456500252 Y15.976069020486714 F300
G1 X25.6331697433629 Y15.93149586846122 F300
G1 X25.33717970189976 Y15.89645601038897 F300
G1 X25.039146866400944 Y15.87070453788374 F300
G1 X24.739285989583294 Y15.854013493202572 F300
G1 X24.379509371027183 Y15.845658687635524 F300
G1 X24.01941157599966 Y15.849516287692186 F300
G1 X23.659460173282763 Y15.865118922222711 F300
G1 X23.300122212087484 Y15.892022830169868 F300
G1 X22.94186777777774 Y15.929805593897017 F300
G1 X22.61112316205806 Y15.973822225644096 F300
G1 X22.28170918718102 Y16.025591156506742 F300
G1 X21.953521317145366 Y16.084542087980537 F300
G1 X21.62645613168721 Y16.150111396366157 F300
G1 X21.1922614911942 Y16.246792410613434 F300
G1 X20.76003907094071 Y16.352819148141805 F300
G1 X20.32963979423865 Y16.466843124761212 F300
G1 X19.68742205580913 Y16.649849111045448 F300
G1 X19.04959999999996 Y16.842935593897014 F300
G1 X18.06670159636844 Y17.150354588380658 F300
G1 X17.085280416666627 Y17.465729482785903 F300
G1 X16.106960278728643 Y17.790525001924706 F300
G1 X15.133343333333293 Y18.12620003834146 F300
G1 X14.844084210803892 Y18.231603164623483 F300
G1 X14.557970311987578 Y18.345116201364515 F300
G1 X14.276551944444407 Y18.469188232785903 F300
G1 X14.069653211750149 Y18.57058284523106 F300
G1 X13.867173893011092 Y18.68021185618878 F300
G1 X13.66962619273103 Y18.799196560640876 F300
G1 X13.477545555555517 Y18.92869892723035 F300
G1 X13.313586524666551 Y19.05239726492693 F300
G1 X13.155883906226945 Y19.184147610321524 F300
G1 X13.00423756771257 Y19.323364202711144 F300
G1 X12.858473472222185 Y19.469489621674796 F300
G1 X12.718784691672571 Y19.621600259377196 F300
G1 X12.585343878737522 Y19.77871881883302 F300
G1 X12.458011240966389 Y19.9402026825078 F300
G1 X12.336662222222184 Y20.105424482785907 F300
G1 X12.17540967232164 Y20.34186335788563 F300
G1 X12.02258057378536 Y20.58373268270797 F300
G1 X11.877421355153958 Y20.830570606798577 F300
G1 X11.739192551440292 Y21.081923824349694 F300
G1 X11.564831613515228 Y21.422456149282098 F300
G1 X11.400114141159424 Y21.768340200152966 F300
G1 X11.243385596707782 Y22.118316993073968 F300
G1 X11.019779120352483 Y22.64792306462895 F300
G1 X10.805747777777741 Y23.17741337167479 F300
G1 X10.648004997970633 Y23.58031198567696 F300
G1 X10.4968035462744 Y23.987247172148223 F300
G1 X10.354155637860046 Y24.398249215296193 F300
G1 X10.254132799826406 Y24.708773203348247 F300
G1 X10.161047063987743 Y25.02112502173362 F300
G1 X10.075714375014964 Y25.335369015711425 F300
G1 X9.998958065843583 Y25.651571972497837 F300
G1 X9.931609159108083 Y25.9698141550124 F300
G1 X9.874566569981944 Y26.28984219589501 F300
G1 X9.828645194924784 Y26.611818030630968 F300
G1 X9.79468666666663 Y26.93590781611923 F300
G1 X9.776041186609925 Y27.212521064529792 F300
G1 X9.76711819222616 Y27.488623406564365 F300
G1 X9.767746382785527 Y27.764170520682793 F300
G1 X9.777776706473821 Y28.03911945822081 F300
G1 X9.797081690118416 Y28.313427152592297 F300
G1 X9.825554722222186 Y28.58704892723034 F300
G1 X9.871630995708742 Y28.91397040808578 F300
G1 X9.930456715154083 Y29.238850751025566 F300
G1 X10.001846790022729 Y29.56157815920203 F300
G1 X10.085651441986323 Y29.88203406832758 F300
G1 X10.181754444444406 Y30.200090038341457 F300
G1 X10.288634159321422 Y30.512040290433422 F300
G1 X10.40635747893858 Y30.81948725176316 F300
G1 X10.534689626769579 Y31.122383480486796 F300
G1 X10.673421532919614 Y31.420672108113035 F300
G1 X10.822368020833295 Y31.714285020980352 F300
G1 X10.981131495386695 Y32.00273149463437 F300
G1 X11.149336023288043 Y32.28562755176238 F300
G1 X11.326777245165008 Y32.56288940706847 F300
G1 X11.513270109398963 Y32.83442198508199 F300
G1 X11.708647222222186 Y33.10011739945257 F300
G1 X11.912398164084937 Y33.359411274409815 F300
G1 X12.124146227112428 Y33.61197160954504 F300
G1 X12.343700006289854 Y33.857692193669564 F300
G1 X12.570883537846026 Y34.09645439776743 F300
G1 X12.805534756944407 Y34.328125819591456 F300
G1 X13.047374026095294 Y34.5524421774784 F300
G1 X13.295711620188882 Y34.76879607419516 F300
G1 X13.55036694564083 Y34.977071157780465 F300
G1 X13.811172699592476 Y35.17713722799431 F300
G1 X14.077973333333297 Y35.368848927230346 F300
G1 X14.405050565871464 Y35.58805429274056 F300
G1 X14.738380101896576 Y35.79565596919857 F300
G1 X15.077733791006759 Y35.991914293317706 F300
G1 X15.422898114142896 Y36.17706735525689 F300
G1 X15.7736720260981 Y36.35133137311194 F300
G1 X16.12986477366252 Y36.51490110830031 F300
G1 X16.49088138170623 Y36.66778284504062 F300
G1 X16.85612143694779 Y36.810013117541885 F300
G1 X17.22534628904751 Y36.94178120916763 F300
G1 X17.598323926286504 Y37.06326062010356 F300
G1 X17.974827360398233 Y37.17460945278101 F300
G1 X18.35463300411519 Y37.27597082023446 F300
G1 X18.73702746350726 Y37.3673624931529 F300
G1 X19.12130981116607 Y37.44884286685014 F300
G1 X19.507216584000055 Y37.520579953940896 F300
G1 X19.894487925514348 Y37.582730049324866 F300
G1 X20.282866358588024 Y37.63543805474322 F300
G1 X20.672095555555515 Y37.67883781611923 F300
G1 X21.100250538963962 Y37.715976966104954 F300
G1 X21.52898585623141 Y37.7425500180881 F300
G1 X21.958218382426395 Y37.75896554780536 F300
G1 X22.387865555555514 Y37.76562114945256 F300
G1 X22.438310897610513 Y37.7711351087922 F300
G1 X22.479600684123316 Y37.78527530497387 F300
G1 X22.513465511504876 Y37.80603423093329 F300
G1 X22.541138680555513 Y37.832401982785896 F300
G1 X22.56958098996572 Y37.876182885264015 F300
G1 X22.586536626775505 Y37.925301952450575 F300
G1 X22.592335555555515 Y37.97813448278589 F300
G1 X22.586596524377452 Y38.03096057920899 F300
G1 X22.569690770215942 Y38.07993043141707 F300
G1 X22.541297430555513 Y38.12344364945256 F300
G1 X22.513661958395392 Y38.14955552953997 F300
G1 X22.47980666572488 Y38.17003041636154 F300
G1 X22.438465092173363 Y38.18384490451494 F300
G1 X22.387865555555514 Y38.188954482785896 F300
G1 X22.387865555555514 Y38.188954482785896 F300
G1 X22.387865555555553 Y38.18895448278591 F300;svg#Layer_2 > g#Layer_2-2 > path
G0 X17.41369888888889 Y30.25441781611925
G1 X17.29448682849799 Y30.23274333313557 F300
G1 X17.181863249270165 Y30.225411973505338 F300
G1 X17.075016043995795 Y30.230733822530738 F300
G1 X16.973169373813164 Y30.247426856376872 F300
G1 X16.875609149305557 Y30.274576861258137 F300
G1 X16.780107862983435 Y30.312317316025034 F300
G1 X16.688862629593764 Y30.35934138153663 F300
G1 X16.60160100522491 Y30.415053318644063 F300
G1 X16.518118422011863 Y30.47897947872231 F300
G1 X16.43828597222222 Y30.550733510563692 F300
G1 X16.34628143747245 Y30.64780442908161 F300
G1 X16.261225011469676 Y30.75324409203773 F300
G1 X16.183109462267712 Y30.865849756385757 F300
G1 X16.11200842013889 Y30.98444953486925 F300
G1 X16.048149981482542 Y31.10771669053768 F300
G1 X15.992801100048972 Y31.231866509292168 F300
G1 X15.945807580095867 Y31.35549346264606 F300
G1 X15.907055555555557 Y31.477286705008137 F300
G1 X15.863297944717043 Y31.648491246607275 F300
G1 X15.829816563649528 Y31.821681282596522 F300
G1 X15.806466345818183 Y31.996559434928713 F300
G1 X15.793168436213996 Y32.17283905068716 F300
G1 X15.78990300189057 Y32.34960431424506 F300
G1 X15.796581476847818 Y32.52606899277984 F300
G1 X15.813126635518742 Y32.70192447796482 F300
G1 X15.839520823045268 Y32.87685806303283 F300
G1 X15.875682723623132 Y33.05003129126507 F300
G1 X15.92145743265936 Y33.22056236107538 F300
G1 X15.97682283026646 Y33.388147846255784 F300
G1 X16.041816666666666 Y33.552466705008136 F300
G1 X16.117334021737626 Y33.71413855112152 F300
G1 X16.201792420463484 Y33.86890891273975 F300
G1 X16.29487038822903 Y34.01686230079349 F300
G1 X16.39632143692557 Y34.158047683815155 F300
G1 X16.505966909783183 Y34.292471072098785 F300
G1 X16.623688333333334 Y34.42008837167481 F300
G1 X16.748956789930997 Y34.54038058993119 F300
G1 X16.881165092385864 Y34.652860387259196 F300
G1 X17.020177238609282 Y34.75747248968063 F300
G1 X17.165904582632358 Y34.85410751578101 F300
G1 X17.318298031209128 Y34.94259609050987 F300
G1 X17.47734 Y35.0227033716748 F300
G1 X17.629440722911294 Y35.088367824463 F300
G1 X17.791419898017644 Y35.14757994370011 F300
G1 X17.962296996527776 Y35.199295107785915 F300
G1 X18.13578129665234 Y35.241237194947935 F300
G1 X18.313132194156406 Y35.27342477819069 F300
G1 X18.493145972222223 Y35.2949772605637 F300
G1 X18.62893947945581 Y35.303573666708466 F300
G1 X18.763774651602283 Y35.30523912805617 F300
G1 X18.897202724459667 Y35.299694194115645 F300
G1 X19.028783906250005 Y35.28662524667481 F300
G1 X19.15960895015894 Y35.265379142820194 F300
G1 X19.286626520677366 Y35.2359216400417 F300
G1 X19.409557088082835 Y35.19795797057743 F300
G1 X19.528107777777784 Y35.15111448278592 F300
G1 X19.618611060700346 Y35.1038652480488 F300
G1 X19.703555123986977 Y35.045540981945045 F300
G1 X19.783485094603304 Y34.97706770179043 F300
G1 X19.858814732510293 Y34.89922069677769 F300
G1 X19.94940769670545 Y34.786431952499235 F300
G1 X20.03108723364199 Y34.664306971316385 F300
G1 X20.10432193415638 Y34.535692342868224 F300
G1 X20.16994940974252 Y34.40245365837303 F300
G1 X20.22599058403692 Y34.2727714986148 F300
G1 X20.27331555555556 Y34.14964892723036 F300
G1 X20.331128644646597 Y33.97287390237237 F300
G1 X20.37671418070926 Y33.794962671719674 F300
G1 X20.41042539382024 Y33.61581700855472 F300
G1 X20.432522556497236 Y33.43531666032131 F300
G1 X20.44317437993726 Y33.25332649633336 F300
G1 X20.44246009509976 Y33.06970380118467 F300
G1 X20.430372222222225 Y32.88430559389703 F300
G1 X20.430127261635437 Y32.84008622225495 F300
G1 X20.437147583049388 Y32.80364175721239 F300
G1 X20.449734707724392 Y32.773425035161814 F300
G1 X20.466955277777785 Y32.748214951535914 F300
G1 X20.49783115178062 Y32.72019046253035 F300
G1 X20.534951822590745 Y32.70039732671586 F300
G1 X20.577621666666673 Y32.68839045500814 F300
G1 X20.62226360112666 Y32.68453031040976 F300
G1 X20.667881152615614 Y32.68833045597228 F300
G1 X20.713264722222227 Y32.699818250147025 F300
G1 X20.755824576368724 Y32.718751982714984 F300
G1 X20.793353120678596 Y32.744574092090886 F300
G1 X20.824777777777786 Y32.777484482785916 F300
G1 X21.132020780557056 Y33.17942149523286 F300
G1 X21.44684847222223 Y33.57700239945258 F300
G1 X21.664180253272736 Y33.835789424769544 F300
G1 X21.88968892617286 Y34.086846968788564 F300
G1 X22.125540000000008 Y34.32815448278591 F300
G1 X22.234886357689682 Y34.43122684702429 F300
G1 X22.349282243087824 Y34.530231970535255 F300
G1 X22.46937486111112 Y34.62288267723036 F300
G1 X22.563302229509123 Y34.68660855141408 F300
G1 X22.660536414026996 Y34.744154748969194 F300
G1 X22.761501070255825 Y34.79468157266605 F300
G1 X22.866655555555564 Y34.83728337167481 F300
G1 X22.98186085000862 Y34.87294524378714 F300
G1 X23.098595882873123 Y34.898745845453725 F300
G1 X23.216644917854747 Y34.91516068235211 F300
G1 X23.335814722222228 Y34.92254976056369 F300
G1 X23.455344945191055 Y34.92119371890785 F300
G1 X23.574457727858015 Y34.91143634708733 F300
G1 X23.692864117355974 Y34.89359199951606 F300
G1 X23.810265555555567 Y34.86790448278592 F300
G1 X23.945180363302896 Y34.82877513258681 F300
G1 X24.075041221653503 Y34.78127508852668 F300
G1 X24.200156053310284 Y34.72584142716052 F300
G1 X24.320801919067133 Y34.66283383268906 F300
G1 X24.43722222222224 Y34.59254364723037 F300
G1 X24.576805993685298 Y34.49502394144782 F300
G1 X24.70964372084738 Y34.387585426550466 F300
G1 X24.835965594933235 Y34.27077089186495 F300
G1 X24.95594102222223 Y34.14505886500814 F300
G1 X25.068232952433142 Y34.01268604895368 F300
G1 X25.17372501381274 Y33.87352588571932 F300
G1 X25.27249748609629 Y33.72817697918942 F300
G1 X25.36459315555556 Y33.577218722785915 F300
G1 X25.44956642068631 Y33.42209100799715 F300
G1 X25.527300096555194 Y33.26385383519273 F300
G1 X25.597875523688767 Y33.103196822335065 F300
G1 X25.66134982222223 Y32.94079180723036 F300
G1 X25.735747199986996 Y32.72021091550464 F300
G1 X25.79662991189298 Y32.50193625267815 F300
G1 X25.84438222222223 Y32.28754670500813 F300
G1 X25.87986717256412 Y32.07541070119886 F300
G1 X25.90413037391445 Y31.861587163912894 F300
G1 X25.917190136620412 Y31.646491471635038 F300
G1 X25.919005606168945 Y31.430531765273564 F300
G1 X25.90947625514404 Y31.214119709123366 F300
G1 X25.88855371958555 Y30.998584464973863 F300
G1 X25.856291652754397 Y30.785073481070953 F300
G1 X25.81266618454904 Y30.573971035743636 F300
G1 X25.75758869862463 Y30.36566803590439 F300
G1 X25.69090559670782 Y30.16057370089292 F300
G1 X25.62648024654868 Y29.99282876233211 F300
G1 X25.554161159481772 Y29.82880448349067 F300
G1 X25.47387291242012 Y29.668684787857046 F300
G1 X25.38550012404058 Y29.51266933656587 F300
G1 X25.288887674135275 Y29.360979543286014 F300
G1 X25.18384111111111 Y29.213864482785922 F300
G1 X25.06339466666104 Y29.064434019885287 F300
G1 X24.93251327266286 Y28.92184582658751 F300
G1 X24.79143201646091 Y28.78737966797111 F300
G1 X24.67967085746823 Y28.6931982799548 F300
G1 X24.563283488520987 Y28.60556531234723 F300
G1 X24.44235208515505 Y28.52495050096644 F300
G1 X24.316927613168723 Y28.451864482785922 F300
G1 X24.187199612264276 Y28.386945494404383 F300
G1 X24.053846181413903 Y28.331033952981286 F300
G1 X23.91680399929277 Y28.284608908902523 F300
G1 X23.77597555555555 Y28.248241149452582 F300
G1 X23.656420591837364 Y28.2274027836475 F300
G1 X23.53980051679479 Y28.217078848045382 F300
G1 X23.425825175734694 Y28.216444494822582 F300
G1 X23.314204656891775 Y28.22482485377336 F300
G1 X23.20465847736626 Y28.241682095954648 F300
G1 X23.06910739647279 Y28.2743815961214 F300
G1 X22.936990077751304 Y28.31891818458463 F300
G1 X22.80810978476729 Y28.374544433854986 F300
G1 X22.682322633744853 Y28.440643536283858 F300
G1 X22.561557650103115 Y28.51535853640346 F300
G1 X22.444853376169448 Y28.598393595609984 F300
G1 X22.33226741596446 Y28.689029576985597 F300
G1 X22.22389444444444 Y28.786580038341476 F300
G1 X22.077938886779787 Y28.931319740286913 F300
G1 X21.938180671130638 Y29.082573386646235 F300
G1 X21.80469642843873 Y29.24010207351742 F300
G1 X21.677586022305277 Y29.40368723080652 F300
G1 X21.556974670138878 Y29.573126757091472 F300
G1 X21.443632078647212 Y29.747238662572162 F300
G1 X21.337548610471064 Y29.92588659402668 F300
G1 X21.23882488512173 Y30.108832984337333 F300
G1 X21.147585070704825 Y30.295854726374184 F300
G1 X21.063978749999986 Y30.486739621674804 F300
G1 X20.98830396430356 Y30.680951420192066 F300
G1 X20.920923318094914 Y30.877651891375365 F300
G1 X20.8619448556047 Y31.07662206862411 F300
G1 X20.811503762741275 Y31.277654150334335 F300
G1 X20.769764288194438 Y31.480547694591472 F300
G1 X20.7369010449288 Y31.68525459381181 F300
G1 X20.71326238837107 Y31.89049182639379 F300
G1 X20.69897946364069 Y32.09608642742653 F300
G1 X20.69421968962811 Y32.301871198681 F300
G1 X20.69918888888888 Y32.507680038341476 F300
G1 X20.283475555555547 Y32.45137670500814 F300
G1 X20.296397672947545 Y32.3479762366046 F300
G1 X20.29895909734645 Y32.24603466328795 F300
G1 X20.291934468680722 Y32.145474438122314 F300
G1 X20.275924859066865 Y32.046216215678704 F300
G1 X20.251380617283942 Y31.948200614473166 F300
G1 X20.209679605270594 Y31.828634847740837 F300
G1 X20.15680498397003 Y31.71297077881831 F300
G1 X20.093649821150166 Y31.601470905912787 F300
G1 X20.020977530864187 Y31.494476128876453 F300
G1 X19.94010955528215 Y31.39318090307833 F300
G1 X19.852887655917236 Y31.299067573437085 F300
G1 X19.760311228231394 Y31.212482172713372 F300
G1 X19.66329222222221 Y31.133822260563697 F300
G1 X19.550990476898168 Y31.054559857479035 F300
G1 X19.435530553381536 Y30.98286645692547 F300
G1 X19.31715273004699 Y30.917900397140293 F300
G1 X19.196073333333324 Y30.858864647394977 F300
G1 X19.03065723083411 Y30.78801742183161 F300
G1 X18.86169252268974 Y30.724801583452564 F300
G1 X18.689907777777766 Y30.66757024410279 F300
G1 X18.42952245269042 Y30.589635517606347 F300
G1 X18.16850222222221 Y30.516320038341476 F300
G1 X18.051084067744927 Y30.48129926511115 F300
G1 X17.93447720956833 Y30.440414855650975 F300
G1 X17.820769166666658 Y30.391577816119252 F300
G1 X17.73900215059162 Y30.348619510605708 F300
G1 X17.661526703286686 Y30.299466322542145 F300
G1 X17.588940191615233 Y30.243096064819948 F300
G1 X17.5219311111111 Y30.17835892723036 F300
G1 X17.46592817908385 Y30.11099411890908 F300
G1 X17.41723849698652 Y30.039501199827153 F300
G1 X17.374736543209867 Y29.964329956036952 F300
G1 X17.320593606613304 Y29.846109621887518 F300
G1 X17.27523753086419 Y29.72314493546082 F300
G1 X17.199351111111103 Y29.47365003834147 F300
G1 X17.14961220550145 Y29.29376734720812 F300
G1 X17.106177833968715 Y29.11135230547866 F300
G1 X17.071598518518513 Y28.927095346983453 F300
G1 X17.053008709331955 Y28.78785730438626 F300
G1 X17.042051714276546 Y28.649108087437543 F300
G1 X17.039717549498327 Y28.510951267406305 F300
G1 X17.047045185185176 Y28.37348510006987 F300
G1 X17.060505959730335 Y28.26471108177637 F300
G1 X17.081339563027083 Y28.15664888478417 F300
G1 X17.11020053496493 Y28.049192220179464 F300
G1 X17.147839859441255 Y27.94225383444605 F300
G1 X17.195117777777767 Y27.835773371674804 F300
G1 X17.26186883962081 Y27.71507500004745 F300
G1 X17.337441938503037 Y27.60420112043478 F300
G1 X17.42119562810856 Y27.50242089728289 F300
G1 X17.512654034772332 Y27.40912452316131 F300
G1 X17.611477135416656 Y27.323826670285914 F300
G1 X17.717141749151153 Y27.246362376554423 F300
G1 X17.828592260159986 Y27.176920852344814 F300
G1 X17.94540709734102 Y27.11522875875156 F300
G1 X18.0672073422563 Y27.06108631082191 F300
G1 X18.19363763888888 Y27.014365593897033 F300
G1 X18.35502074117798 Y26.966986004553835 F300
G1 X18.519742234727453 Y26.931226622794384 F300
G1 X18.686824581446544 Y26.90676824734849 F300
G1 X18.85530543402777 Y26.893393684174807 F300
G1 X19.024861315564557 Y26.890994838591844 F300
G1 X19.191165219262643 Y26.899397125659902 F300
G1 X19.353250315077688 Y26.918153612714605 F300
G1 X19.51018666666665 Y26.946914482785917 F300
G1 X19.65928548047302 Y26.984219156021652 F300
G1 X19.805086235930926 Y27.030075228259992 F300
G1 X19.94734252132437 Y27.084226845279538 F300
G1 X20.085794057520534 Y27.14647807003944 F300
G1 X20.220156354166654 Y27.216688059174807 F300
G1 X20.350427770918543 Y27.294969717215206 F300
G1 X20.47480092121819 Y27.38030460695335 F300
G1 X20.5930431917641 Y27.472511129519432 F300
G1 X20.704889618591576 Y27.57146509938226 F300
G1 X20.810031666666653 Y27.67709392723036 F300
G1 X20.908176316301653 Y27.789456151793267 F300
G1 X20.99810553407389 Y27.907488441481654 F300
G1 X21.07957310380275 Y28.03116399366536 F300
G1 X21.152259277600407 Y28.16051321343227 F300
G1 X21.21575697916665 Y28.295614795285914 F300
G1 X21.26871923703385 Y28.43411301952829 F300
G1 X21.311501269807128 Y28.577534829895626 F300
G1 X21.343628767070296 Y28.72610195769134 F300
G1 X21.364480986147605 Y28.88007375210185 F300
G1 X21.373276666666648 Y29.0397333716748 F300
G1 X21.370277165034082 Y29.177632580669613 F300
G1 X21.357273135728544 Y29.313068865715877 F300
G1 X21.33448006877919 Y29.445840000384383 F300
G1 X21.302005102880642 Y29.575736087724188 F300
G1 X21.25968042449945 Y29.702971366252577 F300
G1 X21.207976612508713 Y29.825777732475927 F300
G1 X21.146911143747534 Y29.94395960607321 F300
G1 X21.076389341563768 Y30.05726991488468 F300
G1 X20.99711527724847 Y30.164266767990494 F300
G1 X20.908765316241208 Y30.265081961454037 F300
G1 X20.811084056768724 Y30.35942535129026 F300
G1 X20.703704444444426 Y30.446893371674804 F300
G1 X20.596935285481873 Y30.520104718708314 F300
G1 X20.484954093313466 Y30.58456081132457 F300
G1 X20.36824326894315 Y30.64013842927079 F300
G1 X20.24723090534978 Y30.686609791427895 F300
G1 X20.122950901407847 Y30.72347029048679 F300
G1 X19.996793604113762 Y30.750241327959408 F300
G1 X19.869167990294926 Y30.76672830250928 F300
G1 X19.740459094650188 Y30.77260917414394 F300
G1 X19.611913504242324 Y30.767494992483606 F300
G1 X19.48447188042799 Y30.751102988305185 F300
G1 X19.358407781498798 Y30.723031771416917 F300
G1 X19.2340322222222 Y30.68269003834147 F300
G1 X19.189110966244943 Y30.66014958550459 F300
G1 X19.15445833643007 Y30.63228672987676 F300
G1 X19.12823738054226 Y30.60036781219947 F300
G1 X19.109248107638866 Y30.565007781397025 F300
G1 X19.094235712129223 Y30.512514204526674 F300
G1 X19.091429997526888 Y30.45913477465487 F300
G1 X19.0998884722222 Y30.406500316119246 F300
G1 X19.119338558830698 Y30.35709991778312 F300
G1 X19.14804338808399 Y30.315830784748666 F300
G1 X19.185752378472202 Y30.28402910084147 F300
G1 X19.218172109337445 Y30.268576499627734 F300
G1 X19.254993420659268 Y30.26059878575426 F300
G1 X19.297364080029514 Y30.26160274604649 F300
G1 X19.34663888888887 Y30.274455593897024 F300
G1 X19.46139766664507 Y30.31104478553089 F300
G1 X19.57611207887727 Y30.334589596323372 F300
G1 X19.690614010708455 Y30.34585860934644 F300
G1 X19.80479259305857 Y30.34535977731841 F300
G1 X19.918544583333315 Y30.333351843897027 F300
G1 X20.030667527335996 Y30.31013443457403 F300
G1 X20.14026873622275 Y30.27609933530663 F300
G1 X20.24712940258795 Y30.231404013242116 F300
G1 X20.350967193737414 Y30.176025478952006 F300
G1 X20.451397777777757 Y30.109778927230355 F300
G1 X20.53373426111895 Y30.043812205683096 F300
G1 X20.607970463959113 Y29.972308625332698 F300
G1 X20.67455763954011 Y29.895641556067737 F300
G1 X20.73383950617282 Y29.814077980728303 F300
G1 X20.786184028576635 Y29.72755514862112 F300
G1 X20.831164009185837 Y29.6372470112614 F300
G1 X20.868951215247456 Y29.54340782348536 F300
G1 X20.899629382716032 Y29.446253577436124 F300
G1 X20.922961932254303 Y29.34716056204268 F300
G1 X20.939134992340303 Y29.24619757093548 F300
G1 X20.94818637884027 Y29.143633521725288 F300
G1 X20.950084444444425 Y29.0397333716748 F300
G1 X20.94158516238292 Y28.899282583625144 F300
G1 X20.92146745831661 Y28.764987862107727 F300
G1 X20.890611633517064 Y28.636439624370702 F300
G1 X20.849704985049964 Y28.51326438420486 F300
G1 X20.799260920138867 Y28.395140020980357 F300
G1 X20.738943948255564 Y28.280606422570433 F300
G1 X20.67015159475641 Y28.171755732372137 F300
G1 X20.593315685135053 Y28.068458517271967 F300
G1 X20.508778007080096 Y27.970642475212316 F300
G1 X20.416807916666645 Y27.87830073278591 F300
G1 X20.31892292475929 Y27.792564967252225 F300
G1 X20.215298351377907 Y27.71317312295851 F300
G1 X20.10629879404851 Y27.640166001269094 F300
G1 X19.992252050081927 Y27.573635486558878 F300
G1 X19.873461788194426 Y27.513729152924803 F300
G1 X19.7205196382857 Y27.44915392064548 F300
G1 X19.563490331923582 Y27.396183923695418 F300
G1 X19.40308054245979 Y27.35500787533744 F300
G1 X19.23995888888887 Y27.325938927230368 F300
G1 X19.105432385565326 Y27.312350003425564 F300
G1 X18.966470545845866 Y27.308458645735623 F300
G1 X18.824168131469154 Y27.314551039972716 F300
G1 X18.679681631944423 Y27.331018927230364 F300
G1 X18.537234235554113 Y27.35769025256369 F300
G1 X18.39788216284747 Y27.394545559287877 F300
G1 X18.262722114305994 Y27.44167648489252 F300
G1 X18.13287166666665 Y27.499293927230365 F300
G1 X18.03270854920381 Y27.553689987090326 F300
G1 X17.938676134578188 Y27.614508172852595 F300
G1 X17.851127988385922 Y27.681861393791934 F300
G1 X17.7704688159285 Y27.75596056427006 F300
G1 X17.69718670138887 Y27.837113927230362 F300
G1 X17.632834689621042 Y27.924288139610734 F300
G1 X17.577288642975063 Y28.01846674215473 F300
G1 X17.53108681011865 Y28.120355408157554 F300
G1 X17.49504152412805 Y28.230811497351137 F300
G1 X17.470284444444424 Y28.350828927230364 F300
G1 X17.458003664117683 Y28.478624085971745 F300
G1 X17.4578349410663 Y28.60671996286518 F300
G1 X17.46786791666665 Y28.73502156611925 F300
G1 X17.49785517678784 Y28.926123443255246 F300
G1 X17.5398522222222 Y29.113393371674803 F300
G1 X17.580803954386923 Y29.282243289593293 F300
G1 X17.627535138888867 Y29.459538927230362 F300
G1 X17.664747690055922 Y29.57623253844006 F300
G1 X17.708451164251628 Y29.686987313818825 F300
G1 X17.76040888888887 Y29.789597816119255 F300
G1 X17.801872804619503 Y29.850680196034034 F300
G1 X17.84856740535783 Y29.902104214489142 F300
G1 X17.899920740740725 Y29.945666705008147 F300
G1 X17.95625935484358 Y29.983225810322466 F300
G1 X18.0164980856199 Y30.015337574467548 F300
G1 X18.080166666666646 Y30.04303337167481 F300
G1 X18.179059357980066 Y30.077828347805976 F300
G1 X18.28110888888887 Y30.107944482785918 F300
G1 X18.64282958333331 Y30.209121149452585 F300
G1 X18.822489388255576 Y30.263303234384313 F300
G1 X19.000634444444426 Y30.323421149452585 F300
G1 X19.16022420740438 Y30.384008814439103 F300
G1 X19.318225437637512 Y30.450775135254673 F300
G1 X19.47364411522632 Y30.524452219411437 F300
G1 X19.62510990364602 Y30.605595620567446 F300
G1 X19.771249696479007 Y30.694693416560625 F300
G1 X19.91121921810698 Y30.792526746160405 F300
G1 X20.011446983067135 Y30.87199408572267 F300
G1 X20.10711080764118 Y30.956998018009756 F300
G1 X20.19790284718901 Y31.04797248921594 F300
G1 X20.283475555555537 Y31.145393371674807 F300
G1 X20.378415398318193 Y31.269901815899406 F300
G1 X20.46231714800393 Y31.39880957767771 F300
G1 X20.535016042112694 Y31.531926191893994 F300
G1 X20.59624299336042 Y31.669142958561885 F300
G1 X20.645601944444426 Y31.810414760563695 F300
G1 X20.677181402024665 Y31.93079157691058 F300
G1 X20.699678843290595 Y32.0530802941824 F300
G1 X20.71282706142739 Y32.17738713353197 F300
G1 X20.71624325794963 Y32.30383826010673 F300
G1 X20.70941874329489 Y32.4325669952192 F300
G1 X20.691709999999983 Y32.563701149452584 F300
G1 X20.67906109777428 Y32.60829914498975 F300
G1 X20.660399726181236 Y32.643005262276525 F300
G1 X20.637170461820705 Y32.66982449944995 F300
G1 X20.61000666666665 Y32.690138909869255 F300
G1 X20.56736178833555 Y32.70835850793739 F300
G1 X20.520910399495218 Y32.715721576964704 F300
G1 X20.471682499999982 Y32.71266156611925 F300
G1 X20.423810983554308 Y32.69972428128635 F300
G1 X20.379227336554102 Y32.67768759258812 F300
G1 X20.33944374999998 Y32.646628180702585 F300
G1 X20.314933809168465 Y32.618427824465286 F300
G1 X20.295645438593446 Y32.58613517080858 F300
G1 X20.28226211168056 Y32.549339368934774 F300
G1 X20.275996666666646 Y32.50739781611925 F300
G1 X20.27066725341608 Y32.27462573145206 F300
G1 X20.276912101949293 Y32.0431603513856 F300
G1 X20.29437088959184 Y31.813085781582235 F300
G1 X20.322735484466296 Y31.584485374137504 F300
G1 X20.3617468202562 Y31.357446650398796 F300
G1 X20.411191563785994 Y31.132066211180987 F300
G1 X20.4707382215824 Y30.909005883712243 F300
G1 X20.53997943306944 Y30.688970962830272 F300
G1 X20.618655953823485 Y30.472102330955384 F300
G1 X20.706542576906994 Y30.25854986596576 F300
G1 X20.803445370034353 Y30.048476092866167 F300
G1 X20.909198806584342 Y29.842059791427893 F300
G1 X21.023295846694047 Y29.64011924494019 F300
G1 X21.145235763084703 Y29.443306996113748 F300
G1 X21.274785879115754 Y29.25179272153771 F300
G1 X21.411739518895004 Y29.065758852376376 F300
G1 X21.5559134999514 Y28.885403691359347 F300
G1 X21.707145555555535 Y28.71094448278592 F300
G1 X21.820243557414877 Y28.590516265718325 F300
G1 X21.938682953590522 Y28.47457670054533 F300
G1 X22.062498739896608 Y28.364068145220383 F300
G1 X22.19174724279834 Y28.25995859801226 F300
G1 X22.32649044683045 Y28.163262562267185 F300
G1 X22.465797536556906 Y28.07562862175993 F300
G1 X22.609836434095985 Y27.997859790616694 F300
G1 X22.758820534979407 Y27.930829997189214 F300
G1 X22.88104674913542 Y27.885815048840502 F300
G1 X23.00627667280162 Y27.84886006585556 F300
G1 X23.134786999310368 Y27.82044206085293 F300
G1 X23.266879758079465 Y27.801131541009973 F300
G1 X23.402877777777757 Y27.791605593897028 F300
G1 X23.53664091041999 Y27.792182020685832 F300
G1 X23.668741263526016 Y27.80209836559729 F300
G1 X23.79922989090861 Y27.820830822346867 F300
G1 X23.928151617695224 Y27.84793585898748 F300
G1 X24.055537572016444 Y27.88304036755958 F300
G1 X24.211692669859147 Y27.937337273869026 F300
G1 X24.364043885548426 Y28.002351824884965 F300
G1 X24.51243605112844 Y28.0773217402298 F300
G1 X24.65667613168722 Y28.161557116530776 F300
G1 X24.796031281425755 Y28.254074995750912 F300
G1 X24.929328552278577 Y28.35346174821585 F300
G1 X25.056332777347404 Y28.458882808416178 F300
G1 X25.17678555555553 Y28.569551149452586 F300
G1 X25.306871142844784 Y28.702256785521012 F300
G1 X25.428908518805898 Y28.841057382222765 F300
G1 X25.543109516715663 Y28.985677386798915 F300
G1 X25.64964649821865 Y29.135876809202795 F300
G1 X25.748651562499973 Y29.291444725841476 F300
G1 X25.839965412900213 Y29.451727113594337 F300
G1 X25.923540705319304 Y29.616174463392518 F300
G1 X25.99948160057969 Y29.784529192625183 F300
G1 X26.067861152557562 Y29.95654941799594 F300
G1 X26.128721111111084 Y30.132003927230365 F300
G1 X26.193934528327855 Y30.354671114215478 F300
G1 X26.247169169466744 Y30.580360901324205 F300
G1 X26.288534909839797 Y30.808545209574422 F300
G1 X26.31807899305553 Y31.038708961952587 F300
G1 X26.335783094204125 Y31.270278886070493 F300
G1 X26.34157973608441 Y31.50120848462452 F300
G1 X26.335573787463865 Y31.730969570473803 F300
G1 X26.317809999999977 Y31.959040038341477 F300
G1 X26.287641879007115 Y32.191027783451545 F300
G1 X26.244979371013756 Y32.425984967920364 F300
G1 X26.189580209316325 Y32.66280926059736 F300
G1 X26.121140798611087 Y32.90034154875814 F300
G1 X26.057876371048998 Y33.08696663122058 F300
G1 X25.986740284351587 Y33.271089590064676 F300
G1 X25.907690083021865 Y33.4521530557672 F300
G1 X25.820654014474595 Y33.62958982023519 F300
G1 X25.725531388888868 Y33.802815455008144 F300
G1 X25.622052602768967 Y33.971437560059655 F300
G1 X25.51102879490644 Y34.13341085457751 F300
G1 X25.392389330279197 Y34.288287025679644 F300
G1 X25.26601703830631 Y34.435593852796444 F300
G1 X25.131749062499978 Y34.574823319591474 F300
G1 X25.01347462732142 Y34.684458583251185 F300
G1 X24.89001802808315 Y34.787247595733184 F300
G1 X24.761214841972205 Y34.88296308083646 F300
G1 X24.626865367222337 Y34.97133623200688 F300
G1 X24.48673605103475 Y35.05204900359304 F300
G1 X24.34056111111109 Y35.12472670500814 F300
G1 X24.188593692536056 Y35.18846213899025 F300
G1 X24.036571668274313 Y35.24051801218657 F300
G1 X23.88461932890073 Y35.28122795752565 F300
G1 X23.732821594489238 Y35.31083015996872 F300
G1 X23.581236995884748 Y35.329463248218026 F300
G1 X23.427760049681694 Y35.33719346543349 F300
G1 X23.275601914092007 Y35.33366438623427 F300
G1 X23.12477014062095 Y35.318911238726244 F300
G1 X22.975275843984214 Y35.292848824743 F300
G1 X22.827149670781868 Y35.255270161798265 F300
G1 X22.68326069369532 Y35.20690975943504 F300
G1 X22.5416299872785 Y35.14709197986408 F300
G1 X22.40230159494478 Y35.07543459331005 F300
G1 X22.26537955296626 Y34.99142701733785 F300
G1 X22.13104333333331 Y34.894433371674815 F300
G1 X21.968955786888035 Y34.76138982263037 F300
G1 X21.812760616423624 Y34.62055933465152 F300
G1 X21.661804668962695 Y34.472735858808356 F300
G1 X21.51544872427981 Y34.31870003834149 F300
G1 X21.327656076325983 Y34.1064951344771 F300
G1 X21.14625802441028 Y33.887661396512826 F300
G1 X20.969907942386804 Y33.66432077908222 F300
G1 X20.459582222222192 Y32.991126705008135 F300
G1 X20.85398777777775 Y32.88430559389703 F300
G1 X20.865848219861277 Y33.058707960222264 F300
G1 X20.8681863295248 Y33.23347056714489 F300
G1 X20.861008991378906 Y33.40826283154896 F300
G1 X20.844268749999973 Y33.58275267723036 F300
G1 X20.81796659969305 Y33.75602727676112 F300
G1 X20.78216044975915 Y33.92724753357909 F300
G1 X20.736813866907898 Y34.09609947681929 F300
G1 X20.681832222222198 Y34.26225559389703 F300
G1 X20.631198935651838 Y34.39456569738035 F300
G1 X20.57409365951402 Y34.529030225196124 F300
G1 X20.51004251028804 Y34.664150491016386 F300
G1 X20.439848401225166 Y34.796014226584774 F300
G1 X20.362927988595615 Y34.92381834115311 F300
G1 X20.278923415637834 Y35.0461644004814 F300
G1 X20.186915656385338 Y35.16223012062454 F300
G1 X20.08788472944518 Y35.26884151843525 F300
G1 X19.981356666666642 Y35.36489781611925 F300
G1 X19.896576294819543 Y35.42791027696745 F300
G1 X19.806777859197037 Y35.4830742598603 F300
G1 X19.712361423743054 Y35.53104608486974 F300
G1 X19.61367860082302 Y35.57239386550197 F300
G1 X19.478104273939532 Y35.61746726550872 F300
G1 X19.33845797380945 Y35.65250451437882 F300
G1 X19.196015843621375 Y35.67866621118099 F300
G1 X19.052120779001335 Y35.6970467745701 F300
G1 X18.91035542946453 Y35.70858291402009 F300
G1 X18.77217555555553 Y35.71457114945259 F300
G1 X18.6184582460499 Y35.714850966983136 F300
G1 X18.46458919938616 Y35.70762800967923 F300
G1 X18.310859973023266 Y35.69300587367196 F300
G1 X18.157566111111088 Y35.6710560105637 F300
G1 X18.005464187628228 Y35.64191671391341 F300
G1 X17.8553047266545 Y35.60578130280246 F300
G1 X17.707384571254416 Y35.56275761295802 F300
G1 X17.56200666666664 Y35.51292337167481 F300
G1 X17.36860761211736 Y35.43483800298038 F300
G1 X17.18153131171762 Y35.34589349712075 F300
G1 X17.00096600502781 Y35.24631814724508 F300
G1 X16.827136584362115 Y35.13626123175712 F300
G1 X16.660231222251163 Y35.01573369721266 F300
G1 X16.50157241993945 Y34.88558369743531 F300
G1 X16.351392148314403 Y34.74590645117982 F300
G1 X16.209984526748947 Y34.59672551159251 F300
G1 X16.10401132835476 Y34.47125133259612 F300
G1 X16.00445484499622 Y34.34026436973218 F300
G1 X15.911472034283268 Y34.203740323949525 F300
G1 X15.825257504221977 Y34.06162795018058 F300
G1 X15.74604777777775 Y33.913852260563694 F300
G1 X15.673024782387474 Y33.75905517512042 F300
G1 X15.607730744942106 Y33.601135436097955 F300
G1 X15.550142473198706 Y33.440317396421946 F300
G1 X15.500270501984613 Y33.2768106224148 F300
G1 X15.458160205761294 Y33.110815058917616 F300
G1 X15.41668853322265 Y32.900863315813005 F300
G1 X15.387781299821379 Y32.68920889341243 F300
G1 X15.371498242046169 Y32.47625682236851 F300
G1 X15.367984979423843 Y32.262402795543125 F300
G1 X15.374493072631676 Y32.09141489764126 F300
G1 X15.389334087851314 Y31.9212267115397 F300
G1 X15.412573410360729 Y31.752021577201035 F300
G1 X15.444316578464086 Y31.583985828332008 F300
G1 X15.484709999999975 Y31.417314482785923 F300
G1 X15.524965454321217 Y31.282182294287733 F300
G1 X15.572794221589662 Y31.147444333006064 F300
G1 X15.628157913966449 Y31.01381032382066 F300
G1 X15.691051697777757 Y30.882021336119262 F300
G1 X15.760858840264158 Y30.753966520703123 F300
G1 X15.837256910168579 Y30.63065667083745 F300
G1 X15.920138965215747 Y30.51273543597118 F300
G1 X16.009444648888866 Y30.400867442785923 F300
G1 X16.10603355135291 Y30.294854920147614 F300
G1 X16.208125082814433 Y30.19741382524577 F300
G1 X16.31571390105813 Y30.109031465016766 F300
G1 X16.428868639999973 Y30.030261122785916 F300
G1 X16.523983231024317 Y29.97432844739371 F300
G1 X16.622289625681912 Y29.925683208937166 F300
G1 X16.723962920936284 Y29.884595193526984 F300
G1 X16.82921802074696 Y29.85141952428312 F300
G1 X16.938303457777753 Y29.826610696119257 F300
G1 X17.04740691567561 Y29.81113841412195 F300
G1 X17.160362275440914 Y29.804598349066325 F300
G1 X17.277600990944293 Y29.807676105658732 F300
G1 X17.399571409793836 Y29.82123439193765 F300
G1 X17.526728888888865 Y29.846324482785924 F300
G1 X17.57452647649807 Y29.8633138134278 F300
G1 X17.610928738593927 Y29.886475928059685 F300
G1 X17.638275998239084 Y29.914235954836084 F300
G1 X17.658120972222196 Y29.94592908348037 F300
G1 X17.67412542574624 Y29.994529308896364 F300
G1 X17.67759837633247 Y30.045766405015385 F300
G1 X17.66918055555553 Y30.098225455008144 F300
G1 X17.64962488113413 Y30.147698079112526 F300
G1 X17.620165590341745 Y30.191076887829453 F300
G1 X17.580862638888863 Y30.226629951535926 F300
G1 X17.546912056865743 Y30.245510632546193 F300
G1 X17.50842559799516 Y30.25747122853926 F300
G1 X17.464527193749543 Y30.26125135834046 F300
G1 X17.414122222222197 Y30.25455892723037 F300
G1 X17.414122222222197 Y30.25455892723037 F300
G1 X17.41369888888889 Y30.25441781611925 F300;svg#Layer_2 > g#Layer_2-2 > path
G0 X19.788034444444445 Y31.46867892723036
G1 X19.82719513387738 Y31.67448358674703 F300
G1 X19.85606156665171 Y31.882240451904163 F300
G1 X19.87400638888889 Y32.091508093897026 F300
G1 X19.880342182770498 Y32.30134412170719 F300
G1 X19.874432996244302 Y32.510831986098076 F300
G1 X19.855626666666662 Y32.71962892723036 F300
G1 X19.8445033810528 Y32.78910170559167 F300
G1 X19.82806812338405 Y32.85622264418758 F300
G1 X19.805824897119344 Y32.9201739478065 F300
G1 X19.776775830888923 Y32.98089189258765 F300
G1 X19.741007870031 Y33.035888179870796 F300
G1 X19.697759917695475 Y33.084657239987564 F300
G1 X19.6474697154689 Y33.1254633822265 F300
G1 X19.587858447142267 Y33.158675500955255 F300
G1 X19.51681888888889 Y33.183037816119246 F300
G1 X19.451666828266642 Y33.19459099689418 F300
G1 X19.38598334717718 Y33.19766127269093 F300
G1 X19.3200027295435 Y33.193049501688634 F300
G1 X19.253964166666663 Y33.1813621216748 F300
G1 X19.16786446370415 Y33.15610316957442 F300
G1 X19.08602801032087 Y33.12171312179369 F300
G1 X19.009524444444445 Y33.079885593897025 F300
G1 X18.899907965598146 Y33.00563191735479 F300
G1 X18.797128972081094 Y32.92198912569811 F300
G1 X18.701194281849396 Y32.82971228701162 F300
G1 X18.61220847222222 Y32.72945378834147 F300
G1 X18.530956833388483 Y32.62260965208876 F300
G1 X18.458160900353526 Y32.51079268086761 F300
G1 X18.39391737209485 Y32.39481024894834 F300
G1 X18.338399999999996 Y32.27541114945258 F300
G1 X18.28832305979827 Y32.144146178693425 F300
G1 X18.24514539930555 Y31.998478389035917 F300
G1 X18.22347316344035 Y31.898668458429327 F300
G1 X18.208805277520167 Y31.79780505201604 F300
G1 X18.202386527777772 Y31.69697906611925 F300
G1 X18.20561696524026 Y31.596465678464924 F300
G1 X18.21974005050025 Y31.499820039532032 F300
G1 X18.245908281249996 Y31.407624118202584 F300
G1 X18.27412898064641 Y31.342148205108153 F300
G1 X18.310419075516702 Y31.280138501769166 F300
G1 X18.355773831567042 Y31.221698675471366 F300
G1 X18.411495555555554 Y31.16712448278592 F300
G1 X18.471870967202964 Y31.1222395166804 F300
G1 X18.532515330699024 Y31.08912976130127 F300
G1 X18.593513808665964 Y31.066147398953966 F300
G1 X18.655087459565227 Y31.05204909333767 F300
G1 X18.717547916666668 Y31.045958545285917 F300
G1 X18.796995932804332 Y31.048740431852558 F300
G1 X18.87734525503409 Y31.062156379660927 F300
G1 X18.958558759127115 Y31.085344221924178 F300
G1 X19.04053361111111 Y31.11759448278592 F300
G1 X19.145382205837638 Y31.1705946280105 F300
G1 X19.246898752145377 Y31.233454521880006 F300
G1 X19.34399305555555 Y31.303530420285924 F300
G1 X19.43716992896445 Y31.379637491080988 F300
G1 X19.51982479138163 Y31.454473764151786 F300
G1 X19.591466666666662 Y31.52526448278592 F300
G1 X19.622870008228524 Y31.565174027895715 F300
G1 X19.641795356556162 Y31.60467469332236 F300
G1 X19.650843961632376 Y31.643574651971296 F300
G1 X19.651579999999996 Y31.682023493202585 F300
G1 X19.640522463598778 Y31.733346749225934 F300
G1 X19.617648924036697 Y31.780193792172724 F300
G1 X19.584375833333333 Y31.82165073278592 F300
G1 X19.54296307023349 Y31.854923412612294 F300
G1 X19.49650099666832 Y31.877451149305855 F300
G1 X19.44589291666667 Y31.88790901403592 F300
G1 X19.40811785384681 Y31.886623341779483 F300
G1 X19.369962564259513 Y31.87691782626265 F300
G1 X19.331247112558273 Y31.85714604746998 F300
G1 X19.292170000000002 Y31.82456114945259 F300
G1 X19.19348360705716 Y31.730306389704857 F300
G1 X19.088453142087435 Y31.645293865984844 F300
G1 X18.975234444444446 Y31.569432260563698 F300
G1 X18.896753287922735 Y31.523240682153705 F300
G1 X18.814932222222225 Y31.483636705008145 F300
G1 X18.774962500000004 Y31.4702135105637 F300
G1 X18.737321111111118 Y31.46218781611925 F300
G1 X18.732770277777785 Y31.464516149452585 F300
G1 X18.717424444444447 Y31.466844482785923 F300
G1 X18.689796229875625 Y31.483262707230352 F300
G1 X18.67706666666667 Y31.496477816119256 F300
G1 X18.65990402777778 Y31.521930732785922 F300
G1 X18.641788888888893 Y31.55616781611926 F300
G1 X18.631232336075804 Y31.597129950795253 F300
G1 X18.626742916666668 Y31.643744899452592 F300
G1 X18.62894777777778 Y31.736084482785927 F300
G1 X18.639821783652057 Y31.826090636161425 F300
G1 X18.65956888888889 Y31.916212816119256 F300
G1 X18.686032373493052 Y32.00477129539433 F300
G1 X18.716859999999997 Y32.089991149452594 F300
G1 X18.76478613796583 Y32.19746912537057 F300
G1 X18.82425187101769 Y32.30299785523409 F300
G1 X18.894783472222223 Y32.405392121674815 F300
G1 X18.974085306939397 Y32.50116787852642 F300
G1 X19.061386963773206 Y32.58936516651293 F300
G1 X19.155997777777777 Y32.66882892723037 F300
G1 X19.209584722222218 Y32.705394343897034 F300
G1 X19.27227333333333 Y32.7416422605637 F300
G1 X19.328735416666664 Y32.762262121674816 F300
G1 X19.37895333333333 Y32.77409781611926 F300
G1 X19.42072222222222 Y32.7733922605637 F300
G1 X19.407140277777778 Y32.77575587167481 F300
G1 X19.41409 Y32.77198114945259 F300
G1 X19.422859794238686 Y32.77128082023449 F300
G1 X19.412375761316873 Y32.77682073792996 F300
G1 X19.418041111111112 Y32.77000559389703 F300
G1 X19.42419708333333 Y32.7654547605637 F300
G1 X19.41310222222222 Y32.77550892723036 F300
G1 X19.4215938120795 Y32.75756033015975 F300
G1 X19.429753333333338 Y32.725661427230364 F300
G1 X19.43878444444444 Y32.6629022605637 F300
G1 X19.4516436619031 Y32.48118173109659 F300
G1 X19.455800889285477 Y32.300089859102805 F300
G1 X19.451022778700583 Y32.11958313071029 F300
G1 X19.437033396780308 Y31.939617008703806 F300
G1 X19.413510530833953 Y31.7601494618371 F300
G1 X19.38008222222222 Y31.58114448278592 F300
G1 X19.37476832446702 Y31.524513638329832 F300
G1 X19.382369843301074 Y31.47075762036026 F300
G1 X19.402060277777775 Y31.420912816119255 F300
G1 X19.42433612424352 Y31.3877637738234 F300
G1 X19.452464409465094 Y31.359610629485612 F300
G1 X19.486762406043837 Y31.336940419879422 F300
G1 X19.527966666666668 Y31.32079448278592 F300
G1 X19.56386567544904 Y31.314514808805384 F300
G1 X19.60039843055563 Y31.31477183535427 F300
G1 X19.637014197530863 Y31.3212544004814 F300
G1 X19.672159815496148 Y31.333580524179588 F300
G1 X19.704555578850773 Y31.35120781676401 F300
G1 X19.73354987654321 Y31.37395678731267 F300
G1 X19.75784924620083 Y31.40130937933843 F300
G1 X19.776376945921456 Y31.43278055172877 F300
G1 X19.788316666666667 Y31.46867892723036 F300
G1 X19.788316666666667 Y31.46867892723036 F300
G1 X19.788034444444445 Y31.46867892723036 F300;svg#Layer_2 > g#Layer_2-2 > path
G0 X23.20179444444445 Y30.751128927230358
G1 X23.17287424299947 Y30.824230268601134 F300
G1 X23.152560330690914 Y30.900527264757496 F300
G1 X23.140569791167614 Y30.979442848717543 F300
G1 X23.13681277777778 Y31.060426843897023 F300
G1 X23.14122317652184 Y31.141389459061514 F300
G1 X23.15349489111895 Y31.221124725952883 F300
G1 X23.17342311256732 Y31.298979147387954 F300
G1 X23.200947777777778 Y31.37427559389702 F300
G1 X23.23502696300111 Y31.44501679351873 F300
G1 X23.27847069444444 Y31.515880593897023 F300
G1 X23.330244074548986 Y31.580845336474454 F300
G1 X23.38975444444444 Y31.635472260563695 F300
G1 X23.418629305555545 Y31.6543458716748 F300
G1 X23.427901507452297 Y31.654429949522388 F300
G1 X23.444223333333323 Y31.64930114945258 F300
G1 X23.47825897106834 Y31.63092109103073 F300
G1 X23.51213305555554 Y31.602170038341466 F300
G1 X23.56797777777777 Y31.539798927230358 F300
G1 X23.61784745479149 Y31.47239270212923 F300
G1 X23.659591130281104 Y31.400142897763622 F300
G1 X23.69398585748726 Y31.323668834874663 F300
G1 X23.721665416666653 Y31.24351851056369 F300
G1 X23.748713511500675 Y31.133343229063072 F300
G1 X23.765620908337866 Y31.022192078765087 F300
G1 X23.77385888888888 Y30.91199559389702 F300
G1 X23.775570680044794 Y30.78744097028092 F300
G1 X23.769598699626037 Y30.662649262221688 F300
G1 X23.754103333333326 Y30.53974448278591 F300
G1 X23.738887146972697 Y30.46250413137476 F300
G1 X23.715650555555545 Y30.380377121674794 F300
G1 X23.693977491495787 Y30.328042157627138 F300
G1 X23.66744462997051 Y30.28333181126764 F300
G1 X23.635287777777762 Y30.247785593897024 F300
G1 X23.606483472222205 Y30.229405871674803 F300
G1 X23.576726666666648 Y30.213354482785913 F300
G1 X23.548098749999983 Y30.206457677230354 F300
G1 X23.528889999999986 Y30.20474670500813 F300
G1 X23.51086305555554 Y30.20661642723035 F300
G1 X23.486274444444422 Y30.212931149452576 F300
G1 X23.492727796573597 Y30.210783022062238 F300
G1 X23.487685555555533 Y30.218152260563684 F300
G1 X23.469623333333313 Y30.239460038341466 F300
G1 X23.435495162211428 Y30.306254530320697 F300
G1 X23.412856582591857 Y30.380621622832816 F300
G1 X23.40002027777776 Y30.46081045500813 F300
G1 X23.395924397462885 Y30.582686210766163 F300
G1 X23.403865555555534 Y30.69496670500813 F300
G1 X23.403383154783548 Y30.732430777579854 F300
G1 X23.394420091664088 Y30.767506959566013 F300
G1 X23.37802654320986 Y30.80039238402048 F300
G1 X23.355520918114273 Y30.829994775804362 F300
G1 X23.32813751361686 Y30.85567442546468 F300
G1 X23.29668382716047 Y30.877031396366153 F300
G1 X23.262317488804854 Y30.893219239589 F300
G1 X23.227244655202835 Y30.903188000227708 F300
G1 X23.192198888888868 Y30.906633371674797 F300
G1 X23.146042582988628 Y30.90186544241938 F300
G1 X23.106701856274277 Y30.88895878859287 F300
G1 X23.07303261721273 Y30.869325029618942 F300
G1 X23.044243888888868 Y30.8436096216748 F300
G1 X23.01357973174116 Y30.801134892908223 F300
G1 X22.992249909494355 Y30.751285800885697 F300
G1 X22.9805322222222 Y30.69496670500813 F300
G1 X22.97393172775098 Y30.591884335790706 F300
G1 X22.97674350745581 Y30.483071686435316 F300
G1 X22.989803663194426 Y30.370885194591462 F300
G1 X23.013412857674126 Y30.260720511501088 F300
G1 X23.0475386921412 Y30.156246614468866 F300
G1 X23.09248624999998 Y30.059596288341467 F300
G1 X23.134745399355857 Y29.99198257816423 F300
G1 X23.1830158359988 Y29.93253952492606 F300
G1 X23.237654323864767 Y29.881677408706054 F300
G1 X23.299282378472203 Y29.840038423758134 F300
G1 X23.351788910806043 Y29.814983271617468 F300
G1 X23.409220984633038 Y29.79662401825336 F300
G1 X23.47248900760998 Y29.785691237346132 F300
G1 X23.54265176549484 Y29.783330960617203 F300
G1 X23.620894444444424 Y29.791150038341467 F300
G1 X23.700463114183297 Y29.8095481019131 F300
G1 X23.77069233207394 Y29.836033625554332 F300
G1 X23.832988342181157 Y29.869532889784256 F300
G1 X23.888529305555537 Y29.909350437647024 F300
G1 X23.939370904403123 Y29.95625155700315 F300
G1 X23.984460069963834 Y30.008647386252903 F300
G1 X24.024336945264896 Y30.066142320694055 F300
G1 X24.059432499999982 Y30.128423232785913 F300
G1 X24.09829222518877 Y30.2156806321893 F300
G1 X24.129665159083864 Y30.307904799378143 F300
G1 X24.154294444444425 Y30.403825819591468 F300
G1 X24.179810928694046 Y30.54974454004551 F300
G1 X24.19380555555554 Y30.691015593897024 F300
G1 X24.19868395447303 Y30.813246799748693 F300
G1 X24.19666563532709 Y30.93736595992728 F300
G1 X24.187016543209864 Y31.06247230171596 F300
G1 X24.169133756366293 Y31.186521229883073 F300
G1 X24.142448314492118 Y31.30834871273761 F300
G1 X24.106285308641958 Y31.427187034226243 F300
G1 X24.059917558920667 Y31.54212038241822 F300
G1 X24.002898923897842 Y31.65158319199931 F300
G1 X23.934302222222204 Y31.754993371674797 F300
G1 X23.86879300003044 Y31.836138070750412 F300
G1 X23.795187572016445 Y31.912076170028715 F300
G1 X23.74159936066362 Y31.957694919379072 F300
G1 X23.68482129455535 Y31.997561970870045 F300
G1 X23.624589465020552 Y32.030745388135706 F300
G1 X23.56106933107068 Y32.05603286097907 F300
G1 X23.493742096017108 Y32.07244590626942 F300
G1 X23.421786666666648 Y32.07870226056368 F300
G1 X23.35145530190766 Y32.072994857565675 F300
G1 X23.28558733563784 Y32.055964941640376 F300
G1 X23.22330082304525 Y32.029119997189206 F300
G1 X23.164635002811746 Y31.99396505762542 F300
G1 X23.10950139490995 Y31.95190150923715 F300
G1 X23.057709547325082 Y31.90415304245669 F300
G1 X22.987091486469534 Y31.825727034746066 F300
G1 X22.925922222222205 Y31.744974482785903 F300
G1 X22.868176125374593 Y31.653885754959358 F300
G1 X22.820242654929494 Y31.559252508873488 F300
G1 X22.781689663597508 Y31.46144178060059 F300
G1 X22.752240576131673 Y31.3607446062427 F300
G1 X22.731804374957743 Y31.2576121684108 F300
G1 X22.720433761672304 Y31.153435782999303 F300
G1 X22.717960872783763 Y31.048556164045923 F300
G1 X22.724342386831253 Y30.94330658155134 F300
G1 X22.739474064629057 Y30.839008129496264 F300
G1 X22.763203222316243 Y30.73638922596577 F300
G1 X22.795502283005433 Y30.635800721589128 F300
G1 X22.836457777777756 Y30.53762781611924 F300
G1 X22.85626387970068 Y30.5057675240037 F300
G1 X22.881889835013126 Y30.480074818704736 F300
G1 X22.912563703703686 Y30.459933083608956 F300
G1 X22.946757086686173 Y30.445609701507003 F300
G1 X22.98309320899423 Y30.437115259902672 F300
G1 X23.020748888888868 Y30.434418104185085 F300
G1 X23.058313627425765 Y30.437688473885007 F300
G1 X23.093646384055702 Y30.44678894028541 F300
G1 X23.12601777777775 Y30.46171003834146 F300
G1 X23.16286120675432 Y30.488733765848483 F300
G1 X23.190291814191394 Y30.51965280762732 F300
G1 X23.209745620800394 Y30.553763410579514 F300
G1 X23.222026249999974 Y30.59082670500813 F300
G1 X23.227478751802835 Y30.643315021179095 F300
G1 X23.22080657145762 Y30.69713211440951 F300
G1 X23.201935555555533 Y30.751270038341463 F300
G1 X23.201935555555533 Y30.751270038341463 F300
G1 X23.20179444444445 Y30.751128927230358 F300;svg#Layer_2 > g#Layer_2-2 > path
G0 X10.681711111111111 Y33.229463371674804
G1 X10.978833238172518 Y32.87015766453273 F300
G1 X11.2849080269908 Y32.519266582010104 F300
G1 X11.599789300610555 Y32.176833999828204 F300
G1 X11.92334371076536 Y31.84291368336847 F300
G1 X12.255449870625835 Y31.51757003636545 F300
G1 X12.595997472083216 Y31.200878836273798 F300
G1 X12.944886388888888 Y30.89292795500813 F300
G1 X13.301645868251956 Y30.594127947483408 F300
G1 X13.665794226799564 Y30.304853489894423 F300
G1 X14.037211359943301 Y30.025172729029176 F300
G1 X14.415787443216278 Y29.755165501412264 F300
G1 X14.801422046444316 Y29.49492403580595 F300
G1 X15.194023236009636 Y29.244553640116123 F300
G1 X15.593506666666666 Y29.0041733716748 F300
G1 X15.63986258178833 Y28.983237610316937 F300
G1 X15.682622765850182 Y28.974443379706084 F300
G1 X15.722280353714865 Y28.975151488782263 F300
G1 X15.759404826388892 Y28.98384896195258 F300
G1 X15.805974170817265 Y29.007198711009067 F300
G1 X15.845336537355486 Y29.04101009513285 F300
G1 X15.876963611111112 Y29.08372476056369 F300
G1 X15.898623692282133 Y29.132262173094006 F300
G1 X15.908734926007774 Y29.183162254493276 F300
G1 X15.906204479166668 Y29.235194309174805 F300
G1 X15.89555505864086 Y29.27180774452257 F300
G1 X15.876712614285426 Y29.306690423460637 F300
G1 X15.848087527529138 Y29.33959394350376 F300
G1 X15.80714888888889 Y29.369651149452583 F300
G1 X15.413776726659382 Y29.606434785853214 F300
G1 X15.027512039073825 Y29.85299543538051 F300
G1 X14.648388421768509 Y30.109216942918984 F300
G1 X14.276447287801169 Y30.374997038030013 F300
G1 X13.911738636545094 Y30.650246682494636 F300
G1 X13.554321812130306 Y30.93488940070354 F300
G1 X13.20426625 Y31.228860593897025 F300
G1 X12.861960412938597 Y31.531826833908966 F300
G1 X12.527770551155356 Y31.84343761804513 F300
G1 X12.201756063835653 Y32.163613259024 F300
G1 X11.883986432898272 Y32.49228561043615 F300
G1 X11.574541943770143 Y32.829397378946624 F300
G1 X11.27351439245559 Y33.174901422865304 F300
G1 X10.981007777777778 Y33.528760038341474 F300
G1 X10.945124002502856 Y33.5646914701051 F300
G1 X10.909298725175185 Y33.58680089194226 F300
G1 X10.873789158732206 Y33.59830740709362 F300
G1 X10.83833782986111 Y33.60111696542481 F300
G1 X10.790242000453786 Y33.592379405124575 F300
G1 X10.745094664150015 Y33.5708811972315 F300
G1 X10.703777361111113 Y33.537597121674814 F300
G1 X10.670378772018132 Y33.49606229553097 F300
G1 X10.64623372967294 Y33.44816102800537 F300
G1 X10.633007934027779 Y33.394834569591474 F300
G1 X10.631740032324242 Y33.354446491651565 F300
G1 X10.638408287617958 Y33.313414961045595 F300
G1 X10.654339014802154 Y33.271691004887515 F300
G1 X10.681711111111111 Y33.229463371674804 F300
G1 X10.681711111111111 Y33.229463371674804 F300
G1 X10.681711111111111 Y33.229463371674804 F300;svg#Layer_2 > g#Layer_2-2 > path
G0 X9.09675111111111 Y30.36914114945258
G1 X9.305586479597672 Y30.230950331031693 F300
G1 X9.518964320203008 Y30.102269040027295 F300
G1 X9.736435445036658 Y29.98191421621062 F300
G1 X9.957565473251028 Y29.8687297914279 F300
G1 X10.25729888178773 Y29.72704021888613 F300
G1 X10.561354354960582 Y29.593605000157588 F300
G1 X10.868458600823045 Y29.465873248218017 F300
G1 X11.792678888888888 Y29.092367816119246 F300
G1 X12.0693373819125 Y28.973224130242862 F300
G1 X12.341710074763931 Y28.84714515201102 F300
G1 X12.61006623360323 Y28.713616063546322 F300
G1 X12.874668723261419 Y28.572110756872547 F300
G1 X13.135774444444444 Y28.422090038341473 F300
G1 X13.349505931598378 Y28.297306470281345 F300
G1 X13.564198230452675 Y28.18060711653078 F300
G1 X13.709915045087365 Y28.108919202301966 F300
G1 X13.857810030733015 Y28.04396497674405 F300
G1 X14.00867732510288 Y27.9869451823744 F300
G1 X14.162525567568844 Y27.939308836826513 F300
G1 X14.321418841076106 Y27.9019040985353 F300
G1 X14.48649 Y27.87613114945258 F300
G1 X14.53717811574784 Y27.875737188405793 F300
G1 X14.57804230788739 Y27.885151949250588 F300
G1 X14.611193797917117 Y27.901888952177327 F300
G1 X14.638175625000002 Y27.924774795285913 F300
G1 X14.665929898078474 Y27.964739318512173 F300
G1 X14.682629171967081 Y28.011750083971155 F300
G1 X14.688314166666668 Y28.064514482785913 F300
G1 X14.682587003893879 Y28.1175294210502 F300
G1 X14.665836335899833 Y28.16860902858657 F300
G1 X14.637540625000002 Y28.21589583695258 F300
G1 X14.609920669946494 Y28.245569233850183 F300
G1 X14.576248160652952 Y28.270112257854123 F300
G1 X14.535567086149406 Y28.288628648546087 F300
G1 X14.48649 Y28.299464482785915 F300
G1 X14.368312489826236 Y28.317949780802483 F300
G1 X14.253071606557853 Y28.34511546142398 F300
G1 X14.140289520898357 Y28.37997546833306 F300
G1 X14.029509506172841 Y28.421619667971108 F300
G1 X13.884940286372323 Y28.48584892477466 F300
G1 X13.74313375353329 Y28.558046215319976 F300
G1 X13.60347938271605 Y28.635967445748875 F300
G1 X13.19532333333333 Y28.87900781611925 F300
G1 X12.986862631505216 Y28.996357880633536 F300
G1 X12.775276776776604 Y29.106960402764937 F300
G1 X12.560923055555554 Y29.211765455008138 F300
G1 X12.235037949131982 Y29.360127319585168 F300
G1 X11.905144444444444 Y29.500602260563692 F300
G1 X11.015052139917696 Y29.861397239987568 F300
G1 X10.719707601359664 Y29.985014709499502 F300
G1 X10.427345734311661 Y30.114175528284 F300
G1 X10.139102304526748 Y30.251292466325012 F300
G1 X9.926454115339958 Y30.360725743670347 F300
G1 X9.717169626858464 Y30.477045617557316 F300
G1 X9.511635417437601 Y30.60134921230894 F300
G1 X9.310252222222221 Y30.73476003834147 F300
G1 X9.265621097001992 Y30.75919822829505 F300
G1 X9.22459165235417 Y30.77060255369362 F300
G1 X9.186609315544116 Y30.772002947093334 F300
G1 X9.150981875 Y30.76510554181369 F300
G1 X9.10600380870941 Y30.743744299771855 F300
G1 X9.067448472571462 Y30.711076041725292 F300
G1 X9.035896944444445 Y30.668384899452576 F300
G1 X9.014174884990013 Y30.619750045886164 F300
G1 X9.003300895872375 Y30.567679309532046 F300
G1 X9.004579097222221 Y30.513482382091468 F300
G1 X9.014096036302803 Y30.474812689438387 F300
G1 X9.031557931642235 Y30.43762375478105 F300
G1 X9.058335530109733 Y30.40219165271607 F300
G1 X9.096609999999998 Y30.369282260563693 F300
G1 X9.096609999999998 Y30.369282260563693 F300
G1 X9.09675111111111 Y30.36914114945258 F300;svg#Layer_2 > g#Layer_2-2 > path
G0 X8.419417777777777 Y27.165213371674806
G1 X11.378799999999998 Y26.666950038341476 F300
G1 X12.82406 Y26.4235333716748 F300
G1 X13.297033086419756 Y26.33542254862954 F300
G1 X13.457139054651066 Y26.30792633990046 F300
G1 X13.617366909410453 Y26.285331230987957 F300
G1 X13.77743802469136 Y26.26992086138674 F300
G1 X13.897739066985174 Y26.26444085333791 F300
G1 X14.01738437862354 Y26.26530314394067 F300
G1 X14.136429206325069 Y26.273457396733253 F300
G1 X14.254926666666668 Y26.289901149452582 F300
G1 X14.30360319592726 Y26.304004681034293 F300
G1 X14.340401196065372 Y26.32477674732504 F300
G1 X14.367913214319374 Y26.350455919176568 F300
G1 X14.3878665625 Y26.380337937647024 F300
G1 X14.404025488845077 Y26.426958036593216 F300
G1 X14.40764571752121 Y26.47711664237617 F300
G1 X14.399177499999999 Y26.529525455008137 F300
G1 X14.379606392743831 Y26.57909353073716 F300
G1 X14.349951842122046 Y26.623532118014893 F300
G1 X14.310211354166666 Y26.660959430702583 F300
G1 X14.275808263427262 Y26.681602454603567 F300
G1 X14.236888337772001 Y26.69559961289768 F300
G1 X14.192711380509117 Y26.701794110083174 F300
G1 X14.142319999999998 Y26.698135593897025 F300
G1 X14.03283865065215 Y26.68521603065338 F300
G1 X13.923349895008704 Y26.68350103989907 F300
G1 X13.813672222222223 Y26.690497955008137 F300
G1 X13.649594355936426 Y26.71194654417662 F300
G1 X13.487141111111109 Y26.73905781611925 F300
G1 X12.764511111111108 Y26.86069559389703 F300
G1 X11.35368222222222 Y27.09832670500814 F300
G1 X8.532024444444444 Y27.57344781611925 F300
G1 X8.481790524149192 Y27.576672458433755 F300
G1 X8.43767173585009 Y27.5701394469311 F300
G1 X8.398742349101784 Y27.55585705286029 F300
G1 X8.364291840277778 Y27.534961965424802 F300
G1 X8.324500371977857 Y27.497285765747822 F300
G1 X8.29479118130107 Y27.45271271311238 F300
G1 X8.275166944444445 Y27.40314434389703 F300
G1 X8.266626641829411 Y27.350751264687023 F300
G1 X8.270201761441072 Y27.300754877408224 F300
G1 X8.286319131944445 Y27.25441984736925 F300
G1 X8.306244540767846 Y27.224794963052837 F300
G1 X8.333748054172846 Y27.199398706607695 F300
G1 X8.370591707171942 Y27.17894116623747 F300
G1 X8.419417777777777 Y27.16521337167481 F300
G1 X8.419417777777777 Y27.16521337167481 F300
G1 X8.419417777777777 Y27.165213371674806 F300;svg#Layer_2 > g#Layer_2-2 > path
G0 X15.359403333333335 Y33.38256892723036
G1 X15.131879996321185 Y33.386945993141396 F300
G1 X14.90382795686428 Y33.385654817802774 F300
G1 X14.67586111111111 Y33.3763071216748 F300
G1 X14.505483643780591 Y33.36257699796178 F300
G1 X14.336095839418338 Y33.34199346100502 F300
G1 X14.167820537614972 Y33.31354111965216 F300
G1 X14.000785555555554 Y33.27617114945258 F300
G1 X13.845314053313844 Y33.23124190810401 F300
G1 X13.69502012196852 Y33.17705132934224 F300
G1 X13.549394687968489 Y33.11419551927722 F300
G1 X13.407960138888887 Y33.04319670500813 F300
G1 X13.270389629015737 Y32.96458791428177 F300
G1 X13.136430784141027 Y32.878915345084266 F300
G1 X13.005769653136582 Y32.786664472194694 F300
G1 X12.878105555555553 Y32.68830226056369 F300
G1 X12.719534886843455 Y32.55523624053784 F300
G1 X12.566198215205054 Y32.41619081207027 F300
G1 X12.416883888888888 Y32.272500732785915 F300
G1 X12.198124895896974 Y32.05148017712823 F300
G1 X11.982332222222222 Y31.828230038341466 F300
G1 X11.765602629317556 Y31.602564114140083 F300
G1 X11.551625833333333 Y31.374293232785913 F300
G1 X11.341940120500698 Y31.142138497319422 F300
G1 X11.138064444444444 Y30.90479892723036 F300
G1 X10.967125624298289 Y30.693817125797448 F300
G1 X10.802644121789564 Y30.47747094755062 F300
G1 X10.645915925925928 Y30.255416046571927 F300
G1 X10.534254065253815 Y30.084923152620814 F300
G1 X10.428467539278106 Y29.91122259369934 F300
G1 X10.329060932568598 Y29.734120452576295 F300
G1 X10.236552592592595 Y29.553414400481387 F300
G1 X10.151622640688153 Y29.36922491420026 F300
G1 X10.074739187498537 Y29.181237018403717 F300
G1 X10.006421011399677 Y28.9891501090634 F300
G1 X9.94722777777778 Y28.792647816119246 F300
G1 X9.89231335518257 Y28.567318901945825 F300
G1 X9.850084514773132 Y28.34025234428261 F300
G1 X9.820087644104023 Y28.11167775667561 F300
G1 X9.801935704532493 Y27.881811418342462 F300
G1 X9.79530402777778 Y27.65086489945258 F300
G1 X9.799896375424746 Y27.419725960372755 F300
G1 X9.815345956254301 Y27.18927072924193 F300
G1 X9.841300347988376 Y26.959792512441474 F300
G1 X9.8774492583197 Y26.731586237614987 F300
G1 X9.92352111111111 Y26.504954482785912 F300
G1 X9.989036444885883 Y26.24424369346146 F300
G1 X10.066220814082113 Y25.98965121717269 F300
G1 X10.154620452022089 Y25.74096500915345 F300
G1 X10.253836545436219 Y25.497989423972424 F300
G1 X10.363520932617734 Y25.26054743334829 F300
G1 X10.483371604938272 Y25.028482795543116 F300
G1 X10.613380157333385 Y24.801242246752803 F300
G1 X10.752619891742565 Y24.57989554683504 F300
G1 X10.900766891749807 Y24.364359507934033 F300
G1 X11.057525250637164 Y24.154567813204874 F300
G1 X11.222623627081536 Y23.950472260057992 F300
G1 X11.395811728395062 Y23.752043947806488 F300
G1 X11.612745251502393 Y23.52266031858015 F300
G1 X11.839385181948632 Y23.302398836374472 F300
G1 X12.075195719006102 Y23.09124670466813 F300
G1 X12.31966877175854 Y22.889220025043528 F300
G1 X12.572317777777778 Y22.69636559389702 F300
G1 X12.825915720614697 Y22.51709393169833 F300
G1 X13.085182822544326 Y22.346658904046784 F300
G1 X13.349731810611749 Y22.18457525282129 F300
G1 X13.619185833333335 Y22.030374066119247 F300
G1 X13.892928647711503 Y21.88372913485116 F300
G1 X14.170337340817992 Y21.744301508438767 F300
G1 X14.450978397552749 Y21.611652206838453 F300
G1 X14.734422222222221 Y21.485350038341466 F300
G1 X15.121589664672419 Y21.323242466694506 F300
G1 X15.512387490907601 Y21.170274945219667 F300
G1 X15.906632222222223 Y21.026033371674803 F300
G1 X16.18107569444445 Y20.926808007091473 F300
G1 X16.326486903421173 Y20.879984821186948 F300
G1 X16.474463333333336 Y20.84257128834147 F300
G1 X16.574301598818195 Y20.825534081971675 F300
G1 X16.672802414043414 Y20.81703883646404 F300
G1 X16.76975597222222 Y20.8185272779248 F300
G1 X16.84152840994491 Y20.82715878546268 F300
G1 X16.912056077191348 Y20.842996067612177 F300
G1 X16.9814863740965 Y20.86688532324842 F300
G1 X17.049914444444447 Y20.89988003834147 F300
G1 X17.117315409578467 Y20.943681530837694 F300
G1 X17.17611525374741 Y20.993765209227618 F300
G1 X17.227618268156597 Y21.049437283640607 F300
G1 X17.27292291666667 Y21.110206149452576 F300
G1 X17.32490961724593 Y21.19786250346089 F300
G1 X17.36872672985845 Y21.291366006193694 F300
G1 X17.406078888888892 Y21.38911226056369 F300
G1 X17.46546205417645 Y21.568980447684652 F300
G1 X17.520378888888892 Y21.750885871674797 F300
G1 X17.62578888888889 Y22.115411149452573 F300
G1 X17.85125048617195 Y22.895813175574443 F300
G1 X18.06803111111111 Y23.678640038341463 F300
G1 X18.28035930272122 Y24.480607519142605 F300
G1 X18.483510037601313 Y25.284904767862585 F300
G1 X18.67764157371315 Y26.09146118562558 F300
G1 X18.862910000000003 Y26.900206705008134 F300
G1 X18.868771117486265 Y26.950542454079415 F300
G1 X18.864341493243913 Y26.99449253276474 F300
G1 X18.85183623497908 Y27.0331035318922 F300
G1 X18.83248071180556 Y27.067205090424803 F300
G1 X18.796431273531603 Y27.106667769325 F300
G1 X18.752777468449274 Y27.136232214118937 F300
G1 X18.70329569444445 Y27.1558471216748 F300
G1 X18.650860694970657 Y27.164330547489374 F300
G1 X18.599922716847065 Y27.16085433347427 F300
G1 X18.551859218750003 Y27.144820611258133 F300
G1 X18.52066302656754 Y27.12494336126634 F300
G1 X18.49345878538872 Y27.097525730007447 F300
G1 X18.47092114383595 Y27.060956757533084 F300
G1 X18.45467555555556 Y27.0128133716748 F300
G1 X18.25353504484435 Y26.13670494329282 F300
G1 X18.041891327710463 Y25.263253585703783 F300
G1 X17.819689623937453 Y24.39252514435422 F300
G1 X17.58687213331893 Y23.524586148748895 F300
G1 X17.34337800927662 Y22.659503924475793 F300
G1 X17.089143333333336 Y21.79734670500813 F300
G1 X17.044918065843625 Y21.629701478670686 F300
G1 X17.019399802712254 Y21.54035637941142 F300
G1 X16.988024156378604 Y21.454404894308542 F300
G1 X16.961834124220438 Y21.40008996371408 F300
G1 X16.93137839077707 Y21.351823906390564 F300
G1 X16.895821111111115 Y21.310372260563685 F300
G1 X16.85807181013112 Y21.280118345115486 F300
G1 X16.817394073039 Y21.259195227711256 F300
G1 X16.77390512619072 Y21.246044147374185 F300
G1 X16.727517366255153 Y21.239607651510195 F300
G1 X16.664042257988136 Y21.24005003210544 F300
G1 X16.59854587707428 Y21.24866643197826 F300
G1 X16.532183004115232 Y21.263450202950516 F300
G1 X16.351273333333335 Y21.31996781611924 F300
G1 X15.99962798533177 Y21.43983142205418 F300
G1 X15.650728155874841 Y21.56789346768473 F300
G1 X15.304652222222224 Y21.702802260563686 F300
G1 X14.952579709733145 Y21.84893603805068 F300
G1 X14.604362305239077 Y22.004541004528473 F300
G1 X14.260659305555558 Y22.170268093897015 F300
G1 X14.00638927278897 Y22.30153058116459 F300
G1 X13.755599451361006 Y22.438982533280218 F300
G1 X13.508537434538027 Y22.582912861792643 F300
G1 X13.265455555555556 Y22.733618927230353 F300
G1 X13.01893802756429 Y22.897371543098355 F300
G1 X12.778618861944086 Y23.069379373991417 F300
G1 X12.544985082015131 Y23.249697416808086 F300
G1 X12.318537238063932 Y23.43840312648412 F300
G1 X12.099794156378604 Y23.635595923115126 F300
G1 X11.923556749663202 Y23.806721323628153 F300
G1 X11.753928568531625 Y23.983339873580057 F300
G1 X11.5911530727041 Y24.165526402248926 F300
G1 X11.435488394417781 Y24.35337177314708 F300
G1 X11.287210237842308 Y24.546982459906303 F300
G1 X11.14661473251029 Y24.74648007949373 F300
G1 X11.01456129016648 Y24.951124302403183 F300
G1 X10.891069363516028 Y25.16137838605301 F300
G1 X10.776408381707448 Y25.377430948149097 F300
G1 X10.670883917042609 Y25.5994914008808 F300
G1 X10.574841636924468 Y25.82778888468753 F300
G1 X10.488671111111113 Y26.062571149452577 F300
G1 X10.424142950845749 Y26.264788880324637 F300
G1 X10.367669945168602 Y26.469220683496296 F300
G1 X10.319568051511803 Y26.675670844125907 F300
G1 X10.280179447991467 Y26.88395201806438 F300
G1 X10.249875833333334 Y27.09388170500813 F300
G1 X10.229095256435109 Y27.304831282057044 F300
G1 X10.218225810464986 Y27.516171154070744 F300
G1 X10.217613047982649 Y27.727791304606335 F300
G1 X10.227650117145352 Y27.939584113760255 F300
G1 X10.248782222222225 Y28.151438927230352 F300
G1 X10.284225350025839 Y28.37413331985938 F300
G1 X10.332847104206092 Y28.591899394035575 F300
G1 X10.39383929131584 Y28.805080279471603 F300
G1 X10.466484308135056 Y29.013996801014155 F300
G1 X10.550142638888891 Y29.21894448278591 F300
G1 X10.64401935485739 Y29.41974691911631 F300
G1 X10.747290731336763 Y29.616236139763586 F300
G1 X10.859284562816846 Y29.80854129916061 F300
G1 X10.979355647997789 Y29.99677652225462 F300
G1 X11.10687888888889 Y30.181040038341468 F300
G1 X11.30086658847998 Y30.440597187783222 F300
G1 X11.505219304043612 Y30.69527896119568 F300
G1 X11.718678123035193 Y30.945216632304177 F300
G1 X11.93998125 Y31.190531288341468 F300
G1 X12.243816521474262 Y31.50935341591133 F300
G1 X12.553769929217378 Y31.8180679596935 F300
G1 X12.866534444444445 Y32.1169433716748 F300
G1 X13.029079979343859 Y32.2639905103445 F300
G1 X13.198253482117698 Y32.40349157744426 F300
G1 X13.375169444444447 Y32.53249795500814 F300
G1 X13.513376629592084 Y32.62040481590545 F300
G1 X13.656565069514839 Y32.69918262798478 F300
G1 X13.805462201935907 Y32.76771058744858 F300
G1 X13.960851111111113 Y32.824756705008134 F300
G1 X14.131704719474152 Y32.872690892257296 F300
G1 X14.304176564206806 Y32.90871837788895 F300
G1 X14.478152099533087 Y32.9344148762514 F300
G1 X14.65353027777778 Y32.95128045500813 F300
G1 X14.88867246793739 Y32.962513283789 F300
G1 X15.124281004927534 Y32.96405503613779 F300
G1 X15.359544444444445 Y32.959376705008125 F300
G1 X15.410188042816042 Y32.96327912131427 F300
G1 X15.451474473078294 Y32.976115886526244 F300
G1 X15.485238427700521 Y32.99575870876091 F300
G1 X15.512797725694446 Y33.02115691334146 F300
G1 X15.541137118153467 Y33.06388828422462 F300
G1 X15.558070008827743 Y33.11242436963778 F300
G1 X15.563855694444449 Y33.16522253834146 F300
G1 X15.558110892916874 Y33.21808778159459 F300
G1 X15.541207198562887 Y33.2676390381798 F300
G1 X15.512758038194447 Y33.31219858000813 F300
G1 X15.485051142628624 Y33.339284372198215 F300
G1 X15.451148613616635 Y33.3608785993501 F300
G1 X15.409868725773588 Y33.375996678682185 F300
G1 X15.359544444444445 Y33.382710038341465 F300
G1 X15.359544444444445 Y33.382710038341465 F300
G1 X15.359403333333335 Y33.38256892723036 F300;svg#Layer_2 > g#Layer_2-2 > path
G0 X16.836272222222224 Y20.823962260563693
G1 X16.934271781112525 Y20.751102684341298 F300
G1 X17.035539446815726 Y20.68805564210039 F300
G1 X17.139866112743512 Y20.63361061435351 F300
G1 X17.247098930041155 Y20.586670861386743 F300
G1 X17.394651455904857 Y20.53395561495225 F300
G1 X17.546236987733163 Y20.490821676530075 F300
G1 X17.701136995884774 Y20.455181437518426 F300
G1 X17.936033854538294 Y20.4115742545466 F300
G1 X18.171606666666666 Y20.373394482785912 F300
G1 X18.572147563876847 Y20.31363750293108 F300
G1 X18.973924252220634 Y20.263487118954785 F300
G1 X19.376814329402855 Y20.223202560603134 F300
G1 X19.780696666666664 Y20.19305448278591 F300
G1 X20.13543697727639 Y20.174464843366774 F300
G1 X20.49103540997667 Y20.16331230941628 F300
G1 X20.847120370370373 Y20.160797528053404 F300
G1 X21.20303688978922 Y20.168123329951715 F300
G1 X21.55813302410372 Y20.186470962138497 F300
G1 X21.91213296296296 Y20.2170329189999 F300
G1 X22.176645237366472 Y20.24868757037771 F300
G1 X22.440054456328184 Y20.288379775241197 F300
G1 X22.702299631113895 Y20.336634935355413 F300
G1 X22.96331666666666 Y20.39399670500813 F300
G1 X23.477513250528155 Y20.521576212368974 F300
G1 X23.99130176497156 Y20.658504369341546 F300
G1 X24.504073611111107 Y20.804065593897022 F300
G1 X25.01461438508773 Y20.95735896292168 F300
G1 X25.521703442544677 Y21.117446161895323 F300
G1 X26.024722222222213 Y21.283561149452577 F300
G1 X26.306383011098664 Y21.381309045340238 F300
G1 X26.587077107458157 Y21.48553012489096 F300
G1 X26.865430864197528 Y21.597773783197436 F300
G1 X27.07156213460434 Y21.68804450967353 F300
G1 X27.27452944379781 Y21.784126604263136 F300
G1 X27.473836084224565 Y21.886686461002654 F300
G1 X27.668980246913573 Y21.99640221941143 F300
G1 X27.859321478383706 Y22.11388275629458 F300
G1 X28.044254650890437 Y22.239753521988085 F300
G1 X28.22337224581939 Y22.374796042248057 F300
G1 X28.396235555555545 Y22.519835593897024 F300
G1 X28.54295521716986 Y22.658179559062873 F300
G1 X28.67862178791658 Y22.802413202846147 F300
G1 X28.804217709780183 Y22.952187373411736 F300
G1 X28.92065295138888 Y23.10720838903591 F300
G1 X29.02945988274438 Y23.26830018266722 F300
G1 X29.13054013018221 Y23.43406138800629 F300
G1 X29.22460159618571 Y23.604161117817558 F300
G1 X29.312328888888878 Y23.7782821216748 F300
G1 X29.420089631626507 Y24.014992461828605 F300
G1 X29.519107591007646 Y24.256792943801457 F300
G1 X29.610871493055548 Y24.502722312647023 F300
G1 X29.7376517523926 Y24.875648882856 F300
G1 X29.85588888888888 Y25.25019448278591 F300
G1 X29.865709276077183 Y25.300125047139172 F300
G1 X29.8643903117895 Y25.343358015056747 F300
G1 X29.854491350933547 Y25.381112738898207 F300
G1 X29.837385694444432 Y25.414394899452578 F300
G1 X29.803769035093666 Y25.453023344326603 F300
G1 X29.761489965864644 Y25.482196945509724 F300
G1 X29.712096666666653 Y25.501760316119245 F300
G1 X29.6595746132994 Y25.51022736345652 F300
G1 X29.60724903357149 Y25.507077277110938 F300
G1 X29.556645138888875 Y25.491494482785914 F300
G1 X29.523085331515787 Y25.471992665767775 F300
G1 X29.493182087306018 Y25.445083563739935 F300
G1 X29.46756916332436 Y25.409384799425297 F300
G1 X29.447654444444428 Y25.36280114945258 F300
G1 X29.31457018294545 Y24.939346445692372 F300
G1 X29.169263127572005 Y24.516254688547235 F300
G1 X29.089053430294772 Y24.30740945528455 F300
G1 X29.00241787593209 Y24.102172284566606 F300
G1 X28.908122728444752 Y23.901314791628565 F300
G1 X28.80491946502056 Y23.705613165913487 F300
G1 X28.71519923010051 Y23.55347063297245 F300
G1 X28.618398628449352 Y23.40565352617063 F300
G1 X28.513760299495807 Y23.262444773663276 F300
G1 X28.40048059614763 Y23.12415831876713 F300
G1 X28.277702222222207 Y22.99114670500813 F300
G1 X28.1266465712534 Y22.846382353796393 F300
G1 X27.96831774884232 Y22.711570012665774 F300
G1 X27.80324267686599 Y22.58589498128177 F300
G1 X27.631904609053485 Y22.468596581551346 F300
G1 X27.455182625854704 Y22.359213072663582 F300
G1 X27.2737357973149 Y22.257125093608195 F300
G1 X27.088155489330774 Y22.161693196489598 F300
G1 X26.899025761316857 Y22.072293865501962 F300
G1 X26.642868131165116 Y21.96164156525947 F300
G1 X26.384385783841903 Y21.85975372731597 F300
G1 X26.125193333333318 Y21.765173371674802 F300
G1 X25.661813721500284 Y21.60747004727932 F300
G1 X25.195044601812004 Y21.458810332990513 F300
G1 X24.725600416666644 Y21.317480732785913 F300
G1 X24.018473722060882 Y21.11562114544258 F300
G1 X23.31044999999998 Y20.92090559389702 F300
G1 X22.94420004670886 Y20.825965910846932 F300
G1 X22.57623124999998 Y20.74331726056369 F300
G1 X22.329326202631073 Y20.696917148455448 F300
G1 X22.080610279680997 Y20.658785797905317 F300
G1 X21.82962999999998 Y20.630075593897022 F300
G1 X21.57936956994699 Y20.610077027510616 F300
G1 X21.328596922554258 Y20.596367969630784 F300
G1 X21.077419583333313 Y20.58832434389702 F300
G1 X20.700451126449874 Y20.58552666193694 F300
G1 X20.32383333333331 Y20.591975593897022 F300
G1 X19.896672389659418 Y20.609351724533795 F300
G1 X19.47011472407006 Y20.63803044056501 F300
G1 X19.044507401664703 Y20.678426078685234 F300
G1 X18.620198888888872 Y20.730970038341468 F300
G1 X18.222366683872362 Y20.790975415158925 F300
G1 X17.82630777777776 Y20.862203371674802 F300
G1 X17.644688439953555 Y20.900652674894808 F300
G1 X17.463916805555538 Y20.951121010563693 F300
G1 X17.376282312692968 Y20.983621052257803 F300
G1 X17.292006006735605 Y21.0222874039942 F300
G1 X17.211618313747966 Y21.06834097265247 F300
G1 X17.135709999999982 Y21.123117816119244 F300
G1 X17.093591944068947 Y21.150680019740822 F300
G1 X17.05196769005345 Y21.166756912891323 F300
G1 X17.01102658412349 Y21.17354405101674 F300
G1 X16.970715833333312 Y21.172376618202577 F300
G1 X16.917465810118482 Y21.1592596691169 F300
G1 X16.869597199538205 Y21.135179799937433 F300
G1 X16.828052499999984 Y21.101792399452577 F300
G1 X16.79475796154967 Y21.06047270159193 F300
G1 X16.773207316268405 Y21.015263525268164 F300
G1 X16.764393749999986 Y20.967046722369243 F300
G1 X16.767141380973737 Y20.931485224375713 F300
G1 X16.77857875379148 Y20.89584606381669 F300
G1 X16.800602388652212 Y20.859873782552445 F300
G1 X16.83641333333332 Y20.82382114945258 F300
G1 X16.83641333333332 Y20.82382114945258 F300
G1 X16.836272222222224 Y20.823962260563693 F300;svg#Layer_2 > g#Layer_2-2 > path
G0 X22.533068888888884 Y26.313466705008135
G1 X29.99869333333333 Y26.63124892723036 F300
G1 X30.04875540779333 Y26.63864074730459 F300
G1 X30.089927574490936 Y26.654311172604533 F300
G1 X30.123815074333343 Y26.676387155191797 F300
G1 X30.151549739583327 Y26.703903510563695 F300
G1 X30.180035274598836 Y26.748911689366334 F300
G1 X30.19698216659526 Y26.798713055346127 F300
G1 X30.202792916666663 Y26.851593927230365 F300
G1 X30.197083690903195 Y26.904383262930686 F300
G1 X30.180226787275636 Y26.95266715442296 F300
G1 X30.15198630208333 Y26.994945177230363 F300
G1 X30.1245115596465 Y27.01991967201841 F300
G1 X30.090804399097635 Y27.039085792916016 F300
G1 X30.049497123953934 Y27.051370221023163 F300
G1 X29.99869333333333 Y27.054582260563695 F300
G1 X22.533068888888884 Y26.736800038341475 F300
G1 X22.483006814428894 Y26.729408218267253 F300
G1 X22.44183464773128 Y26.7137377929673 F300
G1 X22.407947147888866 Y26.691661810380026 F300
G1 X22.380212482638886 Y26.66414545500814 F300
G1 X22.351726947623384 Y26.619137276205503 F300
G1 X22.334780055626954 Y26.56933591022571 F300
G1 X22.328969305555553 Y26.51645503834147 F300
G1 X22.33467853131902 Y26.46366570264115 F300
G1 X22.351535434946584 Y26.415381811148876 F300
G1 X22.379775920138886 Y26.37310378834147 F300
G1 X22.407250662575713 Y26.34812929355342 F300
G1 X22.440957823124574 Y26.32896317265581 F300
G1 X22.482265098268275 Y26.316678744548664 F300
G1 X22.533068888888884 Y26.313466705008135 F300
G1 X22.533068888888884 Y26.313466705008135 F300;svg#Layer_2 > g#Layer_2-2 > path
G0 X22.310536666666664 Y25.25908448278591
G1 X22.4516680181999 Y25.165674165120755 F300
G1 X22.598359657764448 Y25.084835347309966 F300
G1 X22.750040288065843 Y25.014674812004024 F300
G1 X22.905930158792366 Y24.953520292495284 F300
G1 X23.065155160368448 Y24.89976827784742 F300
G1 X23.226922674897118 Y24.851796005419658 F300
G1 X23.47171590937713 Y24.787353928753113 F300
G1 X23.715721111111105 Y24.727236705008135 F300
G1 X24.291845874674387 Y24.588888341125095 F300
G1 X24.869432911687305 Y24.457198147415312 F300
G1 X25.44842444444444 Y24.332125593897022 F300
G1 X26.1318467373014 Y24.193570165187545 F300
G1 X26.81698486533707 Y24.06431283189864 F300
G1 X27.503777204323228 Y23.94437345210915 F300
G1 X28.192162774853294 Y23.833775176567293 F300
G1 X28.882081111111102 Y23.732544482785908 F300
G1 X29.544559899147227 Y23.64407643855483 F300
G1 X30.208011221838035 Y23.56385946194054 F300
G1 X30.872453333333322 Y23.491950038341464 F300
G1 X30.923174361053537 Y23.492208690365644 F300
G1 X30.96413535680548 Y23.50213943283535 F300
G1 X30.99740625681087 Y23.519313615688727 F300
G1 X31.024496145833318 Y23.542578059174797 F300
G1 X31.052360284135105 Y23.582964309160662 F300
G1 X31.0691049818362 Y23.63020953096816 F300
G1 X31.07480666666665 Y23.682979205008127 F300
G1 X31.069070843874343 Y23.735972469672188 F300
G1 X31.052283086843502 Y23.786823498248218 F300
G1 X31.023940520833317 Y23.833699100841464 F300
G1 X30.99628516553685 Y23.862978658151356 F300
G1 X30.962551780891403 Y23.88707193144245 F300
G1 X30.921750911175437 Y23.905071032310552 F300
G1 X30.872453333333322 Y23.915283371674796 F300
G1 X30.145504557249325 Y23.99453475428458 F300
G1 X29.419968326814264 Y24.08409551839153 F300
G1 X28.695889984223722 Y24.183993480962812 F300
G1 X27.97331532162826 Y24.294260538502332 F300
G1 X27.252290727594122 Y24.414932686673964 F300
G1 X26.53286333333332 Y24.546050038341463 F300
G1 X25.817434543164136 Y24.68705996926408 F300
G1 X25.104146317194896 Y24.838253061609983 F300
G1 X24.39305444444443 Y24.999581149452574 F300
G1 X23.749509382716038 Y25.141068556859988 F300
G1 X23.531173176906172 Y25.193925627833302 F300
G1 X23.31565244572527 Y25.25408456757982 F300
G1 X23.105117654320978 Y25.32432485315628 F300
G1 X22.950656506874463 Y25.38578551585357 F300
G1 X22.801912929812087 Y25.45545313147115 F300
G1 X22.659492773691262 Y25.534562523663027 F300
G1 X22.524037777777767 Y25.624421149452573 F300
G1 X22.47995972199397 Y25.64974785394794 F300
G1 X22.439466793742934 Y25.661800593902832 F300
G1 X22.401991899521903 Y25.66372022975634 F300
G1 X22.36681133680554 Y25.657266965424796 F300
G1 X22.322317385939755 Y25.636405616373 F300
G1 X22.284010274593598 Y25.604025250187295 F300
G1 X22.25248708333332 Y25.561326843897017 F300
G1 X22.230739380398866 Y25.51266532115728 F300
G1 X22.21963574897665 Y25.4603010953472 F300
G1 X22.220527621527765 Y25.405564430702572 F300
G1 X22.229688658599418 Y25.366370939692537 F300
G1 X22.24671566905014 Y25.32860253128464 F300
G1 X22.27292150695336 Y25.29254529916619 F300
G1 X22.310395555555544 Y25.258943371674793 F300
G1 X22.310395555555544 Y25.258943371674793 F300
G1 X22.310536666666664 Y25.25908448278591 F300;svg#Layer_2 > g#Layer_2-2 > path
G0 X22.223894444444444 Y23.770785593897024
G1 X22.71618273782419 Y23.53546302903009 F300
G1 X23.213553858432622 Y23.309117396174642 F300
G1 X23.71445111111111 Y23.088971982785914 F300
G1 X25.219824444444445 Y22.439120038341468 F300
G1 X28.275867777777773 Y21.095601149452577 F300
G1 X28.323735627304416 Y21.08016981509647 F300
G1 X28.368220971608288 Y21.075612638083843 F300
G1 X28.40968848447943 Y21.079798586709625 F300
G1 X28.4485128125 Y21.091469239730355 F300
G1 X28.49681175434773 Y21.118007798182013 F300
G1 X28.537050268972294 Y21.153650647824 F300
G1 X28.568743888888886 Y21.1965308716748 F300
G1 X28.590454545922007 Y21.244955540342815 F300
G1 X28.599751831243918 Y21.293976111787295 F300
G1 X28.595947465277774 Y21.34249708695258 F300
G1 X28.584194013779026 Y21.375879964469107 F300
G1 X28.564010993786162 Y21.40706896737416 F300
G1 X28.533474878336083 Y21.435829073786984 F300
G1 X28.489509999999996 Y21.461078927230357 F300
G1 X25.433466666666657 Y22.804597816119244 F300
G1 X23.928093333333326 Y23.454449760563687 F300
G1 X23.427196080654838 Y23.67459517395242 F300
G1 X22.92982496004641 Y23.900940806807867 F300
G1 X22.43753666666666 Y24.1362633716748 F300
G1 X22.390093626263013 Y24.15378982703222 F300
G1 X22.34613881901896 Y24.159978690322504 F300
G1 X22.30525554340788 Y24.15714121396832 F300
G1 X22.266995069444437 Y24.146626218897026 F300
G1 X22.219255704752598 Y24.12131715445631 F300
G1 X22.179300133847327 Y24.0863836224972 F300
G1 X22.147623888888887 Y24.04358864945258 F300
G1 X22.125951361024747 Y23.995133266102002 F300
G1 X22.116391740424813 Y23.945393815803428 F300
G1 X22.11979854166666 Y23.895518996674802 F300
G1 X22.13121666442417 Y23.86090301598763 F300
G1 X22.150995186885737 Y23.8282922890329 F300
G1 X22.18093183689247 Y23.797922886857357 F300
G1 X22.22389444444444 Y23.77078559389702 F300
G1 X22.22389444444444 Y23.77078559389702 F300
G1 X22.223894444444444 Y23.770785593897024 F300;svg#Layer_2 > g#Layer_2-2 > path
G0 X26.14128 Y30.220974482785913
G1 X26.50897068153749 Y30.050992911502135 F300
G1 X26.872802260535785 Y29.87336242875409 F300
G1 X27.232650481464326 Y29.68795984116297 F300
G1 X27.588387679708596 Y29.49465487937519 F300
G1 X27.939882222222217 Y29.293310038341463 F300
G1 X28.20810195434446 Y29.13246570832005 F300
G1 X28.47223463608571 Y28.965415564028753 F300
G1 X28.730280833333328 Y28.789807955008133 F300
G1 X28.918545631169074 Y28.65111795080479 F300
G1 X29.10127811576752 Y28.50539659724082 F300
G1 X29.277756324753177 Y28.35153966793556 F300
G1 X29.4472311111111 Y28.18841003834147 F300
G1 X29.601243312266245 Y28.02465217808312 F300
G1 X29.746884634968527 Y27.85474589858326 F300
G1 X29.884349591751594 Y27.678942526082185 F300
G1 X30.013802634803923 Y27.49746681507206 F300
G1 X30.135377736625507 Y27.31052123175711 F300
G1 X30.249052389863504 Y27.11851303970589 F300
G1 X30.35467794717672 Y26.92211332028615 F300
G1 X30.452364870453554 Y26.721561162703424 F300
G1 X30.542199530021733 Y26.51708252904239 F300
G1 X30.624244115226325 Y26.308893659740644 F300
G1 X30.715638860898117 Y26.044578031890154 F300
G1 X30.794657444100167 Y25.77654872278903 F300
G1 X30.861434600291688 Y25.50529322291653 F300
G1 X30.916056666666655 Y25.23128559389702 F300
G1 X30.953800023240145 Y24.988385281920436 F300
G1 X30.981375578626995 Y24.746418307542502 F300
G1 X30.999124963690274 Y24.50535439884446 F300
G1 X31.007357418965178 Y24.265159782362975 F300
G1 X31.006351299721725 Y24.025798836747505 F300
G1 X30.996355662222218 Y23.78723576278592 F300
G1 X30.972700525400224 Y23.500969227634812 F300
G1 X30.936776197008573 Y23.21649740207665 F300
G1 X30.888976112578476 Y22.933837643203294 F300
G1 X30.82965405239559 Y22.653012381837236 F300
G1 X30.759127564444437 Y22.374052011674802 F300
G1 X30.678048973846927 Y22.09816662830532 F300
G1 X30.586696180747783 Y21.825072149208516 F300
G1 X30.485407428343564 Y21.554858933980796 F300
G1 X30.37449838522521 Y21.287625601885107 F300
G1 X30.25426474666665 Y21.023480953897018 F300
G1 X30.125516822812152 Y20.763577517880613 F300
G1 X29.988542224745565 Y20.5078673291331 F300
G1 X29.843688261022045 Y20.25648387471155 F300
G1 X29.691287477273264 Y20.00956798640338 F300
G1 X29.531659582222204 Y19.76726920278591 F300
G1 X29.32215189866404 Y19.470752056931538 F300
G1 X29.103434167017163 Y19.18337780851102 F300
G1 X28.87622311825112 Y18.90541937124426 F300
G1 X28.641204444444426 Y18.6371633716748 F300
G1 X28.403030115414573 Y18.38202399048851 F300
G1 X28.15819199937235 Y18.13422433933695 F300
G1 X27.907003571301633 Y17.89341274334444 F300
G1 X27.649768230452654 Y17.659247692662458 F300
G1 X27.38679644180368 Y17.431410310444313 F300
G1 X27.118578808608998 Y17.209739177557942 F300
G1 X26.845441712611326 Y16.993930202759945 F300
G1 X26.567707325102855 Y16.7836846062427 F300
G1 X26.191154141645903 Y16.511756919233058 F300
G1 X25.8082821193621 Y16.248848171522056 F300
G1 X25.419919999999976 Y15.994293371674798 F300
G1 X25.380394707426692 Y15.96270180166243 F300
G1 X25.352721579618407 Y15.928432954145924 F300
G1 X25.33456988999002 Y15.892297110689046 F300
G1 X25.3244759722222 Y15.854558093897023 F300
G1 X25.32255091043867 Y15.801332129321894 F300
G1 X25.333013649801487 Y15.74977665233456 F300
G1 X25.354656111111087 Y15.701170316119244 F300
G1 X25.386208074475952 Y15.658456363316684 F300
G1 X25.42513118843061 Y15.62525127719333 F300
G1 X25.470878749999976 Y15.602974621674798 F300
G1 X25.507229147483393 Y15.595263904277658 F300
G1 X25.54604927525748 Y15.595714149390545 F300
G1 X25.587981620912938 Y15.605946910572076 F300
G1 X25.633562222222203 Y15.62881559389702 F300
G1 X26.037416346496258 Y15.893876785693159 F300
G1 X26.436327092860573 Y16.168845586145128 F300
G1 X26.829196262347438 Y16.45414424305754 F300
G1 X27.214912864583315 Y16.750207955008133 F300
G1 X27.51729215633597 Y16.99487292586047 F300
G1 X27.813147040536343 Y17.24636894040881 F300
G1 X28.101974095591732 Y17.50492846094739 F300
G1 X28.38326360902399 Y17.770793182673774 F300
G1 X28.65649736111109 Y18.04421448278591 F300
G1 X28.878004541101685 Y18.27840309676656 F300
G1 X29.09290518015141 Y18.517838745549064 F300
G1 X29.300939117297062 Y18.762696671648236 F300
G1 X29.50183732672692 Y19.013160548268168 F300
G1 X29.69532040366225 Y19.269422705660045 F300
G1 X29.881097065972202 Y19.53168434389702 F300
G1 X30.058173672153817 Y19.79907808009917 F300
G1 X30.226838065159406 Y20.07259854090746 F300
G1 X30.386813971312577 Y20.352511194913404 F300
G1 X30.53780234124782 Y20.639095446105554 F300
G1 X30.679479163833037 Y20.932644749306256 F300
G1 X30.811493333333313 Y21.233466705008126 F300
G1 X30.926549832342918 Y21.524004439991074 F300
G1 X31.030967309546114 Y21.818876003991207 F300
G1 X31.124340625586388 Y22.117790724617564 F300
G1 X31.206233374485574 Y22.420467239987556 F300
G1 X31.263088671045523 Y22.66477175313593 F300
G1 X31.311935229170366 Y22.9104701517562 F300
G1 X31.35257356596297 Y23.15744018555785 F300
G1 X31.384787159915348 Y23.405563571153053 F300
G1 X31.408341069958823 Y23.654724318176854 F300
G1 X31.422968050405494 Y23.90449589133535 F300
G1 X31.428426135102683 Y24.154462200010602 F300
G1 X31.424486651406824 Y24.40454574367815 F300
G1 X31.410894757548213 Y24.654669466170414 F300
G1 X31.38736777777775 Y24.904754482785908 F300
G1 X31.356545291824837 Y25.13854059958713 F300
G1 X31.317718132511864 Y25.370566159442983 F300
G1 X31.27087327774137 Y25.600678928875656 F300
G1 X31.215978480993492 Y25.82872436409147 F300
G1 X31.152982222222196 Y26.05454349513159 F300
G1 X31.081790517815108 Y26.27803924519793 F300
G1 X31.002562581413702 Y26.498360307305504 F300
G1 X30.915248883143967 Y26.715368865010262 F300
G1 X30.81977770262079 Y26.92891953965215 F300
G1 X30.716055185185162 Y27.13885695192171 F300
G1 X30.604312312648258 Y27.34440428712312 F300
G1 X30.48442348631661 Y27.545518482948193 F300
G1 X30.356274581248275 Y27.742063436874762 F300
G1 X30.219725630870073 Y27.93388693156443 F300
G1 X30.074611111111086 Y28.12081781611924 F300
G1 X29.936187558510042 Y28.283691321564945 F300
G1 X29.79150159790548 Y28.439152019565682 F300
G1 X29.64094672231914 Y28.587766654510656 F300
G1 X29.484892409662656 Y28.730078001985426 F300
G1 X29.323688333333305 Y28.866607677230352 F300
G1 X29.11570589211444 Y29.029711329380767 F300
G1 X28.901355982141762 Y29.185174663082613 F300
G1 X28.681444846539105 Y29.333858672399952 F300
G1 X28.45677222222219 Y29.476613371674798 F300
G1 X28.048334575719668 Y29.72089328408841 F300
G1 X27.633576578969052 Y29.95373511115711 F300
G1 X27.212856467325086 Y30.17545636861171 F300
G1 X26.786523995077395 Y30.386359890941726 F300
G1 X26.35492222222219 Y30.586734482785907 F300
G1 X26.30711547786446 Y30.60256274455919 F300
G1 X26.262713957090536 Y30.607431491677982 F300
G1 X26.22134313154047 Y30.603504566782025 F300
G1 X26.182614531249964 Y30.59205701750813 F300
G1 X26.13440736341856 Y30.565755316588948 F300
G1 X26.094214771848062 Y30.53025096517787 F300
G1 X26.062522361111075 Y30.487392260563684 F300
G1 X26.040820560848996 Y30.438965561723702 F300
G1 X26.031479244201364 Y30.389809552219845 F300
G1 X26.035219565972188 Y30.341029170285907 F300
G1 X26.04692030381461 Y30.307412003783668 F300
G1 X26.06704077314273 Y30.275949519740166 F300
G1 X26.097481660497657 Y30.246876658475244 F300
G1 X26.141279999999966 Y30.221256705008127 F300
G1 X26.141279999999966 Y30.221256705008127 F300
G1 X26.14128 Y30.220974482785913 F300;svg#Layer_2 > g#Layer_2-2 > path
G0 X11.512855555555555 Y19.864124482785915
G1 X11.343474960326411 Y19.740005576800865 F300
G1 X11.182240277799819 Y19.608171981585954 F300
G1 X11.029080559453256 Y19.46885714692048 F300
G1 X10.88396000827208 Y19.32224634638733 F300
G1 X10.746882116097796 Y19.16848183444445 F300
G1 X10.61789361111111 Y19.007668232785917 F300
G1 X10.497424473000958 Y18.84037167782769 F300
G1 X10.385815924705046 Y18.66714136905363 F300
G1 X10.283115216024305 Y18.48809372877239 F300
G1 X10.189415214327987 Y18.303314982926334 F300
G1 X10.10485774218186 Y18.112866651438683 F300
G1 X10.029636666666669 Y17.916791149452582 F300
G1 X9.965872516045918 Y17.71963671574562 F300
G1 X9.912900273797035 Y17.51878912125351 F300
G1 X9.870851388888891 Y17.314793510563693 F300
G1 X9.839998637388163 Y17.108811935335666 F300
G1 X9.820542741599326 Y16.90200350118446 F300
G1 X9.812607777777778 Y16.69491003834147 F300
G1 X9.813993308321171 Y16.561751795914425 F300
G1 X9.821787678762414 Y16.42815080219299 F300
G1 X9.837385843621401 Y16.295204976613075 F300
G1 X9.862234202201204 Y16.164041851872387 F300
G1 X9.89747569948687 Y16.036955365780905 F300
G1 X9.944510082304529 Y15.914691025995792 F300
G1 X9.98816079266393 Y15.827187476099862 F300
G1 X10.039813594079007 Y15.743402513013429 F300
G1 X10.100367162009952 Y15.663535307304844 F300
G1 X10.17088888888889 Y15.587893371674804 F300
G1 X10.20616764882804 Y15.560706646008645 F300
G1 X10.247729727319221 Y15.540494065400576 F300
G1 X10.293973055555558 Y15.528344482785915 F300
G1 X10.341161783955384 Y15.526009174940576 F300
G1 X10.386031166506875 Y15.534365135851937 F300
G1 X10.42742888888889 Y15.554732260563693 F300
G1 X10.574068749659734 Y15.66477987654503 F300
G1 X10.709738014857928 Y15.782517142312576 F300
G1 X10.835377117214561 Y15.907475292700767 F300
G1 X10.951834362139921 Y16.03927645809456 F300
G1 X11.060361888187048 Y16.178283185722222 F300
G1 X11.160831323139623 Y16.32325416372846 F300
G1 X11.253842636966828 Y16.473801047739045 F300
G1 X11.339957860082306 Y16.62955991488468 F300
G1 X11.44411403046831 Y16.842879700158917 F300
G1 X11.537811654298784 Y17.06268628503362 F300
G1 X11.622216666666667 Y17.287858927230356 F300
G1 X11.711792299643154 Y17.554418934918072 F300
G1 X11.79455756631376 Y17.823763592045935 F300
G1 X11.871716790123461 Y18.09543781611925 F300
G1 X11.97934025518238 Y18.5053750221265 F300
G1 X12.080953209876544 Y18.917127816119248 F300
G1 X12.282193333333332 Y19.738535593897023 F300
G1 X11.895266666666664 Y19.688017816119245 F300
G1 X12.063566432826523 Y19.318284148945935 F300
G1 X12.244578402777776 Y18.950213961952578 F300
G1 X12.373804360795951 Y18.709017367306572 F300
G1 X12.511002195947324 Y18.473148767335992 F300
G1 X12.65733722222222 Y18.243921982785913 F300
G1 X12.774089159143559 Y18.076756899313448 F300
G1 X12.896932369732815 Y17.91499263795019 F300
G1 X13.026418822429315 Y17.759094004119994 F300
G1 X13.163123541666664 Y17.609543753619246 F300
G1 X13.307007527715754 Y17.467448767781697 F300
G1 X13.459180677229494 Y17.33275423174018 F300
G1 X13.620408540791253 Y17.205921707440712 F300
G1 X13.791517777777775 Y17.08748114945258 F300
G1 X13.959321688194668 Y16.98565287627239 F300
G1 X14.130685975422077 Y16.89413048537153 F300
G1 X14.30540983105772 Y16.8119028146218 F300
G1 X14.483317204861107 Y16.73801286820258 F300
G1 X14.725357999705754 Y16.650841848671448 F300
G1 X14.971918886219079 Y16.574968356895702 F300
G1 X15.222331527777776 Y16.508414066119244 F300
G1 X15.601827097730357 Y16.422156655145194 F300
G1 X15.984232309027774 Y16.346098805702578 F300
G1 X16.366870502804336 Y16.273604174209808 F300
G1 X16.74469111111111 Y16.198481149452576 F300
G1 X16.994627177129757 Y16.14362973726757 F300
G1 X17.243850777209826 Y16.082375655067043 F300
G1 X17.490974861111113 Y16.012267399452575 F300
G1 X17.673897627195785 Y15.952456071057014 F300
G1 X17.853847035524097 Y15.885394670400398 F300
G1 X18.030388740449165 Y15.810010078973 F300
G1 X18.203074444444443 Y15.72519448278591 F300
G1 X18.3232725692682 Y15.656996747485286 F300
G1 X18.43929044069705 Y15.582594485786371 F300
G1 X18.55216569444444 Y15.503330333480353 F300
G1 X18.71749568578134 Y15.37846898778035 F300
G1 X18.880831111111107 Y15.250655455008129 F300
G1 X19.045277684914048 Y15.124649325733591 F300
G1 X19.21351819444444 Y15.005521201535908 F300
G1 X19.329377565673283 Y14.93220695930826 F300
G1 X19.44938006313332 Y14.865348629749253 F300
G1 X19.57467444444444 Y14.806278927230354 F300
G1 X19.71633870567748 Y14.751841465960343 F300
G1 X19.86054606538168 Y14.707526802602143 F300
G1 X20.007137704800808 Y14.672283765909185 F300
G1 X20.155973827160494 Y14.645130038341467 F300
G1 X20.356460034500792 Y14.620023882925816 F300
G1 X20.55898015057889 Y14.605482278799247 F300
G1 X20.762767283950616 Y14.59931596426739 F300
G1 X21.06826821583888 Y14.600980220570689 F300
G1 X21.368337777777775 Y14.60900559389702 F300
G1 X21.866192628992206 Y14.628940718241068 F300
G1 X22.363806111111103 Y14.657053927230352 F300
G1 X23.358427777777774 Y14.722882260563685 F300
G1 X24.482833455965224 Y14.794444170551923 F300
G1 X25.60689222222221 Y14.869920038341464 F300
G1 X25.94149320782034 Y14.898130017727127 F300
G1 X26.273887860082304 Y14.937846746160398 F300
G1 X26.493906446306124 Y14.973314275628306 F300
G1 X26.711500010510562 Y15.017656650167014 F300
G1 X26.926364732510287 Y15.072409256448461 F300
G1 X27.085102786438014 Y15.121106513737463 F300
G1 X27.242032454907296 Y15.177193631713294 F300
G1 X27.39710955006479 Y15.241415019347722 F300
G1 X27.550274444444437 Y15.314561149452576 F300
G1 X27.592773430067535 Y15.34234963257299 F300
G1 X27.62242948739768 Y15.373288785861467 F300
G1 X27.64202348271459 Y15.406417767607023 F300
G1 X27.653298784722217 Y15.441497208480355 F300
G1 X27.656549593338468 Y15.491876772209949 F300
G1 X27.646905567611146 Y15.54189519069595 F300
G1 X27.62527499999999 Y15.59038045500813 F300
G1 X27.593638748443503 Y15.633168106897655 F300
G1 X27.553828875808343 Y15.667856222068009 F300
G1 X27.506340381944433 Y15.692723493202575 F300
G1 X27.468322579004052 Y15.702817690336586 F300
G1 X27.427679424390217 Y15.705161282982328 F300
G1 X27.383929540299874 Y15.698364863404455 F300
G1 X27.336632222222214 Y15.680038927230353 F300
G1 X27.16188831557834 Y15.598608231478435 F300
G1 X26.983476403493977 Y15.530127240261551 F300
G1 X26.80165386831275 Y15.473091643279737 F300
G1 X26.61673514559282 Y15.426119859479039 F300
G1 X26.429401684340036 Y15.38795913144703 F300
G1 X26.24008390946501 Y15.357302137106897 F300
G1 X25.95435111689541 Y15.322671602840156 F300
G1 X25.66841666666665 Y15.297768927230353 F300
G1 X24.724471527777762 Y15.233316427230353 F300
G1 X23.780208888888872 Y15.173732260563689 F300
G1 X22.800827222222207 Y15.108397816119245 F300
G1 X22.311006065655608 Y15.077568776939506 F300
G1 X21.821022222222204 Y15.050683371674797 F300
G1 X21.22339053497941 Y15.020072713238587 F300
G1 X21.020804756514593 Y15.01417616633398 F300
G1 X20.818355428449184 Y15.01356589632666 F300
G1 X20.616853168724262 Y15.020098844925828 F300
G1 X20.41616266030864 Y15.035736102679085 F300
G1 X20.21897488233729 Y15.062217870171176 F300
G1 X20.02580666666665 Y15.101342260563689 F300
G1 X19.889906836941034 Y15.141079158331674 F300
G1 X19.762425809598945 Y15.191275725914965 F300
G1 X19.641706631944427 Y15.25035559389702 F300
G1 X19.525014788806395 Y15.317679737650675 F300
G1 X19.412227854159987 Y15.391349480399132 F300
G1 X19.302188888888875 Y15.469959760563686 F300
G1 X18.979286979166652 Y15.719673510563688 F300
G1 X18.8154625849294 Y15.843073293595866 F300
G1 X18.645034444444427 Y15.959015593897021 F300
G1 X18.485876198542314 Y16.053544860340516 F300
G1 X18.32217597823633 Y16.139519597285993 F300
G1 X18.154394627464693 Y16.217633251389106 F300
G1 X17.98297638888887 Y16.288545316119244 F300
G1 X17.75021751532789 Y16.372745109263978 F300
G1 X17.51434288635777 Y16.446320836826764 F300
G1 X17.27667999999998 Y16.510760038341466 F300
G1 X16.916391909141886 Y16.59364456236418 F300
G1 X16.550645694444427 Y16.665878632091466 F300
G1 X15.816144722222205 Y16.803653788341467 F300
G1 X15.572396930971543 Y16.854806901257533 F300
G1 X15.330805022591647 Y16.911702718925184 F300
G1 X15.091962499999983 Y16.976274569591467 F300
G1 X14.91481268294158 Y17.03096344235355 F300
G1 X14.739809536708709 Y17.091887828917503 F300
G1 X14.567111154663325 Y17.15991329004596 F300
G1 X14.396884444444428 Y17.235930038341465 F300
G1 X14.23423634445882 Y17.31939204473721 F300
G1 X14.080531691001667 Y17.4102611491682 F300
G1 X13.935050856658705 Y17.508083274998803 F300
G1 X13.79712653026271 Y17.61247143948253 F300
G1 X13.666140555555538 Y17.723098510563688 F300
G1 X13.509808089399343 Y17.87124071007971 F300
G1 X13.362853735274243 Y18.02811336059531 F300
G1 X13.224426528780487 Y18.193100876274492 F300
G1 X13.093723333333314 Y18.365630316119244 F300
G1 X12.970872159763655 Y18.543805583762015 F300
G1 X12.854564132481274 Y18.7276977240794 F300
G1 X12.744124610274667 Y18.91660206343241 F300
G1 X12.638886944444426 Y19.109815038341466 F300
G1 X12.506231634548016 Y19.37144829971556 F300
G1 X12.38075076320542 Y19.63613395568109 F300
G1 X12.260885555555538 Y19.90194226056369 F300
G1 X12.23726507798713 Y19.941162490981576 F300
G1 X12.207977708851237 Y19.969646512307392 F300
G1 X12.174204720224258 Y19.98936611437453 F300
G1 X12.136362839506155 Y20.001326293485505 F300
G1 X12.082426884781736 Y20.005361108004657 F300
G1 X12.028318282294652 Y19.996626276824614 F300
G1 X11.976186049382695 Y19.975654523938175 F300
G1 X11.941192568560215 Y19.952524105923317 F300
G1 X11.911953356567388 Y19.92417345179525 F300
G1 X11.88914410693055 Y19.890613017325247 F300
G1 X11.873958888888868 Y19.851424482785912 F300
G1 X11.588614583333314 Y18.696006705008138 F300
G1 X11.488900928250922 Y18.31138784171974 F300
G1 X11.382044029837594 Y17.92941368977887 F300
G1 X11.265064444444425 Y17.55117226056369 F300
G1 X11.193840072024978 Y17.344886636775193 F300
G1 X11.114210378058726 Y17.139816098874917 F300
G1 X11.024746995884756 Y16.93787201365011 F300
G1 X10.95046204259503 Y16.789928832811846 F300
G1 X10.86967583237647 Y16.646473859102002 F300
G1 X10.781770060498783 Y16.5081588720364 F300
G1 X10.686090781892988 Y16.375653988958753 F300
G1 X10.582218916357306 Y16.249973712339287 F300
G1 X10.469502322752138 Y16.13182533025754 F300
G1 X10.347032131496967 Y16.021772250448297 F300
G1 X10.213786666666648 Y15.920492260563691 F300
G1 X10.470326666666645 Y15.887331149452573 F300
G1 X10.413103138868317 Y15.950589744707248 F300
G1 X10.36603559752257 Y16.018475988800873 F300
G1 X10.32779398404235 Y16.090615652067903 F300
G1 X10.297298312757183 Y16.166783412827062 F300
G1 X10.26753317759009 Y16.272846317853045 F300
G1 X10.248329861770923 Y16.383127350425116 F300
G1 X10.237848724279816 Y16.49640851570772 F300
G1 X10.234543181628283 Y16.6668362852866 F300
G1 X10.240174444444426 Y16.83023559389702 F300
G1 X10.253775216646787 Y17.005112586652004 F300
G1 X10.276903909874614 Y17.17869918098347 F300
G1 X10.309160138888869 Y17.35090031611924 F300
G1 X10.350109625726018 Y17.52129934016557 F300
G1 X10.399298867939649 Y17.68947247297547 F300
G1 X10.456356666666647 Y17.855266705008134 F300
G1 X10.521536305100122 Y18.01835021344849 F300
G1 X10.594940936702892 Y18.177825927465907 F300
G1 X10.676383009130063 Y18.33350696090765 F300
G1 X10.76571403292179 Y18.485186705008132 F300
G1 X10.862518193915484 Y18.632197930722832 F300
G1 X10.966415680070883 Y18.774022591824867 F300
G1 X11.07724805086915 Y18.91045370785911 F300
G1 X11.194890411522612 Y19.041258556859987 F300
G1 X11.319006827216182 Y19.165943536571582 F300
G1 X11.449076699142143 Y19.283888208537796 F300
G1 X11.584982859612891 Y19.394873882763484 F300
G1 X11.726638888888868 Y19.498646705008134 F300
G1 X11.764889328374737 Y19.53147647733116 F300
G1 X11.79166301972842 Y19.566850256831152 F300
G1 X11.809134689193042 Y19.604000128242937 F300
G1 X11.818669791666645 Y19.642648389035916 F300
G1 X11.819979931695855 Y19.696820492941185 F300
G1 X11.809143604434091 Y19.748888299188042 F300
G1 X11.787457777777757 Y19.797537677230356 F300
G1 X11.755940361966266 Y19.840249754976966 F300
G1 X11.717404823093743 Y19.872950272392014 F300
G1 X11.672425763888869 Y19.894350923758132 F300
G1 X11.636790725239095 Y19.901277016996907 F300
G1 X11.598782184193531 Y19.899907826858474 F300
G1 X11.557704186454176 Y19.888534498925036 F300
G1 X11.512996666666645 Y19.86412448278591 F300
G1 X11.512996666666645 Y19.86412448278591 F300
G1 X11.512855555555555 Y19.864124482785915 F300;svg#Layer_2 > g#Layer_2-2 > path
G0 X14.811751111111109 Y16.629716705008136
G1 X14.72114408227969 Y16.56705863272768 F300
G1 X14.633940658436217 Y16.498080943691267 F300
G1 X14.579786463164112 Y16.447782326701674 F300
G1 X14.530763346154014 Y16.393987060323845 F300
G1 X14.487864526748972 Y16.336090614473157 F300
G1 X14.452389014456227 Y16.273883000522577 F300
G1 X14.42521166954877 Y16.206282473287622 F300
G1 X14.407608888888888 Y16.132017816119248 F300
G1 X14.401715944756138 Y16.05314698484156 F300
G1 X14.408250542015736 Y15.979663495942647 F300
G1 X14.425550905349796 Y15.910583124761223 F300
G1 X14.452915717691832 Y15.844438638443295 F300
G1 X14.48907622998735 Y15.782204999956843 F300
G1 X14.533270946502057 Y15.723579544514308 F300
G1 X14.58359256785958 Y15.669684477301672 F300
G1 X14.639412422297662 Y15.619986351681586 F300
G1 X14.699849999999998 Y15.574487816119246 F300
G1 X14.809898350031595 Y15.504615446101676 F300
G1 X14.92620220834139 Y15.44141520725779 F300
G1 X15.046965694444443 Y15.382947121674805 F300
G1 X15.409638888888887 Y15.219452260563695 F300
G1 X16.202824444444442 Y14.847201149452582 F300
G1 X16.99869111111111 Y14.480735593897025 F300
G1 X17.120683216312088 Y14.425266580416425 F300
G1 X17.244747078189302 Y14.376198392250938 F300
G1 X17.308270872935744 Y14.357331051302214 F300
G1 X17.37020809476936 Y14.344918120071355 F300
G1 X17.430671092778145 Y14.340042956408448 F300
G1 X17.489799588477364 Y14.343878721469045 F300
G1 X17.54591927730037 Y14.35718854533019 F300
G1 X17.601579787057 Y14.381790959739558 F300
G1 X17.65745476804139 Y14.420568421416267 F300
G1 X17.71384222222222 Y14.477631149452584 F300
G1 X17.761376321392376 Y14.542917002371144 F300
G1 X17.79570342690618 Y14.60706505988346 F300
G1 X17.818795722837237 Y14.67018478110507 F300
G1 X17.832146244280096 Y14.73253505000489 F300
G1 X17.836800711805555 Y14.79446969111925 F300
G1 X17.831097488948412 Y14.873467171661316 F300
G1 X17.813385237377066 Y14.951212060923233 F300
G1 X17.784569006083785 Y15.027748637705333 F300
G1 X17.745221805555552 Y15.103000316119251 F300
G1 X17.698051007088456 Y15.173555473214462 F300
G1 X17.64352811172692 Y15.240324677245962 F300
G1 X17.582596223093056 Y15.302873119176333 F300
G1 X17.51613894097222 Y15.360678024452582 F300
G1 X17.42069174237887 Y15.429095617979879 F300
G1 X17.323377054715902 Y15.48403705628165 F300
G1 X17.226585555555552 Y15.52495781611925 F300
G1 X17.10139903560546 Y15.562637210355167 F300
G1 X16.974007119341564 Y15.592210326407319 F300
G1 X16.718481028806583 Y15.647734935460814 F300
G1 X16.634771036699743 Y15.670763402713877 F300
G1 X16.552403658581238 Y15.698629467639908 F300
G1 X16.47164111111111 Y15.732955593897024 F300
G1 X16.37085940909214 Y15.785194420985116 F300
G1 X16.27327106923072 Y15.843065464811735 F300
G1 X16.17811236111111 Y15.905287538341467 F300
G1 X15.901411111111107 Y16.104077816119247 F300
G1 X15.780484684965685 Y16.190610286057318 F300
G1 X15.652770335596284 Y16.276656661365013 F300
G1 X15.518513950617283 Y16.358595223526656 F300
G1 X15.41487644269874 Y16.414447301415755 F300
G1 X15.309403613971446 Y16.463627491847085 F300
G1 X15.202091819947855 Y16.50483312907994 F300
G1 X15.092907160493825 Y16.536724482785914 F300
G1 X15.004175819785779 Y16.55458389215469 F300
G1 X14.91460897526768 Y16.564776167782 F300
G1 X14.82389833907159 Y16.566589607691505 F300
G1 X14.731722775518481 Y16.55914878541028 F300
G1 X14.637761111111109 Y16.54138114945258 F300
G1 X14.543026828908593 Y16.511158118493604 F300
G1 X14.461066149647774 Y16.471644981397695 F300
G1 X14.389840665100916 Y16.42409313232694 F300
G1 X14.327680468749998 Y16.369258666813693 F300
G1 X14.272266406198987 Y16.306206039563524 F300
G1 X14.224372081373623 Y16.236822788581414 F300
G1 X14.183244247768672 Y16.161565477269324 F300
G1 X14.148264305555552 Y16.0808121216748 F300
G1 X14.111417888716261 Y15.969164890467288 F300
G1 X14.083548539964552 Y15.852489349881761 F300
G1 X14.063383767361108 Y15.73249036820258 F300
G1 X14.044978728414895 Y15.551731732492948 F300
G1 X14.036909999999997 Y15.380742260563691 F300
G1 X14.035111255426628 Y15.199036983753642 F300
G1 X14.041963541666666 Y15.000326548758133 F300
G1 X14.052956526269126 Y14.866851193820754 F300
G1 X14.070315080078208 Y14.73267527104839 F300
G1 X14.095118333333332 Y14.59939239945258 F300
G1 X14.12858304236492 Y14.468341996297209 F300
G1 X14.171176414127286 Y14.343287656823644 F300
G1 X14.223838124999999 Y14.22541929181369 F300
G1 X14.27131162435781 Y14.141272689163003 F300
G1 X14.325340281289243 Y14.063089062160953 F300
G1 X14.386520576206806 Y13.991160790861308 F300
G1 X14.455586666666667 Y13.925886705008134 F300
G1 X14.534577320305068 Y13.865678806263231 F300
G1 X14.617728949274904 Y13.81358753188332 F300
G1 X14.704581688174322 Y13.768546632695296 F300
G1 X14.794729583333332 Y13.72958351056369 F300
G1 X14.918633084893994 Y13.685774461355402 F300
G1 X15.04511921009254 Y13.649490700898465 F300
G1 X15.17271333333333 Y13.618687816119246 F300
G1 X15.3300263664634 Y13.58607123700128 F300
G1 X15.48913109271111 Y13.559411229900887 F300
G1 X15.649633611111108 Y13.539983093897023 F300
G1 X15.810740481645446 Y13.529113002551393 F300
G1 X15.971687855411862 Y13.528070827211483 F300
G1 X16.132268888888888 Y13.538113371674802 F300
G1 X16.26592623177042 Y13.555759120162733 F300
G1 X16.397330362872804 Y13.581726673601647 F300
G1 X16.526050965618953 Y13.616079582133203 F300
G1 X16.651646625514406 Y13.658951519822953 F300
G1 X16.773924599708824 Y13.710676886910178 F300
G1 X16.891081705878957 Y13.770887154869463 F300
G1 X17.002778975764993 Y13.839768085026666 F300
G1 X17.108621893004116 Y13.917608186489618 F300
G1 X17.20715627916175 Y14.003862350550566 F300
G1 X17.29839661459884 Y14.099145978696043 F300
G1 X17.38192513031878 Y14.20401456368482 F300
G1 X17.45716111111111 Y14.3191633716748 F300
G1 X17.478206064260686 Y14.365479350857237 F300
G1 X17.487082736150104 Y14.408194278040604 F300
G1 X17.48644204612164 Y14.44780417158615 F300
G1 X17.47780302083333 Y14.484882937647024 F300
G1 X17.45451761305869 Y14.53140315151896 F300
G1 X17.420744184475378 Y14.570736965315989 F300
G1 X17.37803305555555 Y14.602355732785913 F300
G1 X17.329495287532815 Y14.624010936236719 F300
G1 X17.278559061514304 Y14.634139913985052 F300
G1 X17.226457673611108 Y14.631642902924801 F300
G1 X17.189778001660283 Y14.62102528483646 F300
G1 X17.154820594250246 Y14.602223527142064 F300
G1 X17.121834642084046 Y14.573656224318903 F300
G1 X17.09168333333333 Y14.532805593897024 F300
G1 X17.025435640129896 Y14.432522132380528 F300
G1 X16.95299544244423 Y14.34473656982114 F300
G1 X16.874933247745638 Y14.268090355023817 F300
G1 X16.791614194453324 Y14.201444376880112 F300
G1 X16.703233107638884 Y14.143870298758136 F300
G1 X16.609010223233305 Y14.094241412836196 F300
G1 X16.51058835329851 Y14.052884433062557 F300
G1 X16.408240692901792 Y14.019272606970514 F300
G1 X16.302207602803634 Y13.99296611609852 F300
G1 X16.19271736111111 Y13.973599899452582 F300
G1 X16.054910071099346 Y13.958941994174848 F300
G1 X15.915018444264382 Y13.953704284054098 F300
G1 X15.773901699028919 Y13.957089399347156 F300
G1 X15.632433489583331 Y13.968350125147026 F300
G1 X15.444786807961236 Y13.99439561859175 F300
G1 X15.264824687430359 Y14.030529522539332 F300
G1 X15.094678888888886 Y14.074476705008138 F300
G1 X14.982339092292154 Y14.109701965999236 F300
G1 X14.871776249999995 Y14.154998232785914 F300
G1 X14.80238695338204 Y14.19304234242099 F300
G1 X14.738794397153564 Y14.238788746400715 F300
G1 X14.682211111111107 Y14.294045593897028 F300
G1 X14.640149495922717 Y14.349986521266032 F300
G1 X14.605371318978184 Y14.41077832945083 F300
G1 X14.576762678170759 Y14.475707285552147 F300
G1 X14.553323749999995 Y14.544112121674807 F300
G1 X14.518951526968301 Y14.684899148250267 F300
G1 X14.494815555555551 Y14.822647816119252 F300
G1 X14.47139211467234 Y15.007841959333977 F300
G1 X14.460240192508245 Y15.194157786180616 F300
G1 X14.460243333333327 Y15.380883371674807 F300
G1 X14.465325683010445 Y15.527445205348174 F300
G1 X14.477935138888883 Y15.682914066119249 F300
G1 X14.49439783658358 Y15.785627734824503 F300
G1 X14.519605611357928 Y15.88305940316269 F300
G1 X14.555634444444442 Y15.973408927230363 F300
G1 X14.589530892781145 Y16.029408127830603 F300
G1 X14.627718237027379 Y16.071430710332034 F300
G1 X14.669529672449261 Y16.10232609170473 F300
G1 X14.714895972222218 Y16.12409134042481 F300
G1 X14.781552386335603 Y16.140924060467075 F300
G1 X14.853641304857272 Y16.144872487361155 F300
G1 X14.930778333333329 Y16.13725656611925 F300
G1 X15.007266061459468 Y16.120470652114022 F300
G1 X15.083622998203456 Y16.096351252982437 F300
G1 X15.158408194444439 Y16.066734083480362 F300
G1 X15.265440549219045 Y16.015426765807856 F300
G1 X15.35291222222222 Y15.966353371674808 F300
G1 X15.491428187511966 Y15.877857113319386 F300
G1 X15.625983127572015 Y15.783384523938185 F300
G1 X15.892123909465017 Y15.590098886078101 F300
G1 X16.02816594998582 Y15.498079804280056 F300
G1 X16.169239999999995 Y15.413621149452585 F300
G1 X16.28761041117428 Y15.353620632775737 F300
G1 X16.409196973373223 Y15.30221487242767 F300
G1 X16.534058029744372 Y15.259361328521596 F300
G1 X16.662282222222217 Y15.225096705008138 F300
G1 X16.94406347222222 Y15.168969760563694 F300
G1 X17.038228084064222 Y15.144961219817501 F300
G1 X17.12808154075792 Y15.113628512160968 F300
G1 X17.21219222222222 Y15.07199114945258 F300
G1 X17.23778366549909 Y15.054204838361668 F300
G1 X17.278739340277777 Y15.019918944591469 F300
G1 X17.319995255006628 Y14.979892078050943 F300
G1 X17.36028833333333 Y14.933755177230358 F300
G1 X17.393656376003587 Y14.884530174551497 F300
G1 X17.41209815972222 Y14.840156618202581 F300
G1 X17.414991868574116 Y14.811413195251953 F300
G1 X17.408130489192253 Y14.786993301079143 F300
G1 X17.389427777777776 Y14.76578003834147 F300
G1 X17.377138221247005 Y14.765052173395842 F300
G1 X17.34314774305555 Y14.776125246674804 F300
G1 X17.259746666666665 Y14.81531003834147 F300
G1 X17.17475809027777 Y14.859998163341471 F300
G1 X17.12371555555555 Y14.886853371674803 F300
G1 X16.79930111111111 Y15.035725593897029 F300
G1 X16.151692564842012 Y15.336316626801327 F300
G1 X15.506017777777773 Y15.640810038341474 F300
G1 X15.213000555555551 Y15.772184482785917 F300
G1 X15.115180057606768 Y15.819252297742933 F300
G1 X15.021211919255942 Y15.870258605206716 F300
G1 X14.93268333333333 Y15.926842260563696 F300
G1 X14.892433659406834 Y15.956101395314057 F300
G1 X14.854684166666663 Y15.99104781611925 F300
G1 X14.836020444011105 Y16.01788698572295 F300
G1 X14.825889176268277 Y16.047531986364277 F300
G1 X14.826849999999995 Y16.081923371674808 F300
G1 X14.842626412981568 Y16.11878460880939 F300
G1 X14.872799958847734 Y16.155316828464933 F300
G1 X14.910472527181557 Y16.187923267140885 F300
G1 X14.95183263374485 Y16.217421396366163 F300
G1 X15.025252222222218 Y16.26438003834147 F300
G1 X15.06431099307482 Y16.296440631883435 F300
G1 X15.091655280031874 Y16.331126076588884 F300
G1 X15.109557931216752 Y16.3676428574439 F300
G1 X15.119446093749996 Y16.40572265986925 F300
G1 X15.121142423234545 Y16.459303497333106 F300
G1 X15.11053812300332 Y16.5110508897048 F300
G1 X15.088875694444441 Y16.55967267723036 F300
G1 X15.057332141254033 Y16.602384085807028 F300
G1 X15.01854850544278 Y16.635399071280194 F300
G1 X14.973083003472219 Y16.65734581959147 F300
G1 X14.936995474288548 Y16.664760945979076 F300
G1 X14.898475941979246 Y16.663964049497153 F300
G1 X14.856862406139372 Y16.65330240638698 F300
G1 X14.811609999999998 Y16.62985781611925 F300
G1 X14.811609999999998 Y16.62985781611925 F300
G1 X14.811751111111109 Y16.629716705008136 F300;svg#Layer_2 > g#Layer_2-2 > path
G0 X12.618743333333333 Y17.782876705008135
G1 X12.45256768695534 Y17.622417930497082 F300
G1 X12.292643193828313 Y17.455755516220794 F300
G1 X12.1392031355086 Y17.283058767047415 F300
G1 X11.992498532790389 Y17.104479026316756 F300
G1 X11.852801041666666 Y16.920152034869247 F300
G1 X11.720501029254148 Y16.73034301152993 F300
G1 X11.59634419670115 Y16.53589982886209 F300
G1 X11.480552861269935 Y16.336959537361793 F300
G1 X11.373374140839386 Y16.13364115056624 F300
G1 X11.275083333333331 Y15.926048510563689 F300
G1 X11.185974657181797 Y15.714241408648613 F300
G1 X11.106700673656452 Y15.499195422808807 F300
G1 X11.037503655855815 Y15.280974207028468 F300
G1 X10.978666425997552 Y15.059625862419669 F300
G1 X10.930516458333333 Y14.835186861258133 F300
G1 X10.893635545962496 Y14.609184007418023 F300
G1 X10.868156499691114 Y14.380920091772847 F300
G1 X10.85443530861427 Y14.150359887776087 F300
G1 X10.852894315320942 Y13.917462707247932 F300
G1 X10.864026666666668 Y13.682187816119244 F300
G1 X10.885065246551278 Y13.473119749372918 F300
G1 X10.91620305649461 Y13.269402398118082 F300
G1 X10.956952916523864 Y13.070522151030307 F300
G1 X11.006884089204771 Y12.875984981850449 F300
G1 X11.065618325425595 Y12.685315155448304 F300
G1 X11.132825694444445 Y12.498053927230355 F300
G1 X11.224299761568766 Y12.277125621780275 F300
G1 X11.327204991048587 Y12.05963162939118 F300
G1 X11.441116430809256 Y11.845021230106358 F300
G1 X11.56563731903265 Y11.632753309795294 F300
G1 X11.70039222222222 Y11.422293371674803 F300
G1 X12.033537916666665 Y10.926164343897025 F300
G1 X12.362344444444444 Y10.427177816119247 F300
G1 X12.519934571062672 Y10.184792351513387 F300
G1 X12.68353097222222 Y9.945971288341472 F300
G1 X12.797727536691715 Y9.790533017506752 F300
G1 X12.917269324927364 Y9.639382723282221 F300
G1 X13.043346666666665 Y9.493445593897029 F300
G1 X13.148158444367322 Y9.383955213515284 F300
G1 X13.260397029295556 Y9.278653978774882 F300
G1 X13.379713283998145 Y9.178333436009712 F300
G1 X13.50577880208333 Y9.083841930702583 F300
G1 X13.636859124934778 Y8.996976802131252 F300
G1 X13.77231498026907 Y8.91855764498591 F300
G1 X13.911786516299271 Y8.849266829854814 F300
G1 X14.054954583333332 Y8.789847955008138 F300
G1 X14.20207957672115 Y8.74096419374424 F300
G1 X14.350904076086893 Y8.704085040860965 F300
G1 X14.501308686862394 Y8.679855368449969 F300
G1 X14.653210572916665 Y8.669076687647028 F300
G1 X14.774390922662384 Y8.670724118880354 F300
G1 X14.89584192666004 Y8.68191225672332 F300
G1 X15.017680136187174 Y8.703208842973503 F300
G1 X15.140004976217657 Y8.735327758764381 F300
G1 X15.262883333333333 Y8.779141149452581 F300
G1 X15.307104994173358 Y8.802644460739698 F300
G1 X15.341290707472526 Y8.83133952099202 F300
G1 X15.367184602704695 Y8.864007576070398 F300
G1 X15.385921197916666 Y8.900038093897027 F300
G1 X15.400652374279877 Y8.953225752423942 F300
G1 X15.403285240223118 Y9.00699201503059 F300
G1 X15.394804583333332 Y9.059670038341471 F300
G1 X15.3753908435707 Y9.109080437040285 F300
G1 X15.346883357694242 Y9.149971485042792 F300
G1 X15.30957567708333 Y9.181096149452582 F300
G1 X15.277529981583623 Y9.19594370565385 F300
G1 X15.241130826576644 Y9.20321699420167 F300
G1 X15.199179937406623 Y9.20135737092671 F300
G1 X15.150276666666663 Y9.187375593897027 F300
G1 X15.026153197802337 Y9.144362338564184 F300
G1 X14.903716372350985 Y9.115817404914601 F300
G1 X14.782721561701443 Y9.1003751750209 F300
G1 X14.662881093749997 Y9.096974083480358 F300
G1 X14.542523148606808 Y9.104980944548538 F300
G1 X14.423709784939932 Y9.123743358338071 F300
G1 X14.306386553093358 Y9.15260120512757 F300
G1 X14.190527083333329 Y9.191026843897026 F300
G1 X14.077819592678399 Y9.237834892626086 F300
G1 X13.967751707741824 Y9.292586386771404 F300
G1 X13.860480108175935 Y9.354714210061307 F300
G1 X13.756193697916665 Y9.423694812647025 F300
G1 X13.623426992299505 Y9.524465770937105 F300
G1 X13.498812453706286 Y9.633455379929325 F300
G1 X13.382859999999997 Y9.749138927230357 F300
G1 X13.226081624250217 Y9.92599579452342 F300
G1 X13.077781905038588 Y10.111672881481425 F300
G1 X12.936300823045265 Y10.304682918999905 F300
G1 X12.734699737371571 Y10.602464100930847 F300
G1 X12.540322139917695 Y10.906166416942291 F300
G1 X12.34772108234196 Y11.210279648458963 F300
G1 X12.152935555555553 Y11.50696003834147 F300
G1 X12.016614122758002 Y11.713201006691488 F300
G1 X11.887992578407657 Y11.92077906335744 F300
G1 X11.768313703703702 Y12.130566622703608 F300
G1 X11.684537357252887 Y12.291130457097283 F300
G1 X11.607060010507794 Y12.453915570612686 F300
G1 X11.536391881947967 Y12.619376871290726 F300
G1 X11.47306222222222 Y12.78797715768303 F300
G1 X11.41799611714115 Y12.958927409534287 F300
G1 X11.371195742474708 Y13.13425145572755 F300
G1 X11.33329501232424 Y13.314581494713343 F300
G1 X11.304998888888885 Y13.500577816119248 F300
G1 X11.284561326423361 Y13.714519555729265 F300
G1 X11.275639755988843 Y13.928165562204468 F300
G1 X11.277925036628242 Y14.141378428235122 F300
G1 X11.291168003850531 Y14.354024446994586 F300
G1 X11.315176527777773 Y14.565966705008137 F300
G1 X11.349712875766492 Y14.776533508038835 F300
G1 X11.39448004464628 Y14.985025471950957 F300
G1 X11.449274398127319 Y15.191264523142188 F300
G1 X11.513936857872437 Y15.395063177340559 F300
G1 X11.588349999999995 Y15.59621892723036 F300
G1 X11.680128003958782 Y15.810922730819108 F300
G1 X11.782479011947128 Y16.01989034173188 F300
G1 X11.894894139803263 Y16.223241522233945 F300
G1 X12.016913731834318 Y16.421072579267395 F300
G1 X12.148120138888887 Y16.61345364945258 F300
G1 X12.28778795643576 Y16.799988841697783 F300
G1 X12.435105957138152 Y16.980261601298793 F300
G1 X12.5895844164888 Y17.154288728508796 F300
G1 X12.750758049312967 Y17.322068679059676 F300
G1 X12.918181111111107 Y17.483580038341472 F300
G1 X12.951591560734567 Y17.521941715655426 F300
G1 X12.971957317569256 Y17.560007709175352 F300
G1 X12.982129256794124 Y17.597568495586884 F300
G1 X12.98381100694444 Y17.63482248625814 F300
G1 X12.97379807009894 Y17.68487482054085 F300
G1 X12.951540501557961 Y17.731051518407966 F300
G1 X12.918286944444441 Y17.772452121674803 F300
G1 X12.87682055271257 Y17.805756765621485 F300
G1 X12.829714483626777 Y17.828923627501094 F300
G1 X12.777885798611107 Y17.84046988209147 F300
G1 X12.73895388074672 Y17.840177022551618 F300
G1 X12.699509734278621 Y17.831651996428974 F300
G1 X12.659424512188577 Y17.813385837293016 F300
G1 X12.618884444444442 Y17.78287670500814 F300
G1 X12.618884444444442 Y17.78287670500814 F300
G1 X12.618743333333333 Y17.782876705008135 F300;svg#Layer_2 > g#Layer_2-2 > path
G0 X15.293222222222221 Y10.287054482785916
G1 X15.103770275239494 Y10.387710459045275 F300
G1 X14.921380387957067 Y10.498183552667102 F300
G1 X14.746001200651715 Y10.6180868142323 F300
G1 X14.57761583111427 Y10.747094053543554 F300
G1 X14.416247146666668 Y10.884932100563695 F300
G1 X14.262157542021694 Y11.031178097746043 F300
G1 X14.116093144275961 Y11.184880419583948 F300
G1 X13.978099760495967 Y11.345726093547926 F300
G1 X13.84826129355298 Y11.513439916376328 F300
G1 X13.72670375111111 Y11.687777558341473 F300
G1 X13.613937031065387 Y11.867947474017551 F300
G1 X13.510393881646333 Y12.053133121660505 F300
G1 X13.41617276667705 Y12.243056858573354 F300
G1 X13.331414300737693 Y12.43746632547301 F300
G1 X13.256304782222221 Y12.636127762785916 F300
G1 X13.191233776113844 Y12.838294936409286 F300
G1 X13.136573928442353 Y13.043036819587407 F300
G1 X13.092468847352023 Y13.250127404776153 F300
G1 X13.059114548514067 Y13.459355973229044 F300
G1 X13.036762986666668 Y13.670519620563695 F300
G1 X13.025754036922713 Y13.88225613190578 F300
G1 X13.026269739360366 Y14.094375733021192 F300
G1 X13.038556372563425 Y14.306725867530485 F300
G1 X13.06293224115311 Y14.519152326633964 F300
G1 X13.099791111111113 Y14.731490038341471 F300
G1 X12.746025555555555 Y14.638074482785916 F300
G1 X12.877423065880011 Y14.483108630804328 F300
G1 X13.015444046189996 Y14.339213447702686 F300
G1 X13.159729733197397 Y14.205582298857069 F300
G1 X13.309983298508378 Y14.081478187391177 F300
G1 X13.465961215277774 Y13.966229048758139 F300
G1 X13.628217308580428 Y13.858750160619556 F300
G1 X13.79545832836254 Y13.759264151872681 F300
G1 X13.967382126202368 Y13.667265715808131 F300
G1 X14.143701971211888 Y13.58227639253906 F300
G1 X14.324141666666664 Y13.503841010563695 F300
G1 X14.55326118057157 Y13.415010224069832 F300
G1 X14.786651314330806 Y13.335159608141954 F300
G1 X15.02357200199826 Y13.26345196646643 F300
G1 X15.263284618055554 Y13.199065264035916 F300
G1 X15.585558846103687 Y13.123289397917908 F300
G1 X15.90716887404182 Y13.05763150343731 F300
G1 X16.22610777777778 Y13.000056705008136 F300
G1 X17.34753830689453 Y12.812026373980597 F300
G1 X18.469950833333332 Y12.629375455008137 F300
G1 X20.715275555555554 Y12.26769003834147 F300
G1 X20.82192909722222 Y12.25718828486925 F300
G1 X20.966100555555553 Y12.241884343897027 F300
G1 X21.039627270591307 Y12.228551170152583 F300
G1 X21.102228680555555 Y12.21052019459147 F300
G1 X21.14025125126195 Y12.193265781242161 F300
G1 X21.167479846466314 Y12.173786334485241 F300
G1 X21.184752222222222 Y12.151837816119249 F300
G1 X21.19735605776785 Y12.11389118544721 F300
G1 X21.19888422848366 Y12.070372569991491 F300
G1 X21.190354855967083 Y12.021158474555467 F300
G1 X21.16483619458471 Y11.948214818211943 F300
G1 X21.129666625514407 Y11.876399379905259 F300
G1 X21.060856666666666 Y11.761242260563694 F300
G1 X20.98833135062561 Y11.65487877212978 F300
G1 X20.907590739824332 Y11.555249468833548 F300
G1 X20.81907053730515 Y11.462502598455888 F300
G1 X20.723107222222225 Y11.376873232785917 F300
G1 X20.620613852162343 Y11.29915630210818 F300
G1 X20.512584462977948 Y11.23005112100134 F300
G1 X20.399360104625575 Y11.16980204044165 F300
G1 X20.281217777777773 Y11.118763371674806 F300
G1 X20.236420108317226 Y11.096029026602652 F300
G1 X20.2018514612108 Y11.06800057550751 F300
G1 X20.175691322481917 Y11.035934987798369 F300
G1 X20.15675116319444 Y11.000446114730362 F300
G1 X20.141795409628262 Y10.947818741735135 F300
G1 X20.13902812507905 Y10.894366688258078 F300
G1 X20.14749736111111 Y10.841726982785914 F300
G1 X20.166947035854978 Y10.792328836488268 F300
G1 X20.19561965439533 Y10.7511358409559 F300
G1 X20.233255434027775 Y10.719467434174803 F300
G1 X20.265605687696493 Y10.704132580479861 F300
G1 X20.302345497860657 Y10.696291936223467 F300
G1 X20.34463104449347 Y10.69746113359091 F300
G1 X20.393824444444444 Y10.71052892723036 F300
G1 X20.544362009559528 Y10.774069717961744 F300
G1 X20.68908879666087 Y10.84730051347852 F300
G1 X20.827547083333332 Y10.930679899452585 F300
G1 X20.92678821084878 Y11.000070494610766 F300
G1 X21.021716563881572 Y11.075503720001322 F300
G1 X21.112152762822348 Y11.157283671726164 F300
G1 X21.197875555555555 Y11.245763371674807 F300
G1 X21.29767703447922 Y11.362518269404356 F300
G1 X21.393988641975312 Y11.491929091839419 F300
G1 X21.452248505424436 Y11.582913212108057 F300
G1 X21.50392983462558 Y11.677105236255041 F300
G1 X21.547580246913576 Y11.774250614473162 F300
G1 X21.581815838904475 Y11.874626616938828 F300
G1 X21.60455593997036 Y11.97644267515442 F300
G1 X21.614435555555556 Y12.079871149452583 F300
G1 X21.610672368808846 Y12.170841365554434 F300
G1 X21.59560430320456 Y12.248957891114076 F300
G1 X21.57121857169439 Y12.316543867028386 F300
G1 X21.53876864197531 Y12.375545964267399 F300
G1 X21.496814043055743 Y12.429806431673121 F300
G1 X21.44741069782786 Y12.477151788774849 F300
G1 X21.390902747175623 Y12.518363459647714 F300
G1 X21.327446913580243 Y12.554004482785917 F300
G1 X21.23763752534762 Y12.59156867956266 F300
G1 X21.13956375941021 Y12.620679388730462 F300
G1 X21.034468888888888 Y12.642057816119252 F300
G1 X19.79537222222222 Y12.843846705008144 F300
G1 X17.351468888888885 Y13.241921149452587 F300
G1 X16.553490781893 Y13.368947281139832 F300
G1 X16.154602645679876 Y13.437231172348413 F300
G1 X15.757801810699585 Y13.51456872146905 F300
G1 X15.494941963712186 Y13.57337708015547 F300
G1 X15.234057822188237 Y13.639480931271212 F300
G1 X14.975439999999995 Y13.714220038341477 F300
G1 X14.790703662548106 Y13.774758089695581 F300
G1 X14.608627146169114 Y13.841736752632288 F300
G1 X14.42964438175287 Y13.91548845479491 F300
G1 X14.254194979423866 Y13.996363865501973 F300
G1 X14.082458370148732 Y14.084881196942202 F300
G1 X13.915731718769438 Y14.180978404607925 F300
G1 X13.754367167836998 Y14.285045802708678 F300
G1 X13.598739094650202 Y14.397511396366168 F300
G1 X13.449888298581863 Y14.518296200724375 F300
G1 X13.307840671370379 Y14.64810537420166 F300
G1 X13.172941820893605 Y14.787529765499176 F300
G1 X13.04560444444444 Y14.937230038341477 F300
G1 X13.018173486574286 Y14.96439093008449 F300
G1 X12.987255564225077 Y14.983257456244301 F300
G1 X12.953473987997093 Y14.994991823240428 F300
G1 X12.917135843621399 Y15.000123783197447 F300
G1 X12.867701233457474 Y14.9970102726161 F300
G1 X12.819802883475889 Y14.983573059375207 F300
G1 X12.775151934156373 Y14.960414071263289 F300
G1 X12.737010202671335 Y14.92851775042583 F300
G1 X12.708688410184863 Y14.889735352481964 F300
G1 X12.691838888888885 Y14.84381448278592 F300
G1 X12.656930862722557 Y14.649086453576244 F300
G1 X12.63134689809733 Y14.454060424740787 F300
G1 X12.614857520673208 Y14.25886147701108 F300
G1 X12.607270597686936 Y14.063607666488702 F300
G1 X12.608430147731362 Y13.868413933710398 F300
G1 X12.618215013333332 Y13.67339602945259 F300
G1 X12.641199705852026 Y13.43994675094494 F300
G1 X12.676130666822305 Y13.208502386051965 F300
G1 X12.72276401513444 Y12.979308074188397 F300
G1 X12.7809149673575 Y12.752616479189953 F300
G1 X12.85045455111111 Y12.52869592278592 F300
G1 X12.931054207505612 Y12.308476872255657 F300
G1 X13.022287232046965 Y12.092914873800988 F300
G1 X13.123979319050108 Y11.882277468122734 F300
G1 X13.236007009222293 Y11.676851969619726 F300
G1 X13.358294248888884 Y11.47695304278592 F300
G1 X13.49043372851619 Y11.283450546703197 F300
G1 X13.631894128793178 Y11.0972518404924 F300
G1 X13.782578468655533 Y10.918631119939382 F300
G1 X13.942438554267376 Y10.747898137393463 F300
G1 X14.11147085333333 Y10.585406269452589 F300
G1 X14.258550554638688 Y10.457258335128174 F300
G1 X14.411307620759597 Y10.335831969783204 F300
G1 X14.569755649685703 Y10.221301763175655 F300
G1 X14.733931780659493 Y10.113871526821503 F300
G1 X14.903894456883892 Y10.013778010203062 F300
G1 X15.079721111111105 Y9.921294482785923 F300
G1 X15.127126372155077 Y9.903634710427188 F300
G1 X15.171040072787896 Y9.89734192625592 F300
G1 X15.211881600308988 Y9.900093431935273 F300
G1 X15.250103958333328 Y9.910534760563698 F300
G1 X15.297805648165996 Y9.935764326266014 F300
G1 X15.337744087272052 Y9.970651351919285 F300
G1 X15.369422222222218 Y10.013440038341477 F300
G1 X15.391096394303071 Y10.061896665249744 F300
G1 X15.40067715294176 Y10.111681162326413 F300
G1 X15.397300486111106 Y10.16164198278592 F300
G1 X15.385907362373953 Y10.196336537196496 F300
G1 X15.366157968053514 Y10.22903874123351 F300
G1 X15.33626184983442 Y10.25951242962508 F300
G1 X15.293363333333328 Y10.2867722605637 F300
G1 X15.293363333333328 Y10.2867722605637 F300
G1 X15.293222222222221 Y10.287054482785916 F300;svg#Layer_2 > g#Layer_2-2 > path
G0 X21.503381111111114 Y14.282333371674802
G1 X21.55930662576009 Y13.921503115043231 F300
G1 X21.60300555555556 Y13.5640725897818 F300
G1 X21.622536153555902 Y13.325549263675983 F300
G1 X21.632160974756932 Y13.087503515924487 F300
G1 X21.630098888888888 Y12.84944933875299 F300
G1 X21.619867526804736 Y12.671599841158091 F300
G1 X21.60129716240101 Y12.492902949603295 F300
G1 X21.57350741831238 Y12.313031840501653 F300
G1 X21.535554444444447 Y12.131658927230356 F300
G1 X21.469922328371254 Y11.88291203224171 F300
G1 X21.393631944444447 Y11.637276149452578 F300
G1 X21.3088130863705 Y11.394365997829555 F300
G1 X21.21763111111111 Y11.153900038341469 F300
G1 X21.131492702167822 Y10.939505243505979 F300
G1 X21.03475111111111 Y10.7295083716748 F300
G1 X20.979646345160724 Y10.62838502603576 F300
G1 X20.918668953920786 Y10.531146606837414 F300
G1 X20.850559025273338 Y10.438407775127292 F300
G1 X20.773977777777777 Y10.350836705008135 F300
G1 X20.742826108266197 Y10.310746682936182 F300
G1 X20.724082642298455 Y10.27107609005867 F300
G1 X20.71517610516892 Y10.232015791052966 F300
G1 X20.71455897569444 Y10.193422850841468 F300
G1 X20.72574609246326 Y10.141945861109528 F300
G1 X20.7486943455876 Y10.095016727547318 F300
G1 X20.781968194444445 Y10.053550871674801 F300
G1 X20.823372093057888 Y10.020278973080353 F300
G1 X20.86975166961403 Y9.997826386976502 F300
G1 X20.92020637152778 Y9.987497642508131 F300
G1 X20.957836096005078 Y9.988901046839882 F300
G1 X20.995831051085748 Y9.998746987324857 F300
G1 X21.034377368951933 Y10.018700297806582 F300
G1 X21.073274444444447 Y10.051540038341464 F300
G1 X21.158766562068568 Y10.147956744364219 F300
G1 X21.235480367138226 Y10.24866927680061 F300
G1 X21.3047047656824 Y10.353291336727937 F300
G1 X21.36764986111111 Y10.461485455008132 F300
G1 X21.443728172030244 Y10.610645732307884 F300
G1 X21.51313579497689 Y10.764499575565448 F300
G1 X21.578311111111116 Y10.921913371674801 F300
G1 X21.683542150423765 Y11.191375252656357 F300
G1 X21.781458194444447 Y11.463832955008133 F300
G1 X21.841223749748856 Y11.647309617440685 F300
G1 X21.895564207606 Y11.832357273399314 F300
G1 X21.94364777777778 Y12.0191933716748 F300
G1 X21.9857717620246 Y12.219932603361393 F300
G1 X22.0167405930705 Y12.41878919815111 F300
G1 X22.03758399293052 Y12.616156599442071 F300
G1 X22.04926160493828 Y12.812425964267396 F300
G1 X22.052088823478634 Y13.075182123677775 F300
G1 X22.042000203633165 Y13.33788263940083 F300
G1 X22.020913950617288 Y13.601143001304429 F300
G1 X21.99095141670832 Y13.863785928782464 F300
G1 X21.95384321210864 Y14.128241355656765 F300
G1 X21.911474444444448 Y14.394940038341465 F300
G1 X21.897903267402622 Y14.443724522751998 F300
G1 X21.87757064272313 Y14.480550247081288 F300
G1 X21.852273733704084 Y14.50805551877243 F300
G1 X21.822724375000004 Y14.527998996674798 F300
G1 X21.776475575038543 Y14.544153656542345 F300
G1 X21.7265217155647 Y14.547782162080383 F300
G1 X21.674125555555555 Y14.539296705008132 F300
G1 X21.624542127935733 Y14.519725992177934 F300
G1 X21.579912460675246 Y14.490052170984136 F300
G1 X21.542142569444444 Y14.450264413341465 F300
G1 X21.521170156762622 Y14.415806732264418 F300
G1 X21.50679214850378 Y14.37684451332352 F300
G1 X21.500146503939167 Y14.332663600655891 F300
G1 X21.503239999999998 Y14.282333371674799 F300
G1 X21.503239999999998 Y14.282333371674799 F300
G1 X21.503381111111114 Y14.282333371674802 F300;svg#Layer_2 > g#Layer_2-2 > path
G0 X15.295338888888889 Y9.075756705008137
G1 X15.325796319419023 Y9.211390374494346 F300
G1 X15.363885943600774 Y9.337723264161443 F300
G1 X15.408980612371247 Y9.455559224127079 F300
G1 X15.460569594162477 Y9.565635776359063 F300
G1 X15.518251439074032 Y9.668623994359146 F300
G1 X15.581725848765434 Y9.765128253362047 F300
G1 X15.668128740033017 Y9.876535511324464 F300
G1 X15.762545485383637 Y9.979339842909079 F300
G1 X15.864632959637357 Y10.074178703841513 F300
G1 X15.974140838482171 Y10.161598757377394 F300
G1 X16.090891975308644 Y10.242060943691268 F300
G1 X16.24332251128758 Y10.331546171113521 F300
G1 X16.404862894720026 Y10.411127958506494 F300
G1 X16.574924907246867 Y10.48136039333001 F300
G1 X16.752928472222223 Y10.54273017723036 F300
G1 X16.93328870977304 Y10.594376565408954 F300
G1 X17.118172351715337 Y10.638003855105275 F300
G1 X17.306687003017842 Y10.674143609274157 F300
G1 X17.497926543209875 Y10.7033113552139 F300
G1 X17.754185932902878 Y10.732104278017864 F300
G1 X18.007660493891464 Y10.750485134982597 F300
G1 X18.255977391975307 Y10.75997987887645 F300
G1 X18.504944434767154 Y10.761999701956647 F300
G1 X18.73928153921105 Y10.757738623172614 F300
G1 X18.957172222222223 Y10.748911149452582 F300
G1 X19.209970503223197 Y10.731028442868421 F300
G1 X19.463619240155676 Y10.701868370622734 F300
G1 X19.71661654320988 Y10.659812548629539 F300
G1 X19.90447356537741 Y10.618922468813402 F300
G1 X20.089437524939033 Y10.569430021030271 F300
G1 X20.271010869962904 Y10.510676180527113 F300
G1 X20.448685308641977 Y10.441957898423777 F300
G1 X20.58742633466149 Y10.379417311148671 F300
G1 X20.72267436235602 Y10.309840842816948 F300
G1 X20.854255378836456 Y10.232798509460892 F300
G1 X20.981970474366943 Y10.147814320694291 F300
G1 X21.10558888888889 Y10.054362260563693 F300
G1 X21.22110670635849 Y9.954313648117925 F300
G1 X21.32576077507957 Y9.849768805597623 F300
G1 X21.42040190992688 Y9.740955016612126 F300
G1 X21.505785465741525 Y9.628026681612152 F300
G1 X21.58257580246914 Y9.51107403011102 F300
G1 X21.668305663298053 Y9.357399448482532 F300
G1 X21.7419616748615 Y9.197855262879992 F300
G1 X21.804374486053035 Y9.032635591163164 F300
G1 X21.85626864197531 Y8.861889750275626 F300
G1 X21.897689164019617 Y8.68856161048284 F300
G1 X21.92992265930748 Y8.511055544979806 F300
G1 X21.953565735269137 Y8.32970462817956 F300
G1 X21.96918888888889 Y8.144846705008137 F300
G1 X21.987667484447083 Y7.752168647536352 F300
G1 X21.994278182414753 Y7.355880668364948 F300
G1 X21.990055694444443 Y6.957290871674804 F300
G1 X21.976085122316935 Y6.558836990609661 F300
G1 X21.953549285896475 Y6.163018228032835 F300
G1 X21.923609999999996 Y5.771216705008137 F300
G1 X21.892379247294688 Y5.466267970975175 F300
G1 X21.849791249999992 Y5.162869066119248 F300
G1 X21.81420842625603 Y4.961795641795159 F300
G1 X21.772254591384453 Y4.761906650995816 F300
G1 X21.723373333333324 Y4.5633055938970255 F300
G1 X21.668130819204624 Y4.368274401288481 F300
G1 X21.60536453830938 Y4.175454075826104 F300
G1 X21.533578888888876 Y3.9860200383414686 F300
G1 X21.497374436624067 Y3.9046771062747125 F300
G1 X21.45886187621232 Y3.836433805303696 F300
G1 X21.415151388888873 Y3.780509343897024 F300
G1 X21.376715781519557 Y3.7457102161132276 F300
G1 X21.330982837701438 Y3.716630046113968 F300
G1 X21.275305155306377 Y3.6937049751255335 F300
G1 X21.206342222222204 Y3.677974482785914 F300
G1 X21.054369656518105 Y3.662273456256771 F300
G1 X20.898896388888872 Y3.656807816119248 F300
G1 X20.589968888888873 Y3.6542678161192463 F300
G1 X19.928581111111093 Y3.6386044827859143 F300
G1 X19.267115909193077 Y3.628426965377055 F300
G1 X18.605523333333316 Y3.623646705008137 F300
G1 X17.94392300160731 Y3.6243523583762074 F300
G1 X17.282465555555536 Y3.6305611494525833 F300
G1 X16.620936666666648 Y3.642132260563693 F300
G1 X16.474584095847707 Y3.645560775587707 F300
G1 X16.32673763888887 Y3.656525593897027 F300
G1 X16.254021620440987 Y3.6682246747905207 F300
G1 X16.183284318377723 Y3.6857761182120305 F300
G1 X16.114760044406367 Y3.7105716076031108 F300
G1 X16.048731111111092 Y3.744155593897028 F300
G1 X15.97946172953883 Y3.792550404662347 F300
G1 X15.918813826847797 Y3.8487263876384925 F300
G1 X15.865625293420145 Y3.911930848541277 F300
G1 X15.81895518518517 Y3.9816246885472344 F300
G1 X15.766756676892484 Y4.081350298241029 F300
G1 X15.723993477781262 Y4.187680688235197 F300
G1 X15.689179999999983 Y4.2985550177653415 F300
G1 X15.649032132598382 Y4.46737089585502 F300
G1 X15.619894444444425 Y4.626241149452585 F300
G1 X15.568994624326722 Y4.96613872012636 F300
G1 X15.52695513888887 Y5.308248788341474 F300
G1 X15.449573333333316 Y5.99247892723036 F300
G1 X15.085647777777762 Y8.986151149452583 F300
G1 X15.07454324020106 Y9.035009449440041 F300
G1 X15.05580138050365 Y9.075568584791249 F300
G1 X15.031052983786253 Y9.109183879840346 F300
G1 X15.001186163194426 Y9.136785055702582 F300
G1 X14.95370777839418 Y9.165066184316828 F300
G1 X14.902514752933444 Y9.18183303447418 F300
G1 X14.849480694444427 Y9.187604899452582 F300
G1 X14.796703681129216 Y9.181982951506129 F300
G1 X14.749795251857233 Y9.165356630556104 F300
G1 X14.71002543402776 Y9.137697868202583 F300
G1 X14.687318848786381 Y9.110793559730734 F300
G1 X14.670784935412831 Y9.077709516000198 F300
G1 X14.66160970201032 Y9.036876714178737 F300
G1 X14.662314444444426 Y8.986151149452583 F300
G1 X15.02623999999998 Y5.99247892723036 F300
G1 X15.107114305555537 Y5.3007346216748035 F300
G1 X15.149376358103193 Y4.954981874692815 F300
G1 X15.19656111111109 Y4.6101544827859176 F300
G1 X15.223838230173662 Y4.445003940973417 F300
G1 X15.259032956737638 Y4.279527621969834 F300
G1 X15.30466986111109 Y4.115895177230362 F300
G1 X15.347142350628923 Y3.9961839892409987 F300
G1 X15.397618412183988 Y3.8805941667940402 F300
G1 X15.457220207205783 Y3.7697387837938643 F300
G1 X15.527184444444423 Y3.664286705008139 F300
G1 X15.59660733727879 Y3.5795239096113463 F300
G1 X15.669383411650063 Y3.507377982564893 F300
G1 X15.745330285834445 Y3.4461836306723677 F300
G1 X15.824416707818912 Y3.394534523938181 F300
G1 X15.908823128467802 Y3.3502849225951876 F300
G1 X15.996770173719081 Y3.3138243697653817 F300
G1 X16.088276194191092 Y3.2843705576871165 F300
G1 X16.183392921810682 Y3.2612211083003215 F300
G1 X16.31222859987247 Y3.2395398765781804 F300
G1 X16.44655790639554 Y3.2261108146570217 F300
G1 X16.586082222222206 Y3.2195044827859185 F300
G1 X17.317125390429666 Y3.2060107398177915 F300
G1 X18.048275555555534 Y3.2004544827859203 F300
G1 X19.023246618108455 Y3.202351791377041 F300
G1 X19.998080489521858 Y3.2161020210986586 F300
G1 X20.972662222222205 Y3.24236448278592 F300
G1 X21.119366968890645 Y3.248207948693064 F300
G1 X21.26599694444442 Y3.2616261494525856 F300
G1 X21.361989332467807 Y3.2789151738587403 F300
G1 X21.455438529860462 Y3.3057376606388855 F300
G1 X21.545996666666646 Y3.344811149452586 F300
G1 X21.612197461030476 Y3.384661449905127 F300
G1 X21.67046113707378 Y3.430439639414502 F300
G1 X21.722037911145105 Y3.481503234908628 F300
G1 X21.767999722222203 Y3.5373925383414746 F300
G1 X21.82186175928028 Y3.618402537244709 F300
G1 X21.86871144317668 Y3.705426934231107 F300
G1 X21.91020444444442 Y3.797072260563699 F300
G1 X21.991291642008928 Y4.003436568287612 F300
G1 X22.062598829106854 Y4.213195451517548 F300
G1 X22.12479916666664 Y4.426004482785921 F300
G1 X22.178460594576563 Y4.64121793502013 F300
G1 X22.224169575687583 Y4.8581987877309505 F300
G1 X22.26255888888887 Y5.076526705008145 F300
G1 X22.30908755671302 Y5.4045753860543435 F300
G1 X22.34510953862663 Y5.73463160048945 F300
G1 X22.371806975283427 Y6.066342568953528 F300
G1 X22.390352638888864 Y6.399355177230367 F300
G1 X22.404401335892835 Y6.843916712123358 F300
G1 X22.40883490934465 Y7.287580578213241 F300
G1 X22.406492222222198 Y7.7292744827859226 F300
G1 X22.39891609138571 Y8.005762449043335 F300
G1 X22.380349702686082 Y8.281632336401874 F300
G1 X22.348108806584342 Y8.555333700892922 F300
G1 X22.313182551092876 Y8.7589033600263 F300
G1 X22.268008385632417 Y8.95878047927662 F300
G1 X22.211459295495874 Y9.1545548370908 F300
G1 X22.142342674897098 Y9.345801560975225 F300
G1 X22.077589948257568 Y9.494295507700702 F300
G1 X22.003491044127685 Y9.63923755722422 F300
G1 X21.9192432026962 Y9.780532005698177 F300
G1 X21.82394771544718 Y9.9180342583983 F300
G1 X21.716599999999975 Y10.051540038341479 F300
G1 X21.606366359315807 Y10.171057320895974 F300
G1 X21.489950982132285 Y10.282534524606321 F300
G1 X21.367698718818808 Y10.386365840610653 F300
G1 X21.23990758988897 Y10.48289630990041 F300
G1 X21.10683798353907 Y10.57242296015218 F300
G1 X20.934064327609498 Y10.674511005150967 F300
G1 X20.75514282824936 Y10.765904007423288 F300
G1 X20.57072337868615 Y10.847041312722208 F300
G1 X20.381427572016435 Y10.918296746160408 F300
G1 X20.18853027857451 Y10.979789068762098 F300
G1 X19.9935980341835 Y11.031646868175475 F300
G1 X19.797387459449993 Y11.074275156891643 F300
G1 X19.600638888888863 Y11.108038927230364 F300
G1 X19.34324604138923 Y11.141066424795362 F300
G1 X19.084968933806152 Y11.163891904278724 F300
G1 X18.82593888888886 Y11.177536149452587 F300
G1 X18.566509136170076 Y11.182995295997783 F300
G1 X18.30707257141723 Y11.18127281565538 F300
G1 X18.047852222222197 Y11.17337337167481 F300
G1 X17.798528070583746 Y11.159807906767236 F300
G1 X17.548725784948317 Y11.138228620262014 F300
G1 X17.299487083333304 Y11.106627816119254 F300
G1 X17.113845190645243 Y11.075174586292514 F300
G1 X16.93015035191454 Y11.03621506477909 F300
G1 X16.748713913597143 Y10.988901899647352 F300
G1 X16.569854444444417 Y10.932355593897032 F300
G1 X16.42217281345972 Y10.876999185951018 F300
G1 X16.27672736856087 Y10.81392235028098 F300
G1 X16.134070670595605 Y10.743151666510345 F300
G1 X15.994778159722195 Y10.6646766355637 F300
G1 X15.86000911908431 Y10.578824762148624 F300
G1 X15.7308359872741 Y10.485983853603507 F300
G1 X15.607749230668837 Y10.386173175806222 F300
G1 X15.491271666666638 Y10.279363927230367 F300
G1 X15.381838223432236 Y10.165333583576139 F300
G1 X15.280888368511288 Y10.044939623061753 F300
G1 X15.188866789409321 Y9.918061304422256 F300
G1 X15.106298506944416 Y9.784513718897031 F300
G1 X15.047975578225985 Y9.673758308363766 F300
G1 X14.996531972480005 Y9.558970705673024 F300
G1 X14.952266110951406 Y9.439945943316301 F300
G1 X14.915546971312283 Y9.316449698730747 F300
G1 X14.886822222222195 Y9.1882222605637 F300
G1 X14.88266929074776 Y9.137913573901212 F300
G1 X14.888457043435055 Y9.093821325095451 F300
G1 X14.902106527276587 Y9.054977138269109 F300
G1 X14.922450572916638 Y9.020628562647033 F300
G1 X14.959546589539181 Y8.980926883045209 F300
G1 X15.00378788773121 Y8.951254694784966 F300
G1 X15.053315694444416 Y8.931629343897033 F300
G1 X15.105715002255778 Y8.923112477423695 F300
G1 X15.156042261686487 Y8.926663997512971 F300
G1 X15.202992690972192 Y8.9427749168137 F300
G1 X15.233173578162791 Y8.962704232264798 F300
G1 X15.25921473154116 Y8.99020520566674 F300
G1 X15.280419112303534 Y9.026987295301266 F300
G1 X15.295056666666637 Y9.075615593897034 F300
G1 X15.295056666666637 Y9.075615593897034 F300
G1 X15.295338888888889 Y9.075756705008137 F300;svg#Layer_2 > g#Layer_2-2 > path
G0 X5.558672222222223 Y7.247380038341471
G1 X5.967198888262601 Y7.12829185230804 F300
G1 X6.378280365108439 Y7.020321250239571 F300
G1 X6.7918209284653654 Y6.9235132578392715 F300
G1 X7.207729683842205 Y6.837928161945146 F300
G1 X7.625919523635073 Y6.763641951618323 F300
G1 X8.04630607873942 Y6.700746737580097 F300
G1 X8.46880666666667 Y6.649351149452583 F300
G1 X8.66972086847779 Y6.6301112899970915 F300
G1 X8.873670123456796 Y6.617747486901143 F300
G1 X9.009960688503886 Y6.615197428063306 F300
G1 X9.145841450035777 Y6.618458039735394 F300
G1 X9.280979506172843 Y6.6286025897818 F300
G1 X9.415062464665336 Y6.646734218979395 F300
G1 X9.547400344759637 Y6.673909782853901 F300
G1 X9.67784666666667 Y6.71129892723036 F300
G1 X9.799266817023687 Y6.757467733464789 F300
G1 X9.913184844669333 Y6.8122971351888335 F300
G1 X10.020329605897942 Y6.87516691460441 F300
G1 X10.121354172287814 Y6.945585829958095 F300
G1 X10.216838194444446 Y7.023172121674805 F300
G1 X10.328773782662672 Y7.1293854031336945 F300
G1 X10.433004347312053 Y7.244958954145584 F300
G1 X10.530181150247685 Y7.3691096733530275 F300
G1 X10.620892222222224 Y7.50109781611925 F300
G1 X10.735319505087581 Y7.68994539553357 F300
G1 X10.838989508074507 Y7.88538679699183 F300
G1 X10.931846419971233 Y8.086955624606663 F300
G1 X11.013766460905352 Y8.294215429287975 F300
G1 X11.084198509506152 Y8.505572374114752 F300
G1 X11.14299009538323 Y8.720245229224934 F300
G1 X11.190045683748533 Y8.937762487425692 F300
G1 X11.225203168724281 Y9.157669091839416 F300
G1 X11.248210997426709 Y9.379253827220431 F300
G1 X11.25878511839451 Y9.600826758249914 F300
G1 X11.256802434475189 Y9.821959092842771 F300
G1 X11.242063333333334 Y10.04222670500814 F300
G1 X11.21453041486636 Y10.265880039314236 F300
G1 X11.175989364197196 Y10.486270854819129 F300
G1 X11.127235738800836 Y10.70371203577455 F300
G1 X11.069014074074078 Y10.918505799658348 F300
G1 X11.002020528839308 Y11.130960808977102 F300
G1 X10.927081395768505 Y11.34093183279983 F300
G1 X10.84492461734881 Y11.548593133646964 F300
G1 X10.756264814814818 Y11.75411353628386 F300
G1 X10.629504629268267 Y12.02437715817588 F300
G1 X10.494646023546878 Y12.290550292735979 F300
G1 X10.35348666666667 Y12.552875593897028 F300
G1 X10.140583377100901 Y12.936184442872817 F300
G1 X9.918660617283956 Y13.316725717353824 F300
G1 X9.802014834389515 Y13.503566885566576 F300
G1 X9.680614220327838 Y13.686448011893173 F300
G1 X9.553492595342979 Y13.864542477348186 F300
G1 X9.419676049382721 Y14.037019544514312 F300
G1 X9.278312156530788 Y14.202889197122168 F300
G1 X9.128337110797277 Y14.361402385505421 F300
G1 X8.968564067022541 Y14.511849776313666 F300
G1 X8.797736666666669 Y14.653455593897029 F300
G1 X8.627659553093478 Y14.779097600312674 F300
G1 X8.449802691910149 Y14.898804072624465 F300
G1 X8.264713079907954 Y15.012419758301562 F300
G1 X8.072937736625518 Y15.11975987373242 F300
G1 X7.877516264569787 Y15.219400809286714 F300
G1 X7.67807367418662 Y15.311848565938773 F300
G1 X7.475266537987615 Y15.39697908631604 F300
G1 X7.269743744855971 Y15.474649091839414 F300
G1 X7.061120946648774 Y15.545022004752921 F300
G1 X6.8525773412380016 Y15.607087106736651 F300
G1 X6.644776752189451 Y15.660810993055977 F300
G1 X6.438358888888892 Y15.70614448278592 F300
G1 X6.273426249889825 Y15.734088784520997 F300
G1 X6.110179758917707 Y15.751091445981618 F300
G1 X5.9486378489740925 Y15.756256006163692 F300
G1 X5.788806805555559 Y15.748601288341476 F300
G1 X5.662244292852984 Y15.73252628727062 F300
G1 X5.536996978200752 Y15.70698177118423 F300
G1 X5.412885233069839 Y15.671259882383037 F300
G1 X5.289759512965999 Y15.624513085895257 F300
G1 X5.167512222222225 Y15.565738927230363 F300
G1 X5.045148760564676 Y15.49463013897734 F300
G1 X4.92662031043989 Y15.414981498894576 F300
G1 X4.811598641975312 Y15.327747198835304 F300
G1 X4.64689998658948 Y15.186459560763286 F300
G1 X4.4901161728395085 Y15.035380655625424 F300
G1 X4.340388820847722 Y14.878057039935495 F300
G1 X4.198925555555558 Y14.720342260563694 F300
G1 X4.054270380941787 Y14.546684743198034 F300
G1 X3.9225013059645075 Y14.369914436884683 F300
G1 X3.8030522629287913 Y14.18983481844977 F300
G1 X3.695425477831311 Y14.006217191235393 F300
G1 X3.5991916521141762 Y13.818801191308943 F300
G1 X3.513989861111114 Y13.627295593897028 F300
G1 X3.4395046772153623 Y13.431315080277933 F300
G1 X3.3754827246580517 Y13.230375076034099 F300
G1 X3.32180216956435 Y13.024119345610316 F300
G1 X3.278398415098078 Y12.812169577427586 F300
G1 X3.245262080273159 Y12.594126712696122 F300
G1 X3.22243666666667 Y12.369572260563695 F300
G1 X3.2060551403768787 Y12.089061400654574 F300
G1 X3.2002531154322202 Y11.802997987170372 F300
G1 X3.2055999541880627 Y11.512366126322535 F300
G1 X3.2227121155555594 Y11.218184616119256 F300
G1 X3.2449563612960675 Y10.984231867731724 F300
G1 X3.2750753517224243 Y10.750749902220573 F300
G1 X3.3132917097402212 Y10.51824403970112 F300
G1 X3.359847368708602 Y10.287221340636139 F300
G1 X3.4150047911111145 Y10.058194838341475 F300
G1 X3.4791938570005363 Y9.831209661310893 F300
G1 X3.5521820430591915 Y9.608528972711904 F300
G1 X3.6341753303346427 Y9.390562763032962 F300
G1 X3.725411927773665 Y9.177725404014735 F300
G1 X3.82616418666667 Y8.970442660563695 F300
G1 X3.918176956896751 Y8.801286717733836 F300
G1 X4.016904219488525 Y8.637236812214697 F300
G1 X4.122527620430716 Y8.478462907396523 F300
G1 X4.235258360428121 Y8.325151112226687 F300
G1 X4.355338110623475 Y8.177508495663421 F300
G1 X4.483039795555559 Y8.035767816119252 F300
G1 X4.6171461052162375 Y7.901635549240224 F300
G1 X4.759005283053909 Y7.774101961949904 F300
G1 X4.909007329003462 Y7.653378138816159 F300
G1 X5.0675896290375 Y7.539728202578396 F300
G1 X5.235236922810895 Y7.4334757685518165 F300
G1 X5.412481111111114 Y7.335010038341473 F300
G1 X5.459669960448324 Y7.316469941930331 F300
G1 X5.503326744573837 Y7.309501637289006 F300
G1 X5.543892438217365 Y7.311700505254348 F300
G1 X5.581851927083337 Y7.321670628619251 F300
G1 X5.629287301646989 Y7.3463985958138975 F300
G1 X5.669088688864167 Y7.381000827571555 F300
G1 X5.700753472222225 Y7.423768927230362 F300
G1 X5.722413857138966 Y7.472249810394695 F300
G1 X5.7321150797615985 Y7.522337142423679 F300
G1 X5.728929392361113 Y7.572857225841473 F300
G1 X5.717702054722627 Y7.608063944623581 F300
G1 X5.698155428420634 Y7.6413492851547975 F300
G1 X5.6685522317360295 Y7.672474623188647 F300
G1 X5.626123333333335 Y7.700487816119251 F300
G1 X5.455802688493343 Y7.795535885472223 F300
G1 X5.29575153152822 Y7.898270289516659 F300
G1 X5.145317697374228 Y8.008267030792883 F300
G1 X5.003909178561093 Y8.12518057512292 F300
G1 X4.870993751111114 Y8.24873609167481 F300
G1 X4.744490165950299 Y8.380491657606827 F300
G1 X4.626103519318163 Y8.518298930321855 F300
G1 X4.515465012352449 Y8.661904483555645 F300
G1 X4.41224637976719 Y8.811088951448953 F300
G1 X4.3161584088888905 Y8.965660687230363 F300
G1 X4.20640415435167 Y9.164816872787284 F300
G1 X4.107310910984948 Y9.37069282123551 F300
G1 X4.018449397908244 Y9.582795864239314 F300
G1 X3.9394414133333355 Y9.80065125611925 F300
G1 X3.870550063245796 Y10.02172241078839 F300
G1 X3.8110398326773747 Y10.246225005329254 F300
G1 X3.760530000643924 Y10.473551350048965 F300
G1 X3.7186668711111137 Y10.703097451674807 F300
G1 X3.6851179555841482 Y10.934280593436203 F300
G1 X3.6597158181122733 Y11.165003096988734 F300
G1 X3.6420318319625844 Y11.394592494645968 F300
G1 X3.631658888888891 Y11.622388927230363 F300
G1 X3.6279742143332734 Y11.891500827863576 F300
G1 X3.634532396098319 Y12.16008097526696 F300
G1 X3.653311604938274 Y12.42723966797111 F300
G1 X3.6766969776262006 Y12.626647315343586 F300
G1 X3.708891273054735 Y12.823757167230749 F300
G1 X3.75073083562552 Y13.018342875254085 F300
G1 X3.803093209876545 Y13.21017114945259 F300
G1 X3.852929480600989 Y13.360779831119647 F300
G1 X3.9104636716135097 Y13.50921281766778 F300
G1 X3.9762442540748024 Y13.65543341297364 F300
G1 X4.050871402076751 Y13.799384823022995 F300
G1 X4.135002222222224 Y13.940985593897032 F300
G1 X4.243980324502774 Y14.102386392581357 F300
G1 X4.3612681417285994 Y14.257728667619062 F300
G1 X4.485892638888891 Y14.407622399452585 F300
G1 X4.616657115986274 Y14.552382969329258 F300
G1 X4.752351350794055 Y14.69234452727924 F300
G1 X4.891922222222224 Y14.828010038341475 F300
G1 X4.990847326861512 Y14.91835978265412 F300
G1 X5.092367093582108 Y15.003353094492777 F300
G1 X5.197009670781895 Y15.081696458094566 F300
G1 X5.306339075649462 Y15.152711996592156 F300
G1 X5.419596086624654 Y15.214113697878592 F300
G1 X5.537594403292182 Y15.26473324821802 F300
G1 X5.628659728628303 Y15.294536288469294 F300
G1 X5.7233080922383275 Y15.317113223297866 F300
G1 X5.822150198034857 Y15.331781587121348 F300
G1 X5.925843333333335 Y15.337703371674808 F300
G1 X6.060018495356765 Y15.334123344510946 F300
G1 X6.193834779169473 Y15.321101734787039 F300
G1 X6.327388065843624 Y15.299817651510201 F300
G1 X6.525791061404586 Y15.255279003871358 F300
G1 X6.722190823045269 Y15.199153165913494 F300
G1 X6.9160970347036725 Y15.135545666354847 F300
G1 X7.105391111111113 Y15.069168927230365 F300
G1 X7.287622222597979 Y15.001731053833382 F300
G1 X7.467757889586196 Y14.929161962358876 F300
G1 X7.64551152777778 Y14.851028788341475 F300
G1 X7.8204722860336435 Y14.76694922518466 F300
G1 X7.9923053164549795 Y14.67650758485317 F300
G1 X8.160761111111112 Y14.579231149452585 F300
G1 X8.315451471441609 Y14.480958149234405 F300
G1 X8.464988129881332 Y14.376134275834282 F300
G1 X8.609071111111113 Y14.264447538341475 F300
G1 X8.747264304176694 Y14.145661042583662 F300
G1 X8.879163268179745 Y14.019495812889211 F300
G1 X9.004464444444444 Y13.885528927230364 F300
G1 X9.139479932413607 Y13.721999478630803 F300
G1 X9.26481637116811 Y13.550930845902174 F300
G1 X9.382624583333333 Y13.373930593897029 F300
G1 X9.549338171771954 Y13.10168518655112 F300
G1 X9.70987888888889 Y12.82719559389703 F300
G1 X9.909357925412928 Y12.480747294932188 F300
G1 X10.102376831275722 Y12.129291396366169 F300
G1 X10.224876337886476 Y11.891712881162048 F300
G1 X10.340610692696727 Y11.651218202084422 F300
G1 X10.44815131687243 Y11.407304235872342 F300
G1 X10.546024824083585 Y11.1595495820773 F300
G1 X10.632771234713445 Y10.90748173463869 F300
G1 X10.706970000000002 Y10.650415593897032 F300
G1 X10.753185326673043 Y10.451512340756336 F300
G1 X10.788744422888334 Y10.252256957304052 F300
G1 X10.81372460020647 Y10.052774913234524 F300
G1 X10.828149493108672 Y9.853178077306563 F300
G1 X10.831987507919214 Y9.653571117444494 F300
G1 X10.825150555555558 Y9.454057955008144 F300
G1 X10.807555944847518 Y9.255289896185424 F300
G1 X10.779170266735925 Y9.05784865699188 F300
G1 X10.739892228199235 Y8.861807211544583 F300
G1 X10.689555425453182 Y8.667247807199164 F300
G1 X10.627927742167392 Y8.474269318905883 F300
G1 X10.554711111111112 Y8.282994482785918 F300
G1 X10.47107099067515 Y8.092819491551172 F300
G1 X10.37312201646091 Y7.898179256448473 F300
G1 X10.300222225850964 Y7.77173472282655 F300
G1 X10.220639185479762 Y7.649991978142257 F300
G1 X10.133802798353912 Y7.534687486901147 F300
G1 X10.062973504712613 Y7.452879022423744 F300
G1 X9.987984902216535 Y7.3771397261284415 F300
G1 X9.908511889289771 Y7.3080183129148075 F300
G1 X9.824178888888893 Y7.246110038341474 F300
G1 X9.731126717564688 Y7.190584552514351 F300
G1 X9.63502557116412 Y7.145417291094421 F300
G1 X9.536060195422735 Y7.109467619338567 F300
G1 X9.434351604938279 Y7.081752178259171 F300
G1 X9.295551858428935 Y7.056271837906462 F300
G1 X9.153952185547045 Y7.042108621184613 F300
G1 X9.010375432098769 Y7.037370120646001 F300
G1 X8.79505488158984 Y7.043792832713128 F300
G1 X8.585082222222226 Y7.060407816119251 F300
G1 X8.215403199546628 Y7.10080535219765 F300
G1 X7.846804796504764 Y7.151844413511684 F300
G1 X7.479423702444305 Y7.213072537178741 F300
G1 X7.113399166666671 Y7.284051288341473 F300
G1 X6.7492291524219326 Y7.3642716961211745 F300
G1 X6.387415874895928 Y7.453199740193149 F300
G1 X6.028134283520216 Y7.550371413990137 F300
G1 X5.6715611111111155 Y7.655332260563696 F300
G1 X5.621619806546433 Y7.665020101575644 F300
G1 X5.578362304420563 Y7.663598318619081 F300
G1 X5.540575844686853 Y7.653613238401735 F300
G1 X5.507261475694448 Y7.636432191119252 F300
G1 X5.468599448686715 Y7.602733749188871 F300
G1 X5.439406915736036 Y7.56040762560403 F300
G1 X5.419836527777782 Y7.511010871674807 F300
G1 X5.411364649263157 Y7.458490571744198 F300
G1 X5.414523480839088 Y7.40621059377768 F300
G1 X5.4301222048611155 Y7.355691635563696 F300
G1 X5.449639226528622 Y7.322211880009579 F300
G1 X5.476570333379762 Y7.292399817473979 F300
G1 X5.512306294922751 Y7.26689018603118 F300
G1 X5.558954444444448 Y7.247097816119253 F300
G1 X5.558954444444448 Y7.247097816119253 F300
G1 X5.558672222222223 Y7.247380038341471 F300;svg#Layer_2 > g#Layer_2-2 > path
G0 X9.122997777777778 Y14.425561149452584
G1 X9.217724856255767 Y14.510380247786184 F300
G1 X9.32068072671155 Y14.587587074615096 F300
G1 X9.431378472222221 Y14.655272399452583 F300
G1 X9.518508497553455 Y14.69819350289107 F300
G1 X9.608277764660372 Y14.73325307539378 F300
G1 X9.700624174115838 Y14.75977023466124 F300
G1 X9.795533333333331 Y14.776927816119251 F300
G1 X9.87735848475763 Y14.783035834373107 F300
G1 X9.948039166666664 Y14.779520732785919 F300
G1 X10.018250340666548 Y14.76712887726919 F300
G1 X10.100333333333332 Y14.744331149452584 F300
G1 X10.113456666666666 Y14.740238927230365 F300
G1 X10.154378888888889 Y14.720201149452585 F300
G1 X10.193962178821836 Y14.697869332451894 F300
G1 X10.231848888888889 Y14.672787816119252 F300
G1 X10.242432222222224 Y14.663897816119253 F300
G1 X10.275452222222222 Y14.632994482785918 F300
G1 X10.306073333333334 Y14.599692260563698 F300
G1 X10.314116666666669 Y14.58840337167481 F300
G1 X10.35173082665245 Y14.545518933943068 F300
G1 X10.395501234047446 Y14.513420503542164 F300
G1 X10.444344583333336 Y14.492500732785919 F300
G1 X10.483044792443685 Y14.485063770217588 F300
G1 X10.522474347263564 Y14.48530934494353 F300
G1 X10.562696877016036 Y14.493960961367574 F300
G1 X10.603676666666665 Y14.512485593897027 F300
G1 X10.632638302450408 Y14.5334166321364 F300
G1 X10.657896704895018 Y14.55969203786011 F300
G1 X10.679113621399177 Y14.590692507477279 F300
G1 X10.695175116214628 Y14.624700177299598 F300
G1 X10.705545309562138 Y14.660431124618464 F300
G1 X10.70980267489712 Y14.697215717353819 F300
G1 X10.707300910838743 Y14.73380665689525 F300
G1 X10.697535756262374 Y14.768871221525668 F300
G1 X10.679594444444444 Y14.802045593897027 F300
G1 X10.626216989683266 Y14.871025474760778 F300
G1 X10.567857280627246 Y14.933461529366468 F300
G1 X10.504850890788461 Y14.989575714430462 F300
G1 X10.437437325102882 Y15.03949900953489 F300
G1 X10.365680484618016 Y15.083317743078332 F300
G1 X10.290644988283857 Y15.120499657223476 F300
G1 X10.212539250302344 Y15.15106710137913 F300
G1 X10.131529341563786 Y15.17494477085176 F300
G1 X10.048922970722654 Y15.19176862774577 F300
G1 X9.964692438154431 Y15.201567761056358 F300
G1 X9.878999836763533 Y15.204198950502473 F300
G1 X9.792005555555555 Y15.199414482785915 F300
G1 X9.655059793906343 Y15.179042907049718 F300
G1 X9.522143918399538 Y15.145900684905701 F300
G1 X9.393215498595206 Y15.100830695248357 F300
G1 X9.268289305555552 Y15.044474482785917 F300
G1 X9.148271444142646 Y14.977801130187826 F300
G1 X9.033978733456328 Y14.90187267795685 F300
G1 X8.92560654095012 Y14.817364050741467 F300
G1 X8.823418888888888 Y14.72485781611925 F300
G1 X8.790888276655783 Y14.685760953690503 F300
G1 X8.771148785843002 Y14.64702142804171 F300
G1 X8.761463037156448 Y14.608838771438416 F300
G1 X8.760190086805556 Y14.571035680702586 F300
G1 X8.770656230069273 Y14.520395868475715 F300
G1 X8.793180335708767 Y14.473913502674792 F300
G1 X8.826435138888888 Y14.43249323278592 F300
G1 X8.867875046003835 Y14.399213946199 F300
G1 X8.914698621199593 Y14.37634763578762 F300
G1 X8.965996232638888 Y14.365308909869249 F300
G1 X9.00442113967614 Y14.366065011444002 F300
G1 X9.043304941851645 Y14.37513917627184 F300
G1 X9.08279983336635 Y14.394101340397011 F300
G1 X9.122715555555555 Y14.425561149452584 F300
G1 X9.122715555555555 Y14.425561149452584 F300
G1 X9.122997777777778 Y14.425561149452584 F300;svg#Layer_2 > g#Layer_2-2 > path
G0 X10.598455555555555 Y7.1467678161192465
G1 X10.746211283862065 Y7.181753652862069 F300
G1 X10.895705727905824 Y7.205384989147864 F300
G1 X11.046937047804892 Y7.2185471018507155 F300
G1 X11.199915208333332 Y7.222030750147025 F300
G1 X11.403951339914599 Y7.21306093729108 F300
G1 X11.60937060224934 Y7.190287105316647 F300
G1 X11.815715277777777 Y7.15546378834147 F300
G1 X12.020451202074382 Y7.110807833292457 F300
G1 X12.223186581579458 Y7.058242838632675 F300
G1 X12.423207430555554 Y6.9997057848692465 F300
G1 X12.719074527556888 Y6.904050168192114 F300
G1 X12.999743333333331 Y6.807395593897024 F300
G1 X13.499248003472221 Y6.63681210431369 F300
G1 X13.752601480913908 Y6.543731648468801 F300
G1 X14.001649861111108 Y6.439571843897024 F300
G1 X14.163388604973424 Y6.361494569436081 F300
G1 X14.318758850582075 Y6.275557971321658 F300
G1 X14.46661317708333 Y6.180392625147024 F300
G1 X14.572203630354316 Y6.1018438101687575 F300
G1 X14.672198339032626 Y6.016780302463208 F300
G1 X14.766214304323892 Y5.924441250964157 F300
G1 X14.853802222222221 Y5.823992260563691 F300
G1 X14.889637471377858 Y5.788032279150878 F300
G1 X14.925424314848557 Y5.765902403826217 F300
G1 X14.960903730233936 Y5.754379494971909 F300
G1 X14.996333263888886 Y5.751555958480358 F300
G1 X15.044406504085552 Y5.760277338781194 F300
G1 X15.089547771737623 Y5.781765370112005 F300
G1 X15.130873888888885 Y5.815049343897025 F300
G1 X15.164284057179433 Y5.856584952781555 F300
G1 X15.188449890304785 Y5.904495103322574 F300
G1 X15.201702847222219 Y5.957838354313692 F300
G1 X15.202992656229664 Y5.998243082895087 F300
G1 X15.196347539775036 Y6.039293471297154 F300
G1 X15.180442056738315 Y6.081038206885765 F300
G1 X15.153098888888884 Y6.12328892723036 F300
G1 X15.056677354909487 Y6.234003746738159 F300
G1 X14.953176469706744 Y6.336005529952874 F300
G1 X14.843088314580275 Y6.430172526465947 F300
G1 X14.726835295138883 Y6.517306427230358 F300
G1 X14.564104814748708 Y6.6230733067287435 F300
G1 X14.39312286217336 Y6.718793513401362 F300
G1 X14.215150972222219 Y6.8059139272303595 F300
G1 X14.033199457411982 Y6.8851300481634 F300
G1 X13.84836914043511 Y6.958108475825533 F300
G1 X13.662218107638887 Y7.02625892723036 F300
G1 X13.112208888888887 Y7.215488927230361 F300
G1 X12.802848563757037 Y7.320778209763117 F300
G1 X12.479312326388888 Y7.422066774452583 F300
G1 X12.26068921244935 Y7.4830119566860755 F300
G1 X12.039498696510272 Y7.536851087549761 F300
G1 X11.816385555555552 Y7.581707538341472 F300
G1 X11.647784218114491 Y7.608362512766591 F300
G1 X11.47953937468878 Y7.62796104512443 F300
G1 X11.311817826990023 Y7.639781395047793 F300
G1 X11.144780451388886 Y7.643082052230362 F300
G1 X10.977854763986855 Y7.637045182462039 F300
G1 X10.812402738773631 Y7.620879981917286 F300
G1 X10.648403578466734 Y7.593783754735733 F300
G1 X10.485848888888887 Y7.554861149452583 F300
G1 X10.438721713374367 Y7.536207151309656 F300
G1 X10.402687915356074 Y7.511649429630958 F300
G1 X10.375552943129566 Y7.48266454589617 F300
G1 X10.355865711805556 Y7.449898736258139 F300
G1 X10.3400549362275 Y7.400140801667796 F300
G1 X10.336727948543611 Y7.3482681265998515 F300
G1 X10.345143472222222 Y7.295763510563695 F300
G1 X10.364685679688517 Y7.246327002357194 F300
G1 X10.393982336507282 Y7.203568353671651 F300
G1 X10.43292560763889 Y7.169118493202584 F300
G1 X10.46651963357334 Y7.151260878970623 F300
G1 X10.504632832017478 Y7.140488275135583 F300
G1 X10.548220583783433 Y7.13812776560901 F300
G1 X10.598455555555555 Y7.146626705008139 F300
G1 X10.598455555555555 Y7.146626705008139 F300
G1 X10.598455555555555 Y7.1467678161192465 F300;svg#Layer_2 > g#Layer_2-2 > path
G0 X24.683461111111114 Y12.694410038341472
G1 X24.647124799868045 Y12.438269151324565 F300
G1 X24.617008230452676 Y12.179192466325011 F300
G1 X24.603417824288854 Y12.0058622318314 F300
G1 X24.59710720344198 Y11.832820221300064 F300
G1 X24.599818806584363 Y11.660274647394969 F300
G1 X24.60883025204582 Y11.531401096824549 F300
G1 X24.624650205921107 Y11.403136435430945 F300
G1 X24.648068862595586 Y11.275434121967278 F300
G1 X24.67993333333333 Y11.148255593897028 F300
G1 X24.722680647931238 Y11.018048452522887 F300
G1 X24.774372247898995 Y10.892794085667672 F300
G1 X24.834405179788817 Y10.772199180498014 F300
G1 X24.902263169068718 Y10.6560068546997 F300
G1 X24.977501388888882 Y10.54400017723036 F300
G1 X25.0807911646895 Y10.410276876001523 F300
G1 X25.193037072063046 Y10.283786174751427 F300
G1 X25.313221326906593 Y10.164344278848713 F300
G1 X25.44038111111111 Y10.051822260563695 F300
G1 X25.620995791668964 Y9.908317052573674 F300
G1 X25.807904625740875 Y9.773145647959748 F300
G1 X25.99992194444444 Y9.644734343897028 F300
G1 X26.29437069171084 Y9.461740088123424 F300
G1 X26.59227111111111 Y9.286012260563695 F300
G1 X26.818980628170372 Y9.158468444164352 F300
G1 X27.050788148148154 Y9.040395305831186 F300
G1 X27.208626233071293 Y8.96894577576538 F300
G1 X27.36893611197441 Y8.904929675071653 F300
G1 X27.53207111111111 Y8.849498104185095 F300
G1 X27.698009279209394 Y8.80393199367714 F300
G1 X27.867423666696826 Y8.769336053132482 F300
G1 X28.040917777777775 Y8.746967816119252 F300
G1 X28.194815681712697 Y8.73921690383922 F300
G1 X28.348426245154165 Y8.74380322488706 F300
G1 X28.501007942386828 Y8.760979626818841 F300
G1 X28.614188462209512 Y8.782339421179223 F300
G1 X28.725155546928523 Y8.810975392351153 F300
G1 X28.833651003520906 Y8.847019760881558 F300
G1 X28.939398353909457 Y8.890671190604847 F300
G1 X29.041488743716158 Y8.941866522993434 F300
G1 X29.139605245927072 Y9.000775613759314 F300
G1 X29.233512750079804 Y9.06770802624224 F300
G1 X29.32291222222221 Y9.143066705008136 F300
G1 X29.404100719136597 Y9.223633747843222 F300
G1 X29.47807484566381 Y9.30935538629381 F300
G1 X29.545262843067448 Y9.399882814979373 F300
G1 X29.60602292181069 Y9.49492464739497 F300
G1 X29.67723868818775 Y9.627637109724477 F300
G1 X29.737605178575492 Y9.765968954959828 F300
G1 X29.787690411522625 Y9.90909098484353 F300
G1 X29.827778619176357 Y10.055499397187543 F300
G1 X29.858186552051485 Y10.203403900186458 F300
G1 X29.879454444444434 Y10.351824482785917 F300
G1 X29.893787912844772 Y10.53556674603608 F300
G1 X29.896132762772975 Y10.719342332915113 F300
G1 X29.88818765432098 Y10.903286705008142 F300
G1 X29.871655412211492 Y11.086909633252445 F300
G1 X29.84820457654037 Y11.27029129311864 F300
G1 X29.819497901234556 Y11.45333781611925 F300
G1 X29.719011111111097 Y11.996897816119246 F300
G1 X29.65091146358003 Y12.351967833359781 F300
G1 X29.578587916666656 Y12.706263371674801 F300
G1 X29.499995573676664 Y13.059173734512393 F300
G1 X29.413082222222204 Y13.410125593897021 F300
G1 X29.34290736510036 Y13.665413354967853 F300
G1 X29.266128728937694 Y13.918842967200453 F300
G1 X29.182120603652038 Y14.16985553891046 F300
G1 X29.090246131687234 Y14.417888886078096 F300
G1 X28.989788606617658 Y14.662528182560525 F300
G1 X28.88042321097487 Y14.902439741620027 F300
G1 X28.76148723207971 Y15.137172056720988 F300
G1 X28.63228831275719 Y15.366260079493731 F300
G1 X28.521339891213536 Y15.544699806837468 F300
G1 X28.403148602258625 Y15.718780145939734 F300
G1 X28.27728735035933 Y15.888312392748816 F300
G1 X28.14330039129674 Y16.053087890120363 F300
G1 X28.00070111111109 Y16.21287448278591 F300
G1 X27.962222018469618 Y16.2461704440203 F300
G1 X27.924051293919185 Y16.26645385457193 F300
G1 X27.886396507943417 Y16.276560742356388 F300
G1 X27.84906178819443 Y16.27818687861924 F300
G1 X27.798922030491635 Y16.268110443824416 F300
G1 X27.752701322334058 Y16.245813582813682 F300
G1 X27.71129986111109 Y16.212556982785912 F300
G1 X27.678002430064726 Y16.17109051188428 F300
G1 X27.65488286002602 Y16.124019937389182 F300
G1 X27.643414392361088 Y16.07226167028591 F300
G1 X27.643777814610615 Y16.033398631830124 F300
G1 X27.65238588757616 Y15.99403171320002 F300
G1 X27.67075590185196 Y15.954029067737135 F300
G1 X27.70140444444442 Y15.913577816119243 F300
G1 X27.83961881803697 Y15.758115607845081 F300
G1 X27.969028487878287 Y15.59723330966526 F300
G1 X28.090160209074654 Y15.431204594445866 F300
G1 X28.203503909464995 Y15.260275182374388 F300
G1 X28.309599860362813 Y15.084521755562498 F300
G1 X28.408590616217538 Y14.90464515421803 F300
G1 X28.500879071367375 Y14.72093138396416 F300
G1 X28.586850534979398 Y14.533657486901134 F300
G1 X28.691951435519982 Y14.279757286160455 F300
G1 X28.7870666806501 Y14.021587325927921 F300
G1 X28.873049999999978 Y13.759940038341465 F300
G1 X28.96519585070695 Y13.449373752398925 F300
G1 X29.05021618116347 Y13.13514786220178 F300
G1 X29.12846361579637 Y12.817828180187878 F300
G1 X29.200286666666642 Y12.497983371674799 F300
G1 X29.2864627560442 Y12.069599405493493 F300
G1 X29.36235753721124 Y11.641125356898907 F300
G1 X29.428886666666642 Y11.214013371674799 F300
G1 X29.44875430307428 Y11.051336423413176 F300
G1 X29.46121548107686 Y10.88168366868981 F300
G1 X29.46493999111109 Y10.706875842785914 F300
G1 X29.458708071762445 Y10.532355295195076 F300
G1 X29.441582314010684 Y10.359745322030403 F300
G1 X29.412547128888864 Y10.190824607230356 F300
G1 X29.381794320039223 Y10.06585176894104 F300
G1 X29.343451362816005 Y9.946164682079317 F300
G1 X29.29715443695281 Y9.832243795049742 F300
G1 X29.242460826666637 Y9.7245776916748 F300
G1 X29.191629420871834 Y9.64229806858988 F300
G1 X29.13494891104014 Y9.565212064383012 F300
G1 X29.072029086588017 Y9.493453951265135 F300
G1 X29.00238531913913 Y9.42723259969003 F300
G1 X28.925433831111086 Y9.366853122785912 F300
G1 X28.844815574683594 Y9.315216086810047 F300
G1 X28.75624823871462 Y9.269707308620024 F300
G1 X28.65873745835225 Y9.230859695168531 F300
G1 X28.551150702520772 Y9.199420409637792 F300
G1 X28.43221888888887 Y9.176368927230357 F300
G1 X28.32206752384256 Y9.164395742104713 F300
G1 X28.21261382552563 Y9.160684066793504 F300
G1 X28.10376749443259 Y9.16459806548906 F300
G1 X27.995438189300387 Y9.175579750275624 F300
G1 X27.852102273994248 Y9.200278259150577 F300
G1 X27.71043776871928 Y9.23527424982829 F300
G1 X27.570542181069936 Y9.279369585666569 F300
G1 X27.43311695267242 Y9.331189718414397 F300
G1 X27.298947584267246 Y9.389244935622102 F300
G1 X27.168286666666642 Y9.452241149452579 F300
G1 X26.88447005072965 Y9.602625322632257 F300
G1 X26.604300833333312 Y9.764237816119245 F300
G1 X26.329386016047614 Y9.934758025816596 F300
G1 X26.06126999999997 Y10.111794482785912 F300
G1 X25.88417773404936 Y10.237599581927034 F300
G1 X25.712150658436187 Y10.373874400481386 F300
G1 X25.602735439027974 Y10.471037948785309 F300
G1 X25.499218706117006 Y10.573547924958673 F300
G1 X25.402667860082275 Y10.68198789842377 F300
G1 X25.314293451773917 Y10.796837388109335 F300
G1 X25.23536038484506 Y10.91851962940446 F300
G1 X25.166907777777748 Y11.047925593897022 F300
G1 X25.11676549459483 Y11.169083999163044 F300
G1 X25.07828842224418 Y11.29249331072949 F300
G1 X25.050204043173483 Y11.418067970114825 F300
G1 X25.031383621399147 Y11.545760367559575 F300
G1 X25.018997220758557 Y11.717961021274874 F300
G1 X25.018843753491193 Y11.891919978207046 F300
G1 X25.02853526748968 Y12.066894153567809 F300
G1 X25.056162936872994 Y12.32804840122665 F300
G1 X25.09169555555552 Y12.581944482785913 F300
G1 X25.093892895149953 Y12.632096023520797 F300
G1 X25.086530672971225 Y12.676241354172394 F300
G1 X25.071542715500783 Y12.715259618561294 F300
G1 X25.050034704861076 Y12.749815993202578 F300
G1 X25.01171305834739 Y12.789701525133134 F300
G1 X24.96677229711471 Y12.819446919429586 F300
G1 X24.917158749999967 Y12.839066566119246 F300
G1 X24.864772051538004 Y12.847630907107455 F300
G1 X24.815144399472647 Y12.844029265840895 F300
G1 X24.76949258680552 Y12.827907764035912 F300
G1 X24.740485362699353 Y12.807992410979903 F300
G1 X24.715803856065 Y12.78049363287828 F300
G1 X24.696174851645736 Y12.743589643822304 F300
G1 X24.683461111111075 Y12.694551149452579 F300
G1 X24.683461111111075 Y12.694551149452579 F300
G1 X24.683461111111114 Y12.694410038341472 F300;svg#Layer_2 > g#Layer_2-2 > path
G0 X26.920777777777772 Y8.825143371674802
G1 X26.84275459530434 Y8.719181229716874 F300
G1 X26.773780449278572 Y8.60931517471745 F300
G1 X26.713683142485564 Y8.495879229632914 F300
G1 X26.662373310565492 Y8.379147384513914 F300
G1 X26.619850493827155 Y8.25935053216863 F300
G1 X26.58613916119287 Y8.136399402706521 F300
G1 X26.561751896521297 Y8.01209122887223 F300
G1 X26.546684186693533 Y7.886648705594904 F300
G1 X26.54102942959515 Y7.760273028245454 F300
G1 X26.544983209876538 Y7.633162137106902 F300
G1 X26.558593390965967 Y7.507242960116199 F300
G1 X26.5819766121817 Y7.382209153127143 F300
G1 X26.615371910658364 Y7.258214761112547 F300
G1 X26.6591405780996 Y7.135442271276988 F300
G1 X26.713767777777772 Y7.014123371674802 F300
G1 X26.77813394321984 Y6.898217632796392 F300
G1 X26.851035495982256 Y6.789711418797469 F300
G1 X26.931907433384005 Y6.688212470248353 F300
G1 X27.02029903168704 Y6.59340549479549 F300
G1 X27.11585082304526 Y6.505057198835297 F300
G1 X27.21755308696516 Y6.42355582831974 F300
G1 X27.32462494282492 Y6.34897602108731 F300
G1 X27.436594256108172 Y6.281185147733433 F300
G1 X27.553024644292755 Y6.220102513028707 F300
G1 X27.67350102880657 Y6.165700655625421 F300
G1 X27.828259997788457 Y6.10744337028707 F300
G1 X27.985460448433436 Y6.060342454566263 F300
G1 X28.14410613218317 Y6.024214578175567 F300
G1 X28.30324333333332 Y5.99897003834147 F300
G1 X28.46976607938592 Y5.9838817008338365 F300
G1 X28.633268292749772 Y5.980047757905177 F300
G1 X28.793753872558757 Y5.986902479728068 F300
G1 X28.951232655740874 Y6.003982214239617 F300
G1 X29.105709484444443 Y6.030919851674804 F300
G1 X29.259210575295054 Y6.067999811304222 F300
G1 X29.40855354947221 Y6.1143684593981 F300
G1 X29.55369274134406 Y6.169696455650595 F300
G1 X29.694562524989884 Y6.233729723161183 F300
G1 X29.83106800888888 Y6.306282945008138 F300
G1 X29.96307674719532 Y6.387233084165341 F300
G1 X30.089483981986223 Y6.475820065506076 F300
G1 X30.21017716143301 Y6.571848621272671 F300
G1 X30.325006122045064 Y6.675178945302357 F300
G1 X30.43377501333332 Y6.785719798341471 F300
G1 X30.535444711598494 Y6.902456246904254 F300
G1 X30.629945430308673 Y7.025312975059532 F300
G1 X30.717091413493968 Y7.154198739449099 F300
G1 X30.796640512593548 Y7.289063538933268 F300
G1 X30.868286604444435 Y7.429890891674805 F300
G1 X30.93060730450207 Y7.574044429801194 F300
G1 X30.984202094498084 Y7.723044106961584 F300
G1 X31.028755841050753 Y7.876912323362698 F300
G1 X31.063870670112948 Y8.03569586070036 F300
G1 X31.08905888888888 Y8.199456705008137 F300
G1 X31.100933376497444 Y8.318870670538471 F300
G1 X31.107790753645837 Y8.443319941345354 F300
G1 X31.108506090534974 Y8.571545799658345 F300
G1 X31.1020829039756 Y8.699426099083173 F300
G1 X31.087657652360388 Y8.826233083032653 F300
G1 X31.0642965020576 Y8.950753165913486 F300
G1 X31.030743937122025 Y9.072517247592044 F300
G1 X30.986595532752006 Y9.188067859081977 F300
G1 X30.930873333333313 Y9.296595593897024 F300
G1 X30.875469403367635 Y9.381105166136578 F300
G1 X30.81201244293416 Y9.461828439253011 F300
G1 X30.74123990940786 Y9.539166092927136 F300
G1 X30.663859753086406 Y9.613478886078099 F300
G1 X30.554745345635112 Y9.705949421744174 F300
G1 X30.43941581449515 Y9.793039819001212 F300
G1 X30.32017580246912 Y9.875391560975217 F300
G1 X30.138412105209035 Y9.991827490988943 F300
G1 X29.966519999999978 Y10.097824482785914 F300
G1 X29.92063744069017 Y10.119902286515345 F300
G1 X29.878370833847836 Y10.129555559754781 F300
G1 X29.839204041468825 Y10.129544545352516 F300
G1 X29.802526840277757 Y10.121442955008135 F300
G1 X29.756428039357907 Y10.098745354661126 F300
G1 X29.717308165184843 Y10.065309442891229 F300
G1 X29.68570888888887 Y10.022612260563692 F300
G1 X29.664044501248707 Y9.97404677899269 F300
G1 X29.65371503230474 Y9.92276333338215 F300
G1 X29.65588593749998 Y9.870018232785915 F300
G1 X29.666211197077992 Y9.832734112350304 F300
G1 X29.68465644122123 Y9.797094316062562 F300
G1 X29.71273990434638 Y9.76335475836273 F300
G1 X29.752877777777755 Y9.732346705008137 F300
G1 X29.940758609963712 Y9.61504941856204 F300
G1 X30.129132916666645 Y9.489476843897025 F300
G1 X30.250539916478658 Y9.39973484476177 F300
G1 X30.365278897889432 Y9.304463275023199 F300
G1 X30.47141555555553 Y9.202474482785915 F300
G1 X30.531269056932473 Y9.129595651138983 F300
G1 X30.578831802419526 Y9.0508500279326 F300
G1 X30.615861069958825 Y8.966761437518427 F300
G1 X30.643501318454856 Y8.878572048913984 F300
G1 X30.662995993775546 Y8.787167771907146 F300
G1 X30.675514485596683 Y8.693356046571925 F300
G1 X30.68360089567839 Y8.551670249054016 F300
G1 X30.682517777777754 Y8.41352226056369 F300
G1 X30.674555866300476 Y8.286717505468708 F300
G1 X30.658784082178045 Y8.1606951463356 F300
G1 X30.635353982014426 Y8.03568981361643 F300
G1 X30.604363127572 Y7.911945429287972 F300
G1 X30.566051955888142 Y7.79028056207588 F300
G1 X30.520658638532794 Y7.671284164738024 F300
G1 X30.468294530827045 Y7.555207741254253 F300
G1 X30.409023539094626 Y7.442322425172746 F300
G1 X30.34305379750616 Y7.333218768985673 F300
G1 X30.270753349145927 Y7.228651644548288 F300
G1 X30.192181159865424 Y7.128871028702314 F300
G1 X30.107348888888858 Y7.034161149452579 F300
G1 X29.99525181689457 Y6.926417023903073 F300
G1 X29.874413188578483 Y6.82806346365798 F300
G1 X29.74542354220951 Y6.739068841346331 F300
G1 X29.60879091555553 Y6.659522438341469 F300
G1 X29.466703898041498 Y6.590407429602982 F300
G1 X29.319848621726962 Y6.531730862338318 F300
G1 X29.16883745243036 Y6.483590610013568 F300
G1 X29.014248035555525 Y6.44619066056369 F300
G1 X28.8573484879121 Y6.419939014287068 F300
G1 X28.699940976731412 Y6.405185051913975 F300
G1 X28.542592897167744 Y6.402055019833988 F300
G1 X28.38585880888885 Y6.410794349452578 F300
G1 X28.261112567114242 Y6.426606356046522 F300
G1 X28.138511474650663 Y6.4502811829259645 F300
G1 X28.01826703534809 Y6.481931531215421 F300
G1 X27.900601580731674 Y6.521740102531785 F300
G1 X27.785761795555523 Y6.56996203834147 F300
G1 X27.675287019478297 Y6.626226642597796 F300
G1 X27.56886120059646 Y6.690971776713854 F300
G1 X27.466669815820264 Y6.764568302734234 F300
G1 X27.36896739998288 Y6.847491760388393 F300
G1 X27.27609555555552 Y6.9403222605636925 F300
G1 X27.20583332881656 Y7.024375864085986 F300
G1 X27.14477925861652 Y7.113420709875306 F300
G1 X27.092589984889003 Y7.207006570974904 F300
G1 X27.049063211805517 Y7.304776982785915 F300
G1 X27.01421288522584 Y7.40619479541559 F300
G1 X26.988303183570437 Y7.509822648036801 F300
G1 X26.971224193159813 Y7.615264227741566 F300
G1 X26.962987638888848 Y7.7221483716748045 F300
G1 X26.963691048045508 Y7.829338216764664 F300
G1 X26.973310877367403 Y7.935780957922552 F300
G1 X26.991865550180776 Y8.041103883324368 F300
G1 X27.019496024305518 Y8.144917260563693 F300
G1 X27.056017374149228 Y8.245702380589877 F300
G1 X27.101469149444927 Y8.342982712478324 F300
G1 X27.156077849580775 Y8.43641279696996 F300
G1 X27.22021555555552 Y8.525564482785915 F300
G1 X27.247314831824287 Y8.567892548653777 F300
G1 X27.263041846552657 Y8.609725146019597 F300
G1 X27.2695483689537 Y8.65087135636513 F300
G1 X27.268144826388852 Y8.691372243202583 F300
G1 X27.25477605138436 Y8.744813459447876 F300
G1 X27.230549646371475 Y8.792782476179337 F300
G1 X27.197143888888853 Y8.834333232785916 F300
G1 X27.15583568452666 Y8.867634542802596 F300
G1 X27.110779499652267 Y8.88908507035364 F300
G1 X27.062854618055518 Y8.897734014035915 F300
G1 X27.027558830745726 Y8.894844348641548 F300
G1 X26.99222537869097 Y8.883240423022023 F300
G1 X26.956591475159076 Y8.860997278067568 F300
G1 X26.920918888888853 Y8.824861149452582 F300
G1 X26.920918888888853 Y8.824861149452582 F300
G1 X26.920777777777772 Y8.825143371674802 F300;svg#Layer_2 > g#Layer_2-2 > path
G0 X26.26701 Y8.915313371674802
G1 X26.24782941410885 Y8.807051597327174 F300
G1 X26.219535006920854 Y8.700514105985928 F300
G1 X26.182516642143153 Y8.596733489461855 F300
G1 X26.137046666666667 Y8.496777816119247 F300
G1 X26.081109176954737 Y8.38620942105752 F300
G1 X26.04483259992363 Y8.326917126192212 F300
G1 X26.003942304526753 Y8.277052137106903 F300
G1 X25.972209152241803 Y8.251014761029893 F300
G1 X25.93912271548775 Y8.235318051876273 F300
G1 X25.903507777777776 Y8.230924482785916 F300
G1 X25.859661683661624 Y8.239435012117394 F300
G1 X25.813390694444436 Y8.256853649452582 F300
G1 X25.767321663896624 Y8.276139729447248 F300
G1 X25.723591111111105 Y8.290191149452582 F300
G1 X25.653062296725988 Y8.301126744361072 F300
G1 X25.582908531757155 Y8.302975865037805 F300
G1 X25.51220666666666 Y8.29640003834147 F300
G1 X25.425099925728667 Y8.276697834556984 F300
G1 X25.343422798698434 Y8.245183978236557 F300
G1 X25.266577489863277 Y8.202790618919407 F300
G1 X25.19414222222221 Y8.150067816119247 F300
G1 X25.12772287799261 Y8.089300566908634 F300
G1 X25.07237206284879 Y8.026574980488352 F300
G1 X25.02638745494559 Y7.962043041121638 F300
G1 X24.988326586666663 Y7.895733665008138 F300
G1 X24.946727137082856 Y7.801510711705272 F300
G1 X24.915298794126045 Y7.703677562567097 F300
G1 X24.891954471111106 Y7.602446073897026 F300
G1 X24.868065116208044 Y7.4472044959157975 F300
G1 X24.85123206222221 Y7.287707336119247 F300
G1 X24.834917028832848 Y7.127659462892422 F300
G1 X24.81236554666666 Y6.969019745008136 F300
G1 X24.79052391740351 Y6.8649346661651105 F300
G1 X24.760959664768766 Y6.763125371300953 F300
G1 X24.721561111111104 Y6.6638855938970245 F300
G1 X24.665285472577853 Y6.554472793885121 F300
G1 X24.60067282526279 Y6.4509437403480305 F300
G1 X24.52844908896897 Y6.35269825086728 F300
G1 X24.449253251028797 Y6.259194606242705 F300
G1 X24.334861917050468 Y6.142064967128304 F300
G1 X24.211874571202912 Y6.032473592179332 F300
G1 X24.082056008230445 Y5.929574729699494 F300
G1 X23.879288981245793 Y5.786647233646388 F300
G1 X23.67522222222221 Y5.656775593897025 F300
G1 X23.402050949763318 Y5.4940344398842935 F300
G1 X23.125192448574342 Y5.337483067840933 F300
G1 X22.845453611111097 Y5.1857643438970245 F300
G1 X22.422464900152224 Y4.964415491749689 F300
G1 X21.998116666666657 Y4.746608927230359 F300
G1 X21.955649289986525 Y4.7187968160099025 F300
G1 X21.926014117021726 Y4.687833815152354 F300
G1 X21.906434900841145 Y4.654679591161592 F300
G1 X21.89517170138888 Y4.619573649452582 F300
G1 X21.89193573195844 Y4.569165283418901 F300
G1 X21.90158941428663 Y4.519126015121507 F300
G1 X21.923221944444435 Y4.470630871674803 F300
G1 X21.954859111625744 Y4.427834850205748 F300
G1 X21.994660678101273 Y4.393154031416202 F300
G1 X22.04213010416666 Y4.368307677230359 F300
G1 X22.080130872110125 Y4.358235148129912 F300
G1 X22.120753866527167 Y4.355919860686605 F300
G1 X22.16448248660186 Y4.362753563241059 F300
G1 X22.21175888888888 Y4.381131149452581 F300
G1 X22.65969596499265 Y4.610517944529628 F300
G1 X23.106738472222215 Y4.844151982785916 F300
G1 X23.401928366749985 Y5.005167064843398 F300
G1 X23.693144526042236 Y5.172373563563121 F300
G1 X23.979175555555546 Y5.347601149452579 F300
G1 X24.124252196472025 Y5.442461610219931 F300
G1 X24.268447744159907 Y5.543273549850139 F300
G1 X24.41001913580246 Y5.650686910769452 F300
G1 X24.546196226215166 Y5.764522821952804 F300
G1 X24.67520910252461 Y5.885251844842307 F300
G1 X24.795519012345668 Y6.013572425172745 F300
G1 X24.87915783628113 Y6.11533908786955 F300
G1 X24.956016262648845 Y6.221736403563219 F300
G1 X25.02552291132637 Y6.3332082231696205 F300
G1 X25.087038888888873 Y6.450243371674801 F300
G1 X25.143837093545397 Y6.586056454903565 F300
G1 X25.186016250661634 Y6.721149538733258 F300
G1 X25.21664944444443 Y6.856625732785911 F300
G1 X25.247149116768295 Y7.064368785672479 F300
G1 X25.266673333333316 Y7.2815289272303545 F300
G1 X25.2750077722683 Y7.367269701709613 F300
G1 X25.291341319444427 Y7.47364729528591 F300
G1 X25.316684343845917 Y7.580984672811152 F300
G1 X25.3535272222222 Y7.683201705008133 F300
G1 X25.386765117419117 Y7.746195041269861 F300
G1 X25.425804758243384 Y7.798289566844211 F300
G1 X25.471381458333312 Y7.838463614730355 F300
G1 X25.510067778841876 Y7.859721224770904 F300
G1 X25.55369489085756 Y7.87276180667987 F300
G1 X25.603984483355653 Y7.876270858864407 F300
G1 X25.663054444444423 Y7.86770448278591 F300
G1 X25.802989629629607 Y7.828031355213895 F300
G1 X25.87008273599064 Y7.8116130205419365 F300
G1 X25.937468518518493 Y7.802814277024594 F300
G1 X25.982508922100923 Y7.802973648846314 F300
G1 X26.030472376144175 Y7.80926655455508 F300
G1 X26.082577777777757 Y7.823536705008134 F300
G1 X26.14084780549919 Y7.84899747802596 F300
G1 X26.193418017668414 Y7.881713758871178 F300
G1 X26.241451249999983 Y7.9205505938970235 F300
G1 X26.306525533304484 Y7.9875655154561755 F300
G1 X26.365082222222203 Y8.061167816119244 F300
G1 X26.43151190844142 Y8.158287706656582 F300
G1 X26.489475731059166 Y8.258385847206851 F300
G1 X26.539626343169985 Y8.361367680922992 F300
G1 X26.582534444444427 Y8.46717976056369 F300
G1 X26.62926545828306 Y8.61240269633697 F300
G1 X26.664886110644304 Y8.761871992694108 F300
G1 X26.690343333333313 Y8.9153133716748 F300
G1 X26.69046626661741 Y8.952935899072836 F300
G1 X26.68170369584861 Y8.987970168924853 F300
G1 X26.665225555555544 Y9.020739050687146 F300
G1 X26.64246753482301 Y9.050173085995956 F300
G1 X26.614729365041583 Y9.075718979663243 F300
G1 X26.582910740740726 Y9.097001766736527 F300
G1 X26.548226108118044 Y9.113221675068871 F300
G1 X26.513192660721252 Y9.123284165049192 F300
G1 X26.478676666666647 Y9.126980038341467 F300
G1 X26.43193865912647 Y9.12250023566688 F300
G1 X26.3926119034285 Y9.109597405821393 F300
G1 X26.35927822759444 Y9.089842798598392 F300
G1 X26.330933333333313 Y9.063956288341467 F300
G1 X26.300706954835444 Y9.021191983174118 F300
G1 X26.2794217285254 Y8.971225959926116 F300
G1 X26.26700999999998 Y8.9153133716748 F300
G1 X26.26700999999998 Y8.9153133716748 F300
G1 X26.26701 Y8.915313371674802 F300;svg#Layer_2 > g#Layer_2-2 > path
G0 X25.537324444444447 Y9.629335593897027
G1 X25.36201366246161 Y8.971934307608507 F300
G1 X25.175932488158804 Y8.317635870008267 F300
G1 X24.97908888888889 Y7.666480038341471 F300
G1 X24.969162542090125 Y7.616563635012818 F300
G1 X24.970398820783554 Y7.573351346745051 F300
G1 X24.980228715312794 Y7.535619811988668 F300
G1 X24.997274583333333 Y7.502358996674804 F300
G1 X25.030826173246716 Y7.463750852875348 F300
G1 X25.073067744121538 Y7.434585059184083 F300
G1 X25.12245777777778 Y7.41502003834147 F300
G1 X25.174981627361966 Y7.406550538267729 F300
G1 X25.22734346113161 Y7.409689799181953 F300
G1 X25.27801513888889 Y7.425259413341471 F300
G1 X25.31163721702899 Y7.444750354165867 F300
G1 X25.341613037443718 Y7.471646281149869 F300
G1 X25.36730943548893 Y7.507324656437054 F300
G1 X25.38732333333333 Y7.553873371674805 F300
G1 X25.584166932603253 Y8.205029203341601 F300
G1 X25.770248106906045 Y8.859327640941842 F300
G1 X25.945558888888876 Y9.51672892723036 F300
G1 X25.953039461236447 Y9.566980050802657 F300
G1 X25.94989297285999 Y9.610705632388973 F300
G1 X25.938468948089838 Y9.649023271851108 F300
G1 X25.92005085069443 Y9.682834343897028 F300
G1 X25.885010019300704 Y9.722010058250431 F300
G1 X25.841932490367927 Y9.751443779742948 F300
G1 X25.792506249999988 Y9.77104642723036 F300
G1 X25.740050407312207 Y9.779516058289902 F300
G1 X25.688545151615834 Y9.77614935003078 F300
G1 X25.639429357638875 Y9.760251427230362 F300
G1 X25.607261658979848 Y9.740482558011896 F300
G1 X25.578938425384006 Y9.713214254122263 F300
G1 X25.555115677513133 Y9.676928237632808 F300
G1 X25.53732444444443 Y9.629335593897027 F300
G1 X25.53732444444443 Y9.629335593897027 F300
G1 X25.537324444444447 Y9.629335593897027 F300
G0 X0 Y0
