G21
G90;svg#Layer_2 > g#Layer_2-2 > path
G0 X4.344044204696846 Y31.62854533449074
G1 X4.43311114661771 Y31.73836514779026 F300
G1 X4.536485527601182 Y31.857045813731688 F300
G1 X4.65418497803018 Y31.98204334337964 F300
G1 X4.7766988261377215 Y32.101511976970485 F300
G1 X4.907808567952895 Y32.21774659617812 F300
G1 X5.046662391363513 Y32.32780620560186 F300
G1 X5.155421496260695 Y32.404481068300264 F300
G1 X5.265872663226587 Y32.4735101085836 F300
G1 X5.377673231152139 Y32.533947082534866 F300
G1 X5.490529084696846 Y32.584845174490745 F300
G1 X5.584342563844526 Y32.618996004007016 F300
G1 X5.677600882054597 Y32.64516976854828 F300
G1 X5.770369652144543 Y32.66304515120579 F300
G1 X5.862744707619325 Y32.67221758283133 F300
G1 X5.954837698030179 Y32.67217150337963 F300
G1 X6.045395851063755 Y32.66247772651952 F300
G1 X6.135703944497074 Y32.642478787428516 F300
G1 X6.22615201202974 Y32.61116391999261 F300
G1 X6.317058788243971 Y32.56717835406767 F300
G1 X6.408640871363512 Y32.50879644560185 F300
G1 X6.4753397022998636 Y32.455866851984204 F300
G1 X6.537376518854231 Y32.39672447070552 F300
G1 X6.594307815807956 Y32.33182547337964 F300
G1 X6.6452164946814944 Y32.26212242494366 F300
G1 X6.689254264567566 Y32.18869355797578 F300
G1 X6.7259997602524 Y32.11199200115741 F300
G1 X6.756470414549375 Y32.02342088949864 F300
G1 X6.776601159429357 Y31.9337059517747 F300
G1 X6.801645768482854 Y31.75090434683643 F300
G1 X6.814079011243819 Y31.659260124906638 F300
G1 X6.831550871363512 Y31.56800866782408 F300
G1 X6.859002736127176 Y31.476786114350123 F300
G1 X6.895450707431673 Y31.396303265743416 F300
G1 X6.940682676919067 Y31.324521445601857 F300
G1 X6.995254683495922 Y31.259319444426758 F300
G1 X7.0600626382213445 Y31.199225309841545 F300
G1 X7.13606864914129 Y31.143264223379635 F300
G1 X7.195137172938203 Y31.100265939067896 F300
G1 X7.244533897870072 Y31.056085359158285 F300
G1 X7.285783112140118 Y31.010106811065928 F300
G1 X7.320165732474623 Y30.96168950115741 F300
G1 X7.357555866163748 Y30.891179883456026 F300
G1 X7.38717358780407 Y30.810498502023094 F300
G1 X7.409965315807957 Y30.716826445601853 F300
G1 X7.42887709787604 Y30.60438948487094 F300
G1 X7.442975516813766 Y30.485476413404296 F300
G1 X7.451932805519893 Y30.36119508757717 F300
G1 X7.455032106585948 Y30.174183894996368 F300
G1 X7.445703011281209 Y29.987595581404328 F300
G1 X7.432149651329292 Y29.86398877148128 F300
G1 X7.412955613494184 Y29.746033618352676 F300
G1 X7.388234204696846 Y29.634786445601854 F300
G1 X7.356539073175186 Y29.535702314528972 F300
G1 X7.318316262310016 Y29.452988297453714 F300
G1 X7.271796281499047 Y29.376625473076313 F300
G1 X7.218169184120716 Y29.30439829745371 F300
G1 X7.092183093585736 Y29.156843112268522 F300
G1 X7.041828151449255 Y29.091074412898564 F300
G1 X7.003843150976154 Y29.025333720886277 F300
G1 X6.975914395396609 Y28.9590528206918 F300
G1 X6.9561519824746245 Y28.891589501157412 F300
G1 X6.939786335014665 Y28.797990914189327 F300
G1 X6.932191330167139 Y28.69855596239527 F300
G1 X6.9306108713635135 Y28.592257556712966 F300
G1 X6.9259960153964375 Y28.156386239840543 F300
G1 X6.92763150265909 Y28.00836195524564 F300
G1 X6.9345432350471885 Y27.86116582190788 F300
G1 X6.94891350510837 Y27.715654429140947 F300
G1 X6.966014022009226 Y27.60754159730899 F300
G1 X6.989451313295704 Y27.501622558256944 F300
G1 X7.020166246075254 Y27.398051323136258 F300
G1 X7.059163093585736 Y27.296998667824074 F300
G1 X7.100276150083361 Y27.213995339896776 F300
G1 X7.149296185988665 Y27.1350622907902 F300
G1 X7.205786978487795 Y27.060795868074358 F300
G1 X7.26943432815364 Y26.991885087577174 F300
G1 X7.339482079066787 Y26.929583790856075 F300
G1 X7.414492653184864 Y26.875459837057335 F300
G1 X7.494158504129505 Y26.8300383252065 F300
G1 X7.5782951923511686 Y26.794015951774696 F300
G1 X7.665640682428407 Y26.76857734925923 F300
G1 X7.755762358637558 Y26.754488745814314 F300
G1 X7.848868146545289 Y26.75265105104984 F300
G1 X7.945199760252403 Y26.76444533449074 F300
G1 X8.006002335465094 Y26.78172964010705 F300
G1 X8.069656188103108 Y26.80869851765473 F300
G1 X8.136258978359399 Y26.842610437371402 F300
G1 X8.23506206835917 Y26.89563005797601 F300
G1 X8.333119431034294 Y26.941315046424904 F300
G1 X8.383487207416497 Y26.958422667290748 F300
G1 X8.432402442405621 Y26.96889516189149 F300
G1 X8.480282345254556 Y26.971722546035174 F300
G1 X8.527565315807959 Y26.965669778935183 F300
G1 X8.580241058064638 Y26.94860586975843 F300
G1 X8.62751892916739 Y26.92416630544662 F300
G1 X8.67031313610288 Y26.893226621430422 F300
G1 X8.70935301128121 Y26.856360931198566 F300
G1 X8.755239896061777 Y26.800414816556682 F300
G1 X8.795354718970762 Y26.738065844909688 F300
G1 X8.830494287001374 Y26.67116566370885 F300
G1 X8.875030892237794 Y26.567612567355248 F300
G1 X8.910399760252403 Y26.471357556712963 F300
G1 X9.075525891939648 Y26.005351178112146 F300
G1 X9.164632684718136 Y25.775320057549234 F300
G1 X9.263292517454047 Y25.549912453832313 F300
G1 X9.336258085160864 Y25.403200192686285 F300
G1 X9.416538889173657 Y25.259564468716654 F300
G1 X9.505465315807959 Y25.11937200115741 F300
G1 X9.540868289198144 Y25.077125014723787 F300
G1 X9.578518055817373 Y25.047925687412505 F300
G1 X9.617519329157153 Y25.02931477576683 F300
G1 X9.65757786724829 Y25.01978414107511 F300
G1 X9.699651955764304 Y25.01883920101253 F300
G1 X9.740166212675842 Y25.026400089045136 F300
G1 X9.778747639326843 Y25.041970921877414 F300
G1 X9.814833134738 Y25.06566615753601 F300
G1 X9.845204761005466 Y25.095443239364887 F300
G1 X9.87022349418552 Y25.131728042232776 F300
G1 X9.888987074403614 Y25.175030039887062 F300
G1 X9.899870871363515 Y25.22619311226852 F300
G1 X9.920020454028675 Y25.349536617922794 F300
G1 X9.95140611367452 Y25.469092662724737 F300
G1 X9.99268590016965 Y25.585551864691112 F300
G1 X10.042654410458166 Y25.699563400334366 F300
G1 X10.119904160576837 Y25.84712287828991 F300
G1 X10.206752411051198 Y25.991114665682808 F300
G1 X10.30008288782442 Y26.132325046424896 F300
G1 X10.583413093585738 Y26.5416308900463 F300
G1 X10.675936900484693 Y26.684961308919338 F300
G1 X10.775295541502405 Y26.851367574074075 F300
G1 X10.837545351447176 Y26.966809015485612 F300
G1 X10.895267885150263 Y27.086694246809856 F300
G1 X10.946156843585737 Y27.209986028935184 F300
G1 X10.987978677745362 Y27.336181777651593 F300
G1 X11.017520415111544 Y27.461251643226777 F300
G1 X11.033012937335737 Y27.5845588587963 F300
G1 X11.034200290410055 Y27.67732361868626 F300
G1 X11.025225203541869 Y27.767733608865157 F300
G1 X11.00519150939734 Y27.855969988882496 F300
G1 X10.972879760252404 Y27.942158667824074 F300
G1 X10.935069089224188 Y28.01155341093648 F300
G1 X10.890978489535557 Y28.07052172568301 F300
G1 X10.841204251957183 Y28.120599315380773 F300
G1 X10.786018169141293 Y28.162994170046307 F300
G1 X10.725545752907012 Y28.198554958509533 F300
G1 X10.6603018568702 Y28.227695159956806 F300
G1 X10.590486587345614 Y28.250925916723627 F300
G1 X10.516271298030182 Y28.268662685601857 F300
G1 X10.41571597724094 Y28.283835654122004 F300
G1 X10.310968176585055 Y28.291217678409875 F300
G1 X10.203148000252401 Y28.29182522782407 F300
G1 X10.041864170080423 Y28.28260258345191 F300
G1 X9.886157129141294 Y28.2651428100463 F300
G1 X9.604807538030183 Y28.22127644560186 F300
G1 X9.438439542472208 Y28.1883569154372 F300
G1 X9.27560623744858 Y28.144786892754645 F300
G1 X9.11746202362689 Y28.08976089004631 F300
G1 X9.002142274616547 Y28.04019603301743 F300
G1 X8.891403227680907 Y27.983580744919664 F300
G1 X8.785590220394923 Y27.919513596153624 F300
G1 X8.685087126507549 Y27.84752014930556 F300
G1 X8.591203771887168 Y27.76784972181806 F300
G1 X8.503738205752725 Y27.67953821591375 F300
G1 X8.423078572794447 Y27.581791183542983 F300
G1 X8.34976531580796 Y27.473669778935186 F300
G1 X8.327933814716548 Y27.427684352627153 F300
G1 X8.318466306979108 Y27.385310176992242 F300
G1 X8.318628866872785 Y27.346035863193407 F300
G1 X8.326861218585739 Y27.30925990046297 F300
G1 X8.349703380400058 Y27.263057610978905 F300
G1 X8.383224829787933 Y27.22388339720749 F300
G1 X8.425930038030183 Y27.192276584490752 F300
G1 X8.474493577674442 Y27.17061197024188 F300
G1 X8.525696138058311 Y27.160329680706006 F300
G1 X8.57828594080796 Y27.162579310185194 F300
G1 X8.61542371960111 Y27.172976399121723 F300
G1 X8.65089607498411 Y27.19150985348896 F300
G1 X8.68444888201266 Y27.21971318452474 F300
G1 X8.715243093585737 Y27.260027556712963 F300
G1 X8.774686660835657 Y27.346196336193643 F300
G1 X8.8408038333372 Y27.422577936188688 F300
G1 X8.91300556562215 Y27.49030645117859 F300
G1 X8.990880130622775 Y27.550334922968112 F300
G1 X9.10298248475813 Y27.619690177707238 F300
G1 X9.222641573830359 Y27.67756219415677 F300
G1 X9.348737908400553 Y27.725276116383746 F300
G1 X9.478445144029639 Y27.763559898745452 F300
G1 X9.610125696486577 Y27.7937106506533 F300
G1 X9.742249760252403 Y27.81699311226852 F300
G1 X9.89362278862726 Y27.837219864218138 F300
G1 X10.048143371363514 Y27.851212556712966 F300
G1 X10.203113898225645 Y27.857758087074803 F300
G1 X10.355941982474624 Y27.855798667824082 F300
G1 X10.427355104597 Y27.851041681305542 F300
G1 X10.494001565807958 Y27.837736445601855 F300
G1 X10.533364949289464 Y27.820259562438117 F300
G1 X10.566788126559246 Y27.79319561645945 F300
G1 X10.593431982474627 Y27.752364223379637 F300
G1 X10.606586240016814 Y27.706276956466834 F300
G1 X10.609074410458167 Y27.652954058770582 F300
G1 X10.603340455214685 Y27.597969287062043 F300
G1 X10.592229924861456 Y27.542599943544246 F300
G1 X10.565350871363515 Y27.443189778935192 F300
G1 X10.523094024413414 Y27.314127238627847 F300
G1 X10.471097850230631 Y27.189357910655566 F300
G1 X10.410828978359401 Y27.068032824202685 F300
G1 X10.308571149584553 Y26.891722183080418 F300
G1 X10.196538690293558 Y26.720125992926963 F300
G1 X9.965346426919071 Y26.38513866782408 F300
G1 X9.848084177228701 Y26.204505497413802 F300
G1 X9.741621132197553 Y26.021541086659585 F300
G1 X9.648604899141294 Y25.834487834490744 F300
G1 X9.589177512310966 Y25.690232178540576 F300
G1 X9.539855732540069 Y25.541508421941543 F300
G1 X9.501847409928612 Y25.387182381814007 F300
G1 X9.476537538030183 Y25.226052001157413 F300
G1 X9.870943093585739 Y25.332873112268526 F300
G1 X9.786425547023567 Y25.46631466850043 F300
G1 X9.710733358074567 Y25.602354576825835 F300
G1 X9.642390130622779 Y25.740752165766473 F300
G1 X9.550145816021876 Y25.953354514952885 F300
G1 X9.466706797289444 Y26.170205540252066 F300
G1 X9.309179760252405 Y26.610634223379634 F300
G1 X9.252309213479961 Y26.75286753585123 F300
G1 X9.182741999835738 Y26.89432267824075 F300
G1 X9.129055769079784 Y26.984849611787023 F300
G1 X9.06960610502997 Y27.06991239885811 F300
G1 X9.004009343585736 Y27.148285195601858 F300
G1 X8.931146867606799 Y27.219266386783254 F300
G1 X8.851831397007354 Y27.280175363500682 F300
G1 X8.765242729002404 Y27.329990004629636 F300
G1 X8.696692840933741 Y27.358637877628873 F300
G1 X8.623302237898665 Y27.379917500612574 F300
G1 X8.5442722369013 Y27.39303879317593 F300
G1 X8.458703093585738 Y27.396905334490746 F300
G1 X8.388214731995497 Y27.39093826426951 F300
G1 X8.323679548526348 Y27.376667085949805 F300
G1 X8.263358278770925 Y27.356139902391988 F300
G1 X8.175660067297402 Y27.316423319419272 F300
G1 X8.089556426919073 Y27.271630025848776 F300
G1 X8.002266952657019 Y27.228107548784916 F300
G1 X7.908793093585738 Y27.191165334490748 F300
G1 X7.858603969780775 Y27.17951209520104 F300
G1 X7.810601010105529 Y27.176607770251636 F300
G1 X7.764432794140082 Y27.18127566595036 F300
G1 X7.719761694408784 Y27.192775046424913 F300
G1 X7.662784063101325 Y27.217731461510958 F300
G1 X7.609637816501068 Y27.25222486622768 F300
G1 X7.560520418688618 Y27.29520080774178 F300
G1 X7.5170767478734195 Y27.344322654124113 F300
G1 X7.480031039669479 Y27.397680156105075 F300
G1 X7.449758649141294 Y27.453914223379638 F300
G1 X7.417620666536556 Y27.53438827653221 F300
G1 X7.394001820739062 Y27.617363399810724 F300
G1 X7.37749544870198 Y27.702494694615165 F300
G1 X7.366785315807959 Y27.78945880671297 F300
G1 X7.357711928824832 Y27.96492120912628 F300
G1 X7.356201982474626 Y28.137174223379635 F300
G1 X7.354508649141293 Y28.462012001157415 F300
G1 X7.348581982474626 Y28.58530130156894 F300
G1 X7.346198808748997 Y28.651509330206707 F300
G1 X7.348299760252404 Y28.716524182227378 F300
G1 X7.358152428643905 Y28.7789809216669 F300
G1 X7.378215315807959 Y28.833416445601863 F300
G1 X7.418779232562897 Y28.892984218649875 F300
G1 X7.471331010252404 Y28.949339223379635 F300
G1 X7.526672052193159 Y29.003966150787946 F300
G1 X7.575770871363515 Y29.058912001157417 F300
G1 X7.625998915885038 Y29.128711597126458 F300
G1 X7.670385613084942 Y29.201222291091995 F300
G1 X7.7094030935857365 Y29.277775334490748 F300
G1 X7.749777839250383 Y29.37577571469121 F300
G1 X7.7823096169886234 Y29.475624826771355 F300
G1 X7.808004482474626 Y29.577213112268527 F300
G1 X7.835707918566477 Y29.732289825979564 F300
G1 X7.853054204696848 Y29.889774223379636 F300
G1 X7.866289165031015 Y30.08185003310497 F300
G1 X7.8722923528449975 Y30.283573523791166 F300
G1 X7.870223076522209 Y30.418759974100993 F300
G1 X7.862019792732976 Y30.55343736975427 F300
G1 X7.846563093585738 Y30.68652936741256 F300
G1 X7.822472569387274 Y30.818006854117186 F300
G1 X7.789004015683185 Y30.944433650142145 F300
G1 X7.745104204696848 Y31.065088667824078 F300
G1 X7.7034098414007754 Y31.151724926107565 F300
G1 X7.65568496805416 Y31.22917419117988 F300
G1 X7.601788232474626 Y31.299103806712967 F300
G1 X7.541034821837655 Y31.363359867464258 F300
G1 X7.472445548308609 Y31.423498173941702 F300
G1 X7.395289760252405 Y31.480519778935193 F300
G1 X7.336184796796841 Y31.52875669718187 F300
G1 X7.294395471941641 Y31.578113493482835 F300
G1 X7.265080789058988 Y31.628879820087462 F300
G1 X7.2438863676777965 Y31.684359070348613 F300
G1 X7.22944177343504 Y31.743501659652104 F300
G1 X7.219475768482856 Y31.806622330375525 F300
G1 X7.193500871363515 Y32.01067422337964 F300
G1 X7.165051302896629 Y32.13417401199401 F300
G1 X7.124233034165493 Y32.25334461499144 F300
G1 X7.07171675613718 Y32.36802504642492 F300
G1 X7.008401537386389 Y32.4772551743435 F300
G1 X6.935256396949152 Y32.58011098601569 F300
G1 X6.852816838441706 Y32.676237844778825 F300
G1 X6.7620871527406035 Y32.764619375244415 F300
G1 X6.664196936707149 Y32.84427622273923 F300
G1 X6.559629760252404 Y32.91477311226853 F300
G1 X6.446223423220744 Y32.97655108967046 F300
G1 X6.333792306875517 Y33.02399696529299 F300
G1 X6.222140512537992 Y33.058563567878124 F300
G1 X6.111003234159508 Y33.08143025585443 F300
G1 X6.000067760252406 Y33.0935213789352 F300
G1 X5.887306305493754 Y33.095483812536806 F300
G1 X5.774820096060282 Y33.08764441774533 F300
G1 X5.662511732377689 Y33.07055305212115 F300
G1 X5.550293975161839 Y33.04465513867123 F300
G1 X5.438101226919072 Y33.0103109789352 F300
G1 X5.301905666841599 Y32.95769548507433 F300
G1 X5.167394858076689 Y32.8943683212864 F300
G1 X5.034803695363638 Y32.8211942125366 F300
G1 X4.904413360252405 Y32.73900511226852 F300
G1 X4.737680118404327 Y32.6192111256352 F300
G1 X4.579164841392804 Y32.489836719463135 F300
G1 X4.429687360252405 Y32.35346697893519 F300
G1 X4.287083641012402 Y32.209400973666355 F300
G1 X4.158634165018377 Y32.066569965933496 F300
G1 X4.044606426919072 Y31.927559778935187 F300
G1 X4.017862716847428 Y31.885087966547534 F300
G1 X4.002406437119755 Y31.843105637126076 F300
G1 X3.9961189450798025 Y31.80180574442968 F300
G1 X3.9977090310857384 Y31.761156706018525 F300
G1 X4.0112788365496055 Y31.70756595657394 F300
G1 X4.035625773864067 Y31.65951138441814 F300
G1 X4.0690539269190715 Y31.61794436226852 F300
G1 X4.110361393421913 Y31.584625378837117 F300
G1 X4.155302663338977 Y31.563243332284518 F300
G1 X4.202999239419071 Y31.55471556018519 F300
G1 X4.238086404096894 Y31.55771266098587 F300
G1 X4.273176668909922 Y31.569445576222925 F300
G1 X4.308538782325799 Y31.59186294665075 F300
G1 X4.3439030935857375 Y31.628263112268524 F300
G1 X4.3439030935857375 Y31.628263112268524 F300
G1 X4.344044204696846 Y31.62854533449074 F300;svg#Layer_2 > g#Layer_2-2 > path
G0 X10.741457538030179 Y28.18289422337963
G1 X11.357125315807957 Y28.874903112268516 F300
G1 X11.0033597602524 Y28.96831866782408 F300
G1 X11.058686007260933 Y28.78155942068264 F300
G1 X11.123832622056335 Y28.59834656798168 F300
G1 X11.198948053902898 Y28.419136698281882 F300
G1 X11.284241843109061 Y28.24440570440093 F300
G1 X11.379985315807955 Y28.07466200115741 F300
G1 X11.436005815999074 Y27.982575473970446 F300
G1 X11.4981041352524 Y27.88684752199075 F300
G1 X11.566252325951758 Y27.79561240302525 F300
G1 X11.640935038030179 Y27.715463667824082 F300
G1 X11.696359616350989 Y27.669699126429318 F300
G1 X11.7552535652838 Y27.633372368743295 F300
G1 X11.818532190807955 Y27.607579813657413 F300
G1 X11.86769311126476 Y27.59632772284162 F300
G1 X11.920478263122764 Y27.59216218354382 F300
G1 X11.977870466374796 Y27.596248927414262 F300
G1 X12.0409497602524 Y27.610265334490744 F300
G1 X12.191637817378338 Y27.662073430043403 F300
G1 X12.342450570797777 Y27.726312659220653 F300
G1 X12.492840454696847 Y27.800147973379637 F300
G1 X12.712878456267735 Y27.92046781526274 F300
G1 X12.921341982474623 Y28.040936445601854 F300
G1 X13.145558473457275 Y28.17703684134348 F300
G1 X13.363966149989178 Y28.321302390898143 F300
G1 X13.577352593594298 Y28.47294780917384 F300
G1 X13.786494204696842 Y28.631204223379626 F300
G1 X13.43272864914129 Y28.83708533449074 F300
G1 X13.383145727958704 Y28.704988149352253 F300
G1 X13.34247250327818 Y28.56603717134592 F300
G1 X13.311145307419865 Y28.4211256659063 F300
G1 X13.289720377536351 Y28.27117228922326 F300
G1 X13.279002509081906 Y28.120638180822887 F300
G1 X13.27906683805914 Y27.969893697754827 F300
G1 X13.290210751875188 Y27.819922073377846 F300
G1 X13.312846920746226 Y27.67170615753601 F300
G1 X13.339733290068114 Y27.55453143811817 F300
G1 X13.37424823792862 Y27.441114720447416 F300
G1 X13.416535991832937 Y27.331800724097683 F300
G1 X13.46682622317562 Y27.22694943721069 F300
G1 X13.525438649141286 Y27.12695977893519 F300
G1 X13.560921458138564 Y27.08000331122491 F300
G1 X13.5990610937485 Y27.043014071473657 F300
G1 X13.639582948155443 Y27.014229133196764 F300
G1 X13.682460038030175 Y26.992293476851852 F300
G1 X13.74442511994155 Y26.971814789142133 F300
G1 X13.810420728284635 Y26.960540864668392 F300
G1 X13.880227260252397 Y26.957044362268523 F300
G1 X13.986299844759591 Y26.962976658894092 F300
G1 X14.094239899141286 Y26.97743712268519 F300
G1 X14.299997538030176 Y27.009696445601854 F300
G1 X15.37625198247462 Y27.140929778935188 F300
G1 X15.808795020669066 Y27.182125403935185 F300
G1 X15.960775448188313 Y27.19841908623344 F300
G1 X16.112727761257915 Y27.21973833661907 F300
G1 X16.262517954696843 Y27.248350612268524 F300
G1 X16.373397184473127 Y27.276325154487083 F300
G1 X16.479731069247208 Y27.31042307410057 F300
G1 X16.580947640353166 Y27.351527151066684 F300
G1 X16.67647401372462 Y27.40056540393519 F300
G1 X16.748630807163387 Y27.446343238541914 F300
G1 X16.816248797156117 Y27.4983174422931 F300
G1 X16.879172050914185 Y27.557247467002725 F300
G1 X16.937131452221617 Y27.62403302178371 F300
G1 X16.989716426919063 Y27.699729778935183 F300
G1 X17.03746362994002 Y27.786190349341513 F300
G1 X17.074402253805452 Y27.87188187227794 F300
G1 X17.101901039954637 Y27.95704833169809 F300
G1 X17.12112305877417 Y28.04196935515813 F300
G1 X17.133052242891285 Y28.126952487268518 F300
G1 X17.138984070077708 Y28.23530323840532 F300
G1 X17.13598757069015 Y28.344429114551303 F300
G1 X17.125458759322008 Y28.45446723447085 F300
G1 X17.108761288030173 Y28.565552278935183 F300
G1 X17.063472408990034 Y28.78648938319455 F300
G1 X17.011683458169063 Y29.008226653935182 F300
G1 X16.97933548781114 Y29.1564458931524 F300
G1 X16.953219079196018 Y29.30295189281979 F300
G1 X16.936658649141286 Y29.44767311226852 F300
G1 X16.927215563618446 Y29.501551975943286 F300
G1 X16.90913172380188 Y29.546610555106348 F300
G1 X16.883842914846035 Y29.583904031166014 F300
G1 X16.851886149141286 Y29.614043112268522 F300
G1 X16.814044379554765 Y29.636543066762368 F300
G1 X16.77111097340165 Y29.650848222706436 F300
G1 X16.722803841619722 Y29.65639111449191 F300
G1 X16.668688649141288 Y29.65171977893519 F300
G1 X13.374167538030173 Y29.04804644560185 F300
G1 X13.325573824820896 Y29.03366599927601 F300
G1 X13.288811215150007 Y29.012666609018115 F300
G1 X13.261312092574146 Y28.986790247988047 F300
G1 X13.24136654844684 Y28.95673653240741 F300
G1 X13.225220197166045 Y28.90992939769943 F300
G1 X13.22161281571099 Y28.85966943373182 F300
G1 X13.230075454696841 Y28.807257973379635 F300
G1 X13.249644738009815 Y28.757700888575783 F300
G1 X13.279281371493727 Y28.713363747370288 F300
G1 X13.318982069280173 Y28.676115039351856 F300
G1 X13.353344673747271 Y28.655639630663536 F300
G1 X13.392226149713654 Y28.641835963411978 F300
G1 X13.436379241266483 Y28.635869572596057 F300
G1 X13.48677420469684 Y28.63981200115741 F300
G1 X16.781295315807956 Y29.24348533449074 F300
G1 X16.513325315807954 Y29.44753200115741 F300
G1 X16.527831427381834 Y29.312303639140296 F300
G1 X16.549586968685954 Y29.179371442903676 F300
G1 X16.5765960102524 Y29.04792297337963 F300
G1 X16.669817538030177 Y28.65392311226852 F300
G1 X16.69142702411002 Y28.550108212938042 F300
G1 X16.70805771036389 Y28.444067928321118 F300
G1 X16.7172485102524 Y28.336705334490745 F300
G1 X16.717735803839837 Y28.256267192443644 F300
G1 X16.7116288443683 Y28.176724878545087 F300
G1 X16.697919005173418 Y28.098181358981222 F300
G1 X16.67546198247462 Y28.02075755671296 F300
G1 X16.64390737931715 Y27.94995430358821 F300
G1 X16.605129971226877 Y27.890675554788302 F300
G1 X16.560038319923184 Y27.84073636329733 F300
G1 X16.5079020470916 Y27.79760642006495 F300
G1 X16.4501861419859 Y27.761357389582844 F300
G1 X16.387260830211247 Y27.731019861239716 F300
G1 X16.287252223590343 Y27.695815518451965 F300
G1 X16.180303093585728 Y27.669532001157407 F300
G1 X15.989764884499692 Y27.636167313782245 F300
G1 X15.796868926919062 Y27.611112001157412 F300
G1 X15.411106426919067 Y27.568355334490743 F300
G1 X14.577845315807954 Y27.466755334490742 F300
G1 X14.161285315807953 Y27.415955334490747 F300
G1 X13.953005315807953 Y27.390555334490745 F300
G1 X13.841527538030178 Y27.37813755671297 F300
G1 X13.891057538030177 Y27.340602001157414 F300
G1 X13.852217896043436 Y27.39963366472933 F300
G1 X13.818265339092925 Y27.465801131436795 F300
G1 X13.788961035972566 Y27.53828298881174 F300
G1 X13.754792523491048 Y27.651154446451944 F300
G1 X13.73026404008779 Y27.767290643132725 F300
G1 X13.714110876223762 Y27.883458327595527 F300
G1 X13.705778649141285 Y27.98914866782408 F300
G1 X13.70443206317922 Y28.116768645471808 F300
G1 X13.713124573106057 Y28.241696950071542 F300
G1 X13.731416118925756 Y28.364453977286338 F300
G1 X13.758978561693088 Y28.485541236792102 F300
G1 X13.795586035218355 Y28.605441604385803 F300
G1 X13.841104204696842 Y28.724619778935192 F300
G1 X13.854610822416172 Y28.767521517238553 F300
G1 X13.858360117082512 Y28.80455035702154 F300
G1 X13.85466107669797 Y28.83687839829521 F300
G1 X13.844863492891287 Y28.865552296296304 F300
G1 X13.822308167853645 Y28.90042316649829 F300
G1 X13.791093110262205 Y28.92908416737546 F300
G1 X13.752010176919065 Y28.951755751157414 F300
G1 X13.708903335895945 Y28.96700189783328 F300
G1 X13.66287569770425 Y28.97514200993779 F300
G1 X13.615262485946843 Y28.975861497685194 F300
G1 X13.56845266925766 Y28.968680414415658 F300
G1 X13.525465069184328 Y28.95366409184227 F300
G1 X13.487338649141286 Y28.930500890046304 F300
G1 X13.278824076671684 Y28.774622267074648 F300
G1 X13.064648293843241 Y28.62694219986998 F300
G1 X12.845124540828563 Y28.487475787372485 F300
G1 X12.62054929397845 Y28.35625900669892 F300
G1 X12.391205596965573 Y28.23334991252799 F300
G1 X12.157366426919063 Y28.11882977893519 F300
G1 X12.07347587136351 Y28.0778546400463 F300
G1 X11.987468649141288 Y28.04206533449075 F300
G1 X11.933830747906722 Y28.02214253613684 F300
G1 X11.927018193580748 Y28.021440714492932 F300
G1 X11.922996550375856 Y28.028121466177986 F300
G1 X11.916390207636049 Y28.03977553066846 F300
G1 X11.893065315807954 Y28.066336445601856 F300
G1 X11.8374124437462 Y28.13056566038026 F300
G1 X11.786879204696843 Y28.208488251157416 F300
G1 X11.7005897602524 Y28.364927556712974 F300
G1 X11.610708202342211 Y28.537053387245983 F300
G1 X11.533252062609131 Y28.713589375241273 F300
G1 X11.467228723189685 Y28.89474955455541 F300
G1 X11.411735315807956 Y29.08078422337964 F300
G1 X11.392496197197326 Y29.127187694281435 F300
G1 X11.36349005016876 Y29.165935914251055 F300
G1 X11.326258566836765 Y29.19732109580763 F300
G1 X11.28292290114299 Y29.22021282229283 F300
G1 X11.236596917287958 Y29.233377396026096 F300
G1 X11.188507990705077 Y29.23630957317388 F300
G1 X11.153150640833578 Y29.231246179890366 F300
G1 X11.119399488200028 Y29.219720071888965 F300
G1 X11.08749987625674 Y29.20109896542471 F300
G1 X11.0579697602524 Y29.174199778935197 F300
G1 X10.442301982474621 Y28.482190890046304 F300
G1 X10.412735875212302 Y28.441103552687057 F300
G1 X10.395162211180486 Y28.40048801602679 F300
G1 X10.387182898852169 Y28.360530161918557 F300
G1 X10.38734802414129 Y28.321125785879644 F300
G1 X10.399389056617286 Y28.26880435363161 F300
G1 X10.422842827200096 Y28.22143067526227 F300
G1 X10.456166149141291 Y28.179930890046307 F300
G1 X10.49753839585529 Y28.146663449620448 F300
G1 X10.543406430026984 Y28.124643767980196 F300
G1 X10.592876357474623 Y28.115041827546307 F300
G1 X10.629589514506886 Y28.11709446105403 F300
G1 X10.666541601432607 Y28.127709418564713 F300
G1 X10.703951458554972 Y28.148654149649055 F300
G1 X10.741598649141292 Y28.18289422337964 F300
G1 X10.741598649141292 Y28.18289422337964 F300
G1 X10.741457538030179 Y28.18289422337963 F300;svg#Layer_2 > g#Layer_2-2 > path
G0 X11.30533753803018 Y28.98087755671296
G1 X11.582761982474624 Y29.00698311226852 F300
G1 X11.713289760252405 Y29.019259778935183 F300
G1 X11.773050315807959 Y29.027902834490746 F300
G1 X11.806350434671607 Y29.03137493244772 F300
G1 X11.824767538030182 Y29.02998422337963 F300
G1 X11.731351982474624 Y29.084453112268513 F300
G1 X11.74348753803018 Y29.07132977893518 F300
G1 X11.68901864914129 Y29.16474533449074 F300
G1 X11.69593104994036 Y29.152310152155984 F300
G1 X11.697762311692731 Y29.152567968235605 F300
G1 X11.697255356960222 Y29.161494552597738 F300
G1 X11.695729736833199 Y29.161731658822063 F300
G1 X11.692264204696846 Y29.149223112268515 F300
G1 X11.6929697602524 Y29.06497977893519 F300
G1 X11.69438087136351 Y28.89649311226852 F300
G1 X11.697344204696844 Y28.559519778935183 F300
G1 X11.70214271925764 Y28.516910343584048 F300
G1 X11.714801713088535 Y28.47779688659783 F300
G1 X11.734355324819969 Y28.442306660115985 F300
G1 X11.760367954696841 Y28.410771028935184 F300
G1 X11.79173369151845 Y28.38462577231541 F300
G1 X11.827089826971886 Y28.365010707890704 F300
G1 X11.866191020835696 Y28.352404752348654 F300
G1 X11.90901087136351 Y28.347853112268517 F300
G1 X11.955167177263748 Y28.35262104152393 F300
G1 X11.994507903978091 Y28.36552769535044 F300
G1 X12.02817714303965 Y28.385161454324376 F300
G1 X12.05696587136351 Y28.410876862268516 F300
G1 X12.087630028511215 Y28.45335159103509 F300
G1 X12.108959850758021 Y28.50320068305762 F300
G1 X12.120677538030177 Y28.559519778935183 F300
G1 X12.31428198247462 Y30.296456445601855 F300
G1 X12.313799581702636 Y30.33392051817358 F300
G1 X12.304836518583176 Y30.368996700159727 F300
G1 X12.288442970128942 Y30.401882124614204 F300
G1 X12.265937345033363 Y30.431484516398083 F300
G1 X12.238553940535946 Y30.4571641660584 F300
G1 X12.20710025407956 Y30.478521136959877 F300
G1 X12.172733915723942 Y30.494708980182722 F300
G1 X12.13766108212192 Y30.50467774082143 F300
G1 X12.102615315807956 Y30.508123112268517 F300
G1 X12.056459009907714 Y30.50335518301309 F300
G1 X12.01711828319337 Y30.49044852918658 F300
G1 X11.983449044131815 Y30.47081477021266 F300
G1 X11.954660315807956 Y30.445099362268515 F300
G1 X11.923996158660248 Y30.402624633501944 F300
G1 X11.902666336413443 Y30.352775541479417 F300
G1 X11.890948649141288 Y30.296456445601855 F300
G1 X11.697344204696844 Y28.559519778935183 F300
G1 X12.120677538030177 Y28.559519778935183 F300
G1 X12.11729087136351 Y28.94715200115741 F300
G1 X12.120144451610425 Y29.075181589634777 F300
G1 X12.119877270520172 Y29.142211208387796 F300
G1 X12.114437291116598 Y29.207883523791153 F300
G1 X12.100646599772652 Y29.2709583027172 F300
G1 X12.075804204696844 Y29.328010890046297 F300
G1 X12.044021189991877 Y29.371560451270398 F300
G1 X12.009119803164788 Y29.402547750697508 F300
G1 X11.971455151198906 Y29.42408142502573 F300
G1 X11.92983978886326 Y29.438532976381186 F300
G1 X11.885558456397758 Y29.446631928114993 F300
G1 X11.838852517454047 Y29.449627762474286 F300
G1 X11.767886918497576 Y29.447374891537592 F300
G1 X11.696779760252399 Y29.44118200115741 F300
G1 X11.305055315807953 Y29.404352001157413 F300
G1 X11.248957553361935 Y29.393153306762333 F300
G1 X11.199146314785766 Y29.371594472336344 F300
G1 X11.156518232474623 Y29.340269917824074 F300
G1 X11.130636750441166 Y29.310889269247788 F300
G1 X11.110965408317128 Y29.276903859926676 F300
G1 X11.098109973429594 Y29.23778189928627 F300
G1 X11.09338864914129 Y29.19268533449074 F300
G1 X11.096826849817884 Y29.157400551944008 F300
G1 X11.106752010601747 Y29.122372560228204 F300
G1 X11.122833834326475 Y29.08826311226853 F300
G1 X11.144096162378279 Y29.057073437601943 F300
G1 X11.169713947244093 Y29.029918476889865 F300
G1 X11.199316056548696 Y29.00754755671297 F300
G1 X11.232182842322992 Y28.99118127233507 F300
G1 X11.267371027774498 Y28.982000699924285 F300
G1 X11.305055315807953 Y28.981018667824074 F300
G1 X11.305055315807953 Y28.981018667824074 F300
G1 X11.30533753803018 Y28.98087755671296 F300;svg#Layer_2 > g#Layer_2-2 > path
G0 X10.6020397602524 Y33.726726445601855
G1 X10.47086686030844 Y33.60176880684871 F300
G1 X10.349147974220275 Y33.4691687831874 F300
G1 X10.236782408122707 Y33.32924507577558 F300
G1 X10.13374489914129 Y33.182249223379635 F300
G1 X10.040375279702362 Y33.02888039415501 F300
G1 X9.956963948357702 Y32.869852333874725 F300
G1 X9.883558062264656 Y32.70540667556909 F300
G1 X9.820284204696847 Y32.53574866782408 F300
G1 X9.769376986759427 Y32.36586840488242 F300
G1 X9.729995510496524 Y32.1931731133061 F300
G1 X9.701623455921048 Y32.01827361329212 F300
G1 X9.683829760252403 Y31.841764223379627 F300
G1 X9.676900448643972 Y31.720633904338182 F300
G1 X9.674432805519896 Y31.59083730979939 F300
G1 X9.679274144259214 Y31.46021441358205 F300
G1 X9.693979307577507 Y31.331443729552472 F300
G1 X9.710818260407667 Y31.24716600476482 F300
G1 X9.73383624816546 Y31.167299160615435 F300
G1 X9.763698649141292 Y31.09246422337963 F300
G1 X9.80343022628147 Y31.021141711600666 F300
G1 X9.850964117938187 Y30.958394841966918 F300
G1 X9.905368978359402 Y30.90274817399692 F300
G1 X9.96584800742912 Y30.853078453749873 F300
G1 X10.031234431986087 Y30.808720663450583 F300
G1 X10.100630171775038 Y30.76881805054013 F300
G1 X10.208794032296233 Y30.71619942212607 F300
G1 X10.318124204696847 Y30.669977556712965 F300
G1 X10.440529697919514 Y30.624783929543607 F300
G1 X10.564740085395217 Y30.586999161030658 F300
G1 X10.69065753803018 Y30.55606561226852 F300
G1 X10.818051803139259 Y30.5314924230306 F300
G1 X10.946657032435148 Y30.512803355998322 F300
G1 X11.076314204696848 Y30.49951533449074 F300
G1 X11.273375867494265 Y30.48963799598 F300
G1 X11.470641136059326 Y30.49161973814911 F300
G1 X11.667999341931793 Y30.504177176651208 F300
G1 X11.865336982474627 Y30.526079501157408 F300
G1 X12.127090011735786 Y30.5675501473546 F300
G1 X12.385961859047729 Y30.62011353655813 F300
G1 X12.641236426919072 Y30.68070200115741 F300
G1 X12.860711390385198 Y30.73826094034065 F300
G1 X13.079104204696847 Y30.79951755671296 F300
G1 X13.258403510252402 Y30.85086436226851 F300
G1 X13.316948712297341 Y30.873851640779264 F300
G1 X13.371354629357704 Y30.902549352543133 F300
G1 X13.420451982474626 Y30.938935334490736 F300
G1 X13.473685277554912 Y30.99542417999861 F300
G1 X13.510040832892326 Y31.052494187068447 F300
G1 X13.5328695250716 Y31.110161347403558 F300
G1 X13.544446838441704 Y31.168841918852884 F300
G1 X13.546071163251325 Y31.229953857975907 F300
G1 X13.538462847679272 Y31.29175663129351 F300
G1 X13.52254226879696 Y31.354164691752537 F300
G1 X13.499045645026063 Y31.417030231610084 F300
G1 X13.45915240800499 Y31.49738770369146 F300
G1 X13.411789564131041 Y31.573678197789782 F300
G1 X13.359633093585735 Y31.64477311226852 F300
G1 X13.329561125258778 Y31.675290968167886 F300
G1 X13.297879435935299 Y31.69516920258942 F300
G1 X13.264965985465691 Y31.706534612251698 F300
G1 X13.230788196466394 Y31.71061451144548 F300
G1 X13.183984975843583 Y31.70562334106387 F300
G1 X13.138364727670094 Y31.68999653433902 F300
G1 X13.095013175890262 Y31.66472726864712 F300
G1 X13.05701072123684 Y31.631769224569965 F300
G1 X13.026904973895824 Y31.593616799337894 F300
G1 X13.00586753803018 Y31.55135755671296 F300
G1 X12.983079913915734 Y31.471273846057272 F300
G1 X12.972067404688387 Y31.39191216656541 F300
G1 X12.971732281427496 Y31.31341675643993 F300
G1 X12.981371531085735 Y31.235890438657403 F300
G1 X13.00056521214678 Y31.15967854745843 F300
G1 X13.028456511107896 Y31.086636723440712 F300
G1 X13.064525764272258 Y31.017090691718753 F300
G1 X13.108455315807957 Y30.95145894560185 F300
G1 X13.159362457082095 Y30.891076147892953 F300
G1 X13.216238659399352 Y30.837060620299862 F300
G1 X13.278740271273868 Y30.78982550651891 F300
G1 X13.34666410053018 Y30.74994786921296 F300
G1 X13.418518038432367 Y30.718722906745665 F300
G1 X13.493917483262795 Y30.69669748535896 F300
G1 X13.572892977047214 Y30.68452943698458 F300
G1 X13.655543093585734 Y30.683242001157403 F300
G1 X13.705479301318663 Y30.691032561143487 F300
G1 X13.746604450608954 Y30.70672620195986 F300
G1 X13.780463121527998 Y30.728525795767172 F300
G1 X13.808161374835734 Y30.75547986574074 F300
G1 X13.836792179567562 Y30.7996180860606 F300
G1 X13.853879316171742 Y30.84836140000792 F300
G1 X13.859854343585736 Y30.900147417824073 F300
G1 X13.854355581710845 Y30.95189649310589 F300
G1 X13.837665323146588 Y30.999716620046726 F300
G1 X13.809391687335737 Y31.042195594907405 F300
G1 X13.781944832139422 Y31.067557921694906 F300
G1 X13.748120803120672 Y31.087595821617935 F300
G1 X13.706593085277438 Y31.101274907279375 F300
G1 X13.655543093585734 Y31.106575334490735 F300
G1 X13.415867645172916 Y31.102638750892993 F300
G1 X13.176822807491357 Y31.08920554650826 F300
G1 X12.938275315807958 Y31.065512001157405 F300
G1 X12.76817176425147 Y31.0449148002801 F300
G1 X12.59532239914129 Y31.018786584490734 F300
G1 X12.481529909398203 Y30.994537877145802 F300
G1 X12.37114731435557 Y30.9623359576467 F300
G1 X12.265175315807957 Y30.919885334490743 F300
G1 X12.194039644586015 Y30.881130420188722 F300
G1 X12.132193795923468 Y30.836685216251933 F300
G1 X12.078747093996684 Y30.78725030268004 F300
G1 X12.033014465113514 Y30.733270299768517 F300
G1 X11.993744016767556 Y30.673621964415105 F300
G1 X11.962286120209207 Y30.61068142721513 F300
G1 X11.938323486619765 Y30.544761512980934 F300
G1 X11.921728510252404 Y30.476090890046294 F300
G1 X11.91265266824487 Y30.40603580338693 F300
G1 X11.91097134951614 Y30.335003701678712 F300
G1 X11.916687089672342 Y30.263284679331477 F300
G1 X11.929954847057958 Y30.191183146990742 F300
G1 X11.950344739293403 Y30.12116477709415 F300
G1 X11.978039259425774 Y30.05262130717933 F300
G1 X12.013249981987608 Y29.985888202105528 F300
G1 X12.056330871363514 Y29.92138311226852 F300
G1 X12.123121033580132 Y29.84247904919327 F300
G1 X12.197346336810297 Y29.773331165409967 F300
G1 X12.27835329348291 Y29.71289414577064 F300
G1 X12.365656879593969 Y29.660322330375518 F300
G1 X12.489125705159001 Y29.602170944561404 F300
G1 X12.6192999071433 Y29.55609873538976 F300
G1 X12.754444122392322 Y29.520773894161522 F300
G1 X12.892158226905824 Y29.495099694445102 F300
G1 X13.027975456071719 Y29.478107666766945 F300
G1 X13.159819760252402 Y29.46827533449074 F300
G1 X13.30904645850057 Y29.465404124145532 F300
G1 X13.457669018831545 Y29.472171789629467 F300
G1 X13.605477573464913 Y29.488301692960825 F300
G1 X13.752257121363513 Y29.513589640046302 F300
G1 X13.897283578578337 Y29.54776679275513 F300
G1 X14.039790964816458 Y29.590493027578496 F300
G1 X14.179528142608593 Y29.64156271905547 F300
G1 X14.31622531580796 Y29.700826445601855 F300
G1 X14.460327562349162 Y29.775466634869744 F300
G1 X14.596001400799503 Y29.859822635812744 F300
G1 X14.723345167276879 Y29.95334797309958 F300
G1 X14.842386379274753 Y30.055625306628603 F300
G1 X14.953064986589853 Y30.16634677481997 F300
G1 X15.055369432909748 Y30.285484156927954 F300
G1 X15.147852291093077 Y30.411264744014506 F300
G1 X15.230438837741952 Y30.543367455098753 F300
G1 X15.302952088631386 Y30.68155005437996 F300
G1 X15.365098978359399 Y30.82562833860597 F300
G1 X15.41588190363742 Y30.973538267227582 F300
G1 X15.455258909277156 Y31.12533192850314 F300
G1 X15.48293619805585 Y31.28086640928656 F300
G1 X15.498474338299644 Y31.440030780681507 F300
G1 X15.501276426919068 Y31.602722001157407 F300
G1 X15.492857077534367 Y31.74494585427031 F300
G1 X15.474800045288529 Y31.881308037776307 F300
G1 X15.447715429093673 Y32.012140633251995 F300
G1 X15.412097948870429 Y32.13775543041986 F300
G1 X15.368333772926677 Y32.2584364754368 F300
G1 X15.316708319923185 Y32.374432536136844 F300
G1 X15.243484774117046 Y32.50968007059462 F300
G1 X15.159777495471848 Y32.63756013960719 F300
G1 X15.065945520669924 Y32.75828984176294 F300
G1 X14.962220177266687 Y32.87199975756279 F300
G1 X14.848726385766806 Y32.978722577289105 F300
G1 X14.728354853158663 Y33.07624192404155 F300
G1 X14.599848181399368 Y33.16606629380655 F300
G1 X14.463383756749526 Y33.24810742162033 F300
G1 X14.319091599269584 Y33.3221927230652 F300
G1 X14.167070871363514 Y33.388059778935194 F300
G1 X14.013854637388565 Y33.44366187143559 F300
G1 X13.86002119071308 Y33.49019893856026 F300
G1 X13.705514541839406 Y33.528643519384325 F300
G1 X13.550268560252405 Y33.55991505004631 F300
G1 X13.341138682947639 Y33.592072014232016 F300
G1 X13.130569026840048 Y33.61493005052035 F300
G1 X12.918666515807958 Y33.63043448115742 F300
G1 X12.59977858373037 Y33.6441001641956 F300
G1 X12.279546071363512 Y33.652138498935194 F300
G1 X11.959308919950654 Y33.661102187947606 F300
G1 X11.640188560252401 Y33.677547530046304 F300
G1 X11.428241337836514 Y33.69592169547383 F300
G1 X11.217444187355715 Y33.72247677805155 F300
G1 X11.007875315807956 Y33.75918200115741 F300
G1 X10.957538444659743 Y33.76408374603639 F300
G1 X10.913496437641301 Y33.75889213821706 F300
G1 X10.874745857235538 Y33.745745308787185 F300
G1 X10.84049989914129 Y33.725835681712965 F300
G1 X10.800897412770903 Y33.689197720109654 F300
G1 X10.771271346975325 Y33.645212864751315 F300
G1 X10.751652815807958 Y33.595704778935186 F300
G1 X10.74315520013558 Y33.54328948952314 F300
G1 X10.746679921026779 Y33.49269326896861 F300
G1 X10.762765315807957 Y33.44525387615741 F300
G1 X10.782678990969025 Y33.41462781525242 F300
G1 X10.810151069734513 Y33.38807752070642 F300
G1 X10.846847032872624 Y33.366289741249886 F300
G1 X10.895268649141292 Y33.35094755671297 F300
G1 X11.093693656399003 Y33.315842695026426 F300
G1 X11.292316785029875 Y33.289967409735034 F300
G1 X11.491205124835735 Y33.2716387025463 F300
G1 X11.790542103093498 Y33.25468215768579 F300
G1 X12.090462121363514 Y33.24553755671297 F300
G1 X12.690433492891291 Y33.22874974421297 F300
G1 X12.890059987520768 Y33.21764167021052 F300
G1 X13.089420638025503 Y33.2010660404835 F300
G1 X13.288513093585733 Y33.17738089004631 F300
G1 X13.442859854908482 Y33.15267889017132 F300
G1 X13.599096225495188 Y33.120849997653316 F300
G1 X13.755923805391289 Y33.08110562962964 F300
G1 X13.910288712483165 Y33.03318457546072 F300
G1 X14.061005847644498 Y32.976451252514146 F300
G1 X14.206917121363512 Y32.9102046400463 F300
G1 X14.312880895964653 Y32.85358779689598 F300
G1 X14.414317609226615 Y32.7911813896067 F300
G1 X14.510859990679531 Y32.72264122133431 F300
G1 X14.602109812335733 Y32.6475726087963 F300
G1 X14.687129740885556 Y32.56603834949819 F300
G1 X14.765754025316067 Y32.477395810631734 F300
G1 X14.837589342373022 Y32.381000574473454 F300
G1 X14.90211864914129 Y32.27610422337963 F300
G1 X14.954207084779501 Y32.17163078991785 F300
G1 X14.997018194786275 Y32.06354221521612 F300
G1 X15.03085382682726 Y31.952186288846455 F300
G1 X15.055898892196845 Y31.83787043865741 F300
G1 X15.072116905356692 Y31.721949865200237 F300
G1 X15.079698579327157 Y31.605024182246066 F300
G1 X15.078796126546324 Y31.487481977144885 F300
G1 X15.069476426919067 Y31.369712278935193 F300
G1 X15.051869417117723 Y31.252897719540847 F300
G1 X15.026189710782774 Y31.13800002892144 F300
G1 X14.992547083569612 Y31.02542010184419 F300
G1 X14.95097396164129 Y30.915577035879636 F300
G1 X14.901472286791872 Y30.8090112694393 F300
G1 X14.844556988717088 Y30.70721624399919 F300
G1 X14.780257267072466 Y30.610547935038266 F300
G1 X14.708514204696847 Y30.519412001157413 F300
G1 X14.622778303101885 Y30.426646683492564 F300
G1 X14.531093890235535 Y30.34132370171337 F300
G1 X14.433837135268176 Y30.263238199946684 F300
G1 X14.331318260098769 Y30.192253316132412 F300
G1 X14.223797538030182 Y30.128304264531906 F300
G1 X14.083670172203776 Y30.058715419683512 F300
G1 X13.938486296115766 Y30.00085482134583 F300
G1 X13.788873588484677 Y29.954657193092498 F300
G1 X13.635411241733882 Y29.92020196000515 F300
G1 X13.479706989880537 Y29.897826487556948 F300
G1 X13.323398380369838 Y29.887692960425582 F300
G1 X13.16708773467862 Y29.889839486073264 F300
G1 X13.01137087136351 Y29.90444977893519 F300
G1 X12.874758565839976 Y29.927184970479626 F300
G1 X12.736098371363513 Y29.962322973379635 F300
G1 X12.646528752933216 Y29.994649466195373 F300
G1 X12.562433334090866 Y30.035126900251527 F300
G1 X12.48516753803018 Y30.08507200115741 F300
G1 X12.446910699181027 Y30.118162557657886 F300
G1 X12.41012475106234 Y30.15901973205529 F300
G1 X12.37685692074623 Y30.206694099922846 F300
G1 X12.350529278367905 Y30.2580237895027 F300
G1 X12.333392995972638 Y30.310338031766296 F300
G1 X12.326872229388204 Y30.362653235725315 F300
G1 X12.330030139190107 Y30.40100128411114 F300
G1 X12.34091045668584 Y30.437780798203438 F300
G1 X12.36082802031966 Y30.473207361817625 F300
G1 X12.392034204696847 Y30.507135334490744 F300
G1 X12.437091678665979 Y30.53893576690018 F300
G1 X12.491663564347354 Y30.56507533799024 F300
G1 X12.554944369305902 Y30.58619936741256 F300
G1 X12.653945688887944 Y30.608091195245656 F300
G1 X12.75589181786557 Y30.62261648675412 F300
G1 X12.938275315807955 Y30.64203755671297 F300
G1 X13.176717491580568 Y30.66616924619386 F300
G1 X13.415851903793648 Y30.679383316172036 F300
G1 X13.655543093585734 Y30.6831008900463 F300
G1 X13.655543093585734 Y31.106434223379637 F300
G1 X13.595942543190183 Y31.109976801153802 F300
G1 X13.543923937715304 Y31.12547589564569 F300
G1 X13.498747743791498 Y31.15097307111627 F300
G1 X13.460056965702673 Y31.185893593563694 F300
G1 X13.430146290841142 Y31.227752212547166 F300
G1 X13.409372147083676 Y31.275913894161533 F300
G1 X13.399243897306789 Y31.32727127061426 F300
G1 X13.400263034267496 Y31.381583085924746 F300
G1 X13.414101982474623 Y31.438609778935195 F300
G1 X13.060336426919067 Y31.345194223379632 F300
G1 X13.088213710869685 Y31.29463986123972 F300
G1 X13.116090994820302 Y31.242360807741775 F300
G1 X13.125377618508212 Y31.232517408333926 F300
G1 X13.131928663056604 Y31.231278365620412 F300
G1 X13.138229760252402 Y31.238373112268523 F300
G1 X13.141017425850308 Y31.251162189092916 F300
G1 X13.136625868820357 Y31.25631285527982 F300
G1 X13.125352064779152 Y31.25744401761832 F300
G1 X13.102563063815069 Y31.252581199712072 F300
G1 X13.072461529799726 Y31.242209243955763 F300
G1 X13.024211982474622 Y31.2241208900463 F300
G1 X12.646457538030177 Y31.119134223379636 F300
G1 X12.410742435682073 Y31.05992755089489 F300
G1 X12.173532351292252 Y31.007354560289436 F300
G1 X11.93455198247462 Y30.963488667824077 F300
G1 X11.770514955077667 Y30.940025113327266 F300
G1 X11.604549694588279 Y30.922967686620442 F300
G1 X11.437239842556927 Y30.913341960005148 F300
G1 X11.26980742931341 Y30.91219988040072 F300
G1 X11.10318828824595 Y30.920513597829032 F300
G1 X10.937826714984908 Y30.939269820087453 F300
G1 X10.815015968642381 Y30.960799906487384 F300
G1 X10.693728250592901 Y30.98916483112708 F300
G1 X10.574062243534634 Y31.024835269100024 F300
G1 X10.456130871363507 Y31.068334223379633 F300
G1 X10.349262723215363 Y31.112852165766473 F300
G1 X10.292703257613237 Y31.1403858787333 F300
G1 X10.239384204696844 Y31.172077021733543 F300
G1 X10.191995336646116 Y31.209370052231037 F300
G1 X10.15641087136351 Y31.25093200115741 F300
G1 X10.132414183063192 Y31.299473402558416 F300
G1 X10.116664575067217 Y31.357434305684162 F300
G1 X10.10806131495733 Y31.418700224594392 F300
G1 X10.104105686178327 Y31.48149710403807 F300
G1 X10.10180087136351 Y31.5975008900463 F300
G1 X10.103228453345197 Y31.767311367722975 F300
G1 X10.11695318884805 Y31.935272287590617 F300
G1 X10.142896572391408 Y32.101779553782414 F300
G1 X10.181105315807955 Y32.26721422337963 F300
G1 X10.232938258193387 Y32.43484770851804 F300
G1 X10.296205101127773 Y32.59620156587338 F300
G1 X10.370607684985846 Y32.751361517974345 F300
G1 X10.455972121363512 Y32.9003621400463 F300
G1 X10.551963501772931 Y33.04279463508695 F300
G1 X10.658200099502082 Y33.178202571977906 F300
G1 X10.774640793993084 Y33.30651284792252 F300
G1 X10.901336426919066 Y33.4275708900463 F300
G1 X10.93554846997686 Y33.46521500557187 F300
G1 X10.956477093666175 Y33.502627805368554 F300
G1 X10.967082688360092 Y33.53958801360394 F300
G1 X10.9691292915024 Y33.57631302546296 F300
G1 X10.95952356645966 Y33.625796199150486 F300
G1 X10.9375058222982 Y33.67167590503377 F300
G1 X10.90424684358573 Y33.713056306712964 F300
G1 X10.862755209561506 Y33.74638797946517 F300
G1 X10.815393140185707 Y33.76984382782369 F300
G1 X10.763085020669063 Y33.78188104629629 F300
G1 X10.72369229742117 Y33.7820397033437 F300
G1 X10.683742619388457 Y33.77405049696408 F300
G1 X10.643130177260154 Y33.75646064574083 F300
G1 X10.602039760252396 Y33.72686755671297 F300
G1 X10.602039760252396 Y33.72686755671297 F300
G1 X10.6020397602524 Y33.726726445601855 F300;svg#Layer_2 > g#Layer_2-2 > path
G0 X11.605480871363513 Y36.06818311226852
G1 X11.427364462799348 Y36.10086887837479 F300
G1 X11.238649308863513 Y36.125198615740736 F300
G1 X11.111554622536499 Y36.13370453861405 F300
G1 X10.985342890224667 Y36.134241813448526 F300
G1 X10.861155038030178 Y36.12531547337963 F300
G1 X10.768953523003605 Y36.11127177844193 F300
G1 X10.67986776059845 Y36.09038696384992 F300
G1 X10.59412343701311 Y36.0620377090612 F300
G1 X10.511971183863514 Y36.02549920601852 F300
G1 X10.434896321578034 Y35.980700226520625 F300
G1 X10.362049205394513 Y35.92625592637481 F300
G1 X10.293629329733777 Y35.86081920291132 F300
G1 X10.230070871363514 Y35.78271533449074 F300
G1 X10.181073211597692 Y35.70314901713258 F300
G1 X10.146382084718516 Y35.62342641690139 F300
G1 X10.124206060356753 Y35.54358623663074 F300
G1 X10.113270558863515 Y35.46349995254629 F300
G1 X10.112838427772234 Y35.38183478844983 F300
G1 X10.122471770681624 Y35.300985710424854 F300
G1 X10.141539169121613 Y35.22106884497811 F300
G1 X10.16964003803018 Y35.14224727893519 F300
G1 X10.205540354747168 Y35.06667225274774 F300
G1 X10.248756679881897 Y34.9942518320308 F300
G1 X10.298803221409825 Y34.925352950358075 F300
G1 X10.355284933863512 Y34.86041752199074 F300
G1 X10.41719303883016 Y34.80058710910612 F300
G1 X10.483327551739924 Y34.74690191003237 F300
G1 X10.55317804277824 Y34.69971802364313 F300
G1 X10.626310871363511 Y34.6594708900463 F300
G1 X10.731013260612285 Y34.61304642415975 F300
G1 X10.838189965830052 Y34.57432960951598 F300
G1 X10.947550315807954 Y34.54224283449074 F300
G1 X11.114557664560593 Y34.50441734415399 F300
G1 X11.283606426919068 Y34.47602644560185 F300
G1 X11.407425020430484 Y34.46032665821465 F300
G1 X11.532627398327735 Y34.45037488931426 F300
G1 X11.658450454696846 Y34.44820991782407 F300
G1 X11.75243915425659 Y34.45293399619024 F300
G1 X11.845462750925183 Y34.46401168126181 F300
G1 X11.937398295794857 Y34.48230560058615 F300
G1 X12.028108649141288 Y34.50876422337963 F300
G1 X12.131677646947985 Y34.550382273999936 F300
G1 X12.229743231594666 Y34.602300429897646 F300
G1 X12.321531565807955 Y34.66449797337963 F300
G1 X12.385345874380274 Y34.71767878641429 F300
G1 X12.444083977716195 Y34.77617398124205 F300
G1 X12.497436618342581 Y34.840100734515275 F300
G1 X12.54499864914129 Y34.909660890046304 F300
G1 X12.587470574254088 Y34.989857645305186 F300
G1 X12.618187042622708 Y35.07129232671525 F300
G1 X12.638318788122529 Y35.153988044786665 F300
G1 X12.648715315807955 Y35.23806172337964 F300
G1 X12.64995960580501 Y35.32314648870424 F300
G1 X12.64260259314922 Y35.40882368559306 F300
G1 X12.62711179311389 Y35.49498344556066 F300
G1 X12.603841982474624 Y35.5814908900463 F300
G1 X12.57351591977486 Y35.66986272853122 F300
G1 X12.539009567172519 Y35.752354539388186 F300
G1 X12.499566097700963 Y35.82853463490227 F300
G1 X12.452964010804966 Y35.89997648025313 F300
G1 X12.399517691770454 Y35.963732864669836 F300
G1 X12.33803045984088 Y36.01954158963478 F300
G1 X12.287451420812515 Y36.054854951202984 F300
G1 X12.230900179365683 Y36.085544498390135 F300
G1 X12.167338389557505 Y36.11118107157002 F300
G1 X12.095559760252401 Y36.131118667824076 F300
G1 X11.952839205277249 Y36.158024203509235 F300
G1 X11.80779723754104 Y36.177073195737464 F300
G1 X11.661061010252402 Y36.188868390046295 F300
G1 X11.513844688629932 Y36.19397598572484 F300
G1 X11.367466483209398 Y36.193034967932945 F300
G1 X11.222646426919066 Y36.18671644560185 F300
G1 X11.172810653597725 Y36.17841591315593 F300
G1 X11.131736294524437 Y36.16200024893273 F300
G1 X11.097876641254462 Y36.13928130854906 F300
G1 X11.070147208169066 Y36.111204362268516 F300
G1 X11.041682672962667 Y36.06560196673569 F300
G1 X11.02476888577068 Y36.01546985202098 F300
G1 X11.018970176919067 Y35.96256144560186 F300
G1 X11.024671051059423 Y35.90978656399472 F300
G1 X11.041495105883119 Y35.86183726149979 F300
G1 X11.069631270669067 Y35.82016269560185 F300
G1 X11.096998904162023 Y35.79573633582896 F300
G1 X11.13059132133908 Y35.77720466096395 F300
G1 X11.171822659053033 Y35.765665669164996 F300
G1 X11.222646426919066 Y35.76338311226852 F300
G1 X11.4146213934004 Y35.77012031461964 F300
G1 X11.606319017025143 Y35.766385203004305 F300
G1 X11.797815315807954 Y35.751388667824074 F300
G1 X11.930386591528121 Y35.73677060198046 F300
G1 X11.995618918212344 Y35.72289898423149 F300
G1 X12.054334410458162 Y35.699825622556595 F300
G1 X12.08874359465577 Y35.677514024433236 F300
G1 X12.118771857385928 Y35.6480033203177 F300
G1 X12.143819760252399 Y35.60900755671297 F300
G1 X12.172287578615887 Y35.547202223568306 F300
G1 X12.198685850787378 Y35.47779512872944 F300
G1 X12.218866054173688 Y35.40583192287825 F300
G1 X12.230158854902605 Y35.33325554025206 F300
G1 X12.231357843887144 Y35.284814884536914 F300
G1 X12.22644094201508 Y35.238286192713986 F300
G1 X12.214657538030178 Y35.193858667824074 F300
G1 X12.190321355440208 Y35.14030018020102 F300
G1 X12.158352750447468 Y35.09161598552326 F300
G1 X12.119689760252403 Y35.04740297337963 F300
G1 X12.075710693072388 Y35.00798962388653 F300
G1 X12.02790435595512 Y34.97363134696717 F300
G1 X11.97730864914129 Y34.94423311226852 F300
G1 X11.905145658366898 Y34.9123085713871 F300
G1 X11.829084431565146 Y34.889019243246445 F300
G1 X11.749404505800806 Y34.873543855683685 F300
G1 X11.666357249964335 Y34.86520566370886 F300
G1 X11.554869494594719 Y34.864056909302334 F300
G1 X11.441945886205726 Y34.8723472503198 F300
G1 X11.32903375202195 Y34.88831130156893 F300
G1 X11.162893727995893 Y34.92286349577618 F300
G1 X11.012814204696845 Y34.96271866782408 F300
G1 X10.93241042321895 Y34.989684168070134 F300
G1 X10.839659847057957 Y35.03013891087963 F300
G1 X10.74956207235948 Y35.0806155715257 F300
G1 X10.666651010252401 Y35.141612278935185 F300
G1 X10.617932564408324 Y35.18888681921718 F300
G1 X10.578749922094774 Y35.23948480620785 F300
G1 X10.550236548446847 Y35.293672730324076 F300
G1 X10.536800966680154 Y35.33666742749381 F300
G1 X10.530956018943426 Y35.38196818419439 F300
G1 X10.533733811811139 Y35.430397718458025 F300
G1 X10.546865315807958 Y35.48285422337963 F300
G1 X10.575083450100903 Y35.54307711583397 F300
G1 X10.611979550046131 Y35.59171109984258 F300
G1 X10.656629104490044 Y35.63096097493791 F300
G1 X10.708830003307959 Y35.66232771296297 F300
G1 X10.786118427288953 Y35.692043436538924 F300
G1 X10.872982837458244 Y35.71068545120321 F300
G1 X10.968081982474624 Y35.7194446400463 F300
G1 X11.112301906028765 Y35.717185986890826 F300
G1 X11.253263128307957 Y35.70250469212963 F300
G1 X11.388180095735304 Y35.68045068442116 F300
G1 X11.493015315807957 Y35.65980755671296 F300
G1 X11.54976316389494 Y35.65482966371186 F300
G1 X11.603518306460398 Y35.66242200750024 F300
G1 X11.653246982474624 Y35.68189144560185 F300
G1 X11.686289205943464 Y35.70394116171619 F300
G1 X11.71440120821753 Y35.73190914637076 F300
G1 X11.73710770128466 Y35.76620968805347 F300
G1 X11.753365315807956 Y35.807692001157406 F300
G1 X11.75957410186109 Y35.84329464209926 F300
G1 X11.759313352801714 Y35.879782568855006 F300
G1 X11.752842682063104 Y35.91655138387347 F300
G1 X11.74055209728725 Y35.95186034946888 F300
G1 X11.722969156518262 Y35.984429498182116 F300
G1 X11.700265727330592 Y36.01355743325618 F300
G1 X11.672917729716602 Y36.03792626740436 F300
G1 X11.641438304625792 Y36.05637131065629 F300
G1 X11.605480871363513 Y36.06804200115741 F300
G1 X11.605480871363513 Y36.06804200115741 F300
G1 X11.605480871363513 Y36.06818311226852 F300;svg#Layer_2 > g#Layer_2-2 > path
G0 X11.203173093585734 Y35.652610890046304
G1 X11.257783093585735 Y35.5433908900463 F300
G1 X11.281436956234815 Y35.50995882210243 F300
G1 X11.312251982474624 Y35.483983112268525 F300
G1 X11.345506690338024 Y35.46051397098763 F300
G1 X11.38421864914129 Y35.44616533449075 F300
G1 X11.426529766022886 Y35.43859308136408 F300
G1 X11.468603093585735 Y35.44235533449074 F300
G1 X11.509360424506887 Y35.449539622935994 F300
G1 X11.547343093585736 Y35.46747311226852 F300
G1 X11.590240871363514 Y35.500634223379635 F300
G1 X11.613812757410708 Y35.52867700393584 F300
G1 X11.631864759068163 Y35.55967938512676 F300
G1 X11.644709760252402 Y35.594049778935194 F300
G1 X11.652329760252403 Y35.650353112268526 F300
G1 X11.649077641442965 Y35.68780168001203 F300
G1 X11.639462457220189 Y35.723217732044674 F300
G1 X11.623401982474624 Y35.757174223379636 F300
G1 X11.568791982474625 Y35.866394223379636 F300
G1 X11.545138119825546 Y35.8998262913235 F300
G1 X11.514323093585734 Y35.925802001157415 F300
G1 X11.481068385722338 Y35.9492711424383 F300
G1 X11.44235642691907 Y35.96361977893519 F300
G1 X11.400045310037475 Y35.97119203206186 F300
G1 X11.357971982474623 Y35.96742977893519 F300
G1 X11.317214651553476 Y35.96024549048995 F300
G1 X11.279231982474625 Y35.94231200115741 F300
G1 X11.236334204696847 Y35.9091508900463 F300
G1 X11.212762318649654 Y35.8811081094901 F300
G1 X11.194710316992198 Y35.85010572829917 F300
G1 X11.181865315807958 Y35.81573533449074 F300
G1 X11.174245315807957 Y35.759432001157414 F300
G1 X11.177497434617399 Y35.72198343341392 F300
G1 X11.187112618840173 Y35.68656738138125 F300
G1 X11.203173093585734 Y35.652610890046304 F300
G1 X11.203173093585734 Y35.652610890046304 F300;svg#Layer_2 > g#Layer_2-2 > path
G0 X13.161371982474623 Y36.02260422337962
G1 X13.070462452916479 Y36.028411454577366 F300
G1 X12.979172704091862 Y36.02737126128729 F300
G1 X12.88866169440878 Y36.01847541679527 F300
G1 X12.799938500271631 Y36.00056471882183 F300
G1 X12.715808908989441 Y35.97294051136213 F300
G1 X12.636992640910837 Y35.934540437371396 F300
G1 X12.5827124095029 Y35.89847459947022 F300
G1 X12.532454037897573 Y35.85530055511906 F300
G1 X12.486502273262422 Y35.804048423447696 F300
G1 X12.445374204696847 Y35.743486445601846 F300
G1 X12.404142530325098 Y35.659337711805186 F300
G1 X12.376303809310645 Y35.57283895574287 F300
G1 X12.360440994820305 Y35.484186939429016 F300
G1 X12.355594376376716 Y35.393887621241454 F300
G1 X12.360919499417676 Y35.30319473971525 F300
G1 X12.375602599758576 Y35.21256372955247 F300
G1 X12.398701215650412 Y35.12348566089325 F300
G1 X12.429161170621548 Y35.03721245807971 F300
G1 X12.46611753803018 Y34.95439311226851 F300
G1 X12.532386334571196 Y34.83662048500002 F300
G1 X12.609814584847268 Y34.725298202908895 F300
G1 X12.696287399141292 Y34.61934241782408 F300
G1 X12.837042821045596 Y34.46968448365125 F300
G1 X12.982866426919069 Y34.329694223379626 F300
G1 X13.086256069359205 Y34.23617481783116 F300
G1 X13.193032496301168 Y34.147033529477724 F300
G1 X13.303947121363514 Y34.06371741782407 F300
G1 X13.419646117650817 Y33.98776666674065 F300
G1 X13.540816679827518 Y33.920696071650354 F300
G1 X13.668525315807956 Y33.86388644560185 F300
G1 X13.777682134603852 Y33.828152092586706 F300
G1 X13.886257514597668 Y33.80516673982597 F300
G1 X13.994619897609237 Y33.79343254299453 F300
G1 X14.103165176919068 Y33.79170811226852 F300
G1 X14.248302890061154 Y33.80314087877119 F300
G1 X14.394019304385655 Y33.828097530238004 F300
G1 X14.540450871363515 Y33.86430977893518 F300
G1 X14.828422064779156 Y33.94091220691873 F300
G1 X14.92508323119675 Y33.97229841727269 F300
G1 X15.017066842320883 Y34.0097573100003 F300
G1 X15.102627085355286 Y34.05539512872942 F300
G1 X15.161673426125844 Y34.09639972609575 F300
G1 X15.215212843163881 Y34.14410304125235 F300
G1 X15.262769654506299 Y34.19989932677979 F300
G1 X15.303579760252402 Y34.26548866782408 F300
G1 X15.363009307467003 Y34.39079032138927 F300
G1 X15.41488506889438 Y34.52671669251544 F300
G1 X15.443123197736771 Y34.62009568576693 F300
G1 X15.465429415998559 Y34.714833615572076 F300
G1 X15.481034821980797 Y34.81024027276235 F300
G1 X15.489147310916554 Y34.90634995021239 F300
G1 X15.488774044913928 Y35.00050539965231 F300
G1 X15.479263093585736 Y35.092258667824076 F300
G1 X15.46324236552792 Y35.16797372502718 F300
G1 X15.44107835425806 Y35.23597009419293 F300
G1 X15.41343086174675 Y35.297328948988095 F300
G1 X15.380757085355286 Y35.35299541679528 F300
G1 X15.327949130345104 Y35.421885133037826 F300
G1 X15.266504758406638 Y35.483073034709996 F300
G1 X15.196675027742119 Y35.53768895588993 F300
G1 X15.121238624036394 Y35.58512980864141 F300
G1 X15.038570589647833 Y35.62774083702773 F300
G1 X14.948967538030182 Y35.66615755671297 F300
G1 X14.700497358473749 Y35.75774832116622 F300
G1 X14.448733924885106 Y35.83897651512754 F300
G1 X14.193936265108437 Y35.91014838114821 F300
G1 X13.936354204696851 Y35.971539640046295 F300
G1 X13.676598956485368 Y36.02333094163892 F300
G1 X13.415333191029546 Y36.06572151158794 F300
G1 X13.152852938484191 Y36.098980991286936 F300
G1 X12.889450871363517 Y36.12335755671297 F300
G1 X12.838684156765302 Y36.12180202239847 F300
G1 X12.797550140801413 Y36.11084580768882 F300
G1 X12.764060686412728 Y36.09280671180951 F300
G1 X12.736773058863514 Y36.06880047337964 F300
G1 X12.708704773595079 Y36.02759425293501 F300
G1 X12.691877607736345 Y35.97990486833338 F300
G1 X12.686145038030183 Y35.927142556712965 F300
G1 X12.691894746960692 Y35.87421046809862 F300
G1 X12.708747472245419 Y35.823822467996706 F300
G1 X12.737169933863516 Y35.77775880671297 F300
G1 X12.764879368375066 Y35.749251830028285 F300
G1 X12.798716218705142 Y35.726032250509476 F300
G1 X12.839736352529007 Y35.70903289654365 F300
G1 X12.889450871363517 Y35.70002422337963 F300
G1 X13.168680202535386 Y35.67299637669391 F300
G1 X13.445905625396186 Y35.63453694033857 F300
G1 X13.721088543588888 Y35.58469001500859 F300
G1 X13.994185087708914 Y35.52346197490709 F300
G1 X14.265143093585737 Y35.45082200115741 F300
G1 X14.58654128803018 Y35.354354917824075 F300
G1 X14.74592488111509 Y35.297666060328446 F300
G1 X14.89830864914129 Y35.231535334490744 F300
G1 X14.948995536103148 Y35.20153423674067 F300
G1 X14.988141119609818 Y35.167845796068995 F300
G1 X15.017888381924413 Y35.13101992140412 F300
G1 X15.039819212843337 Y35.091198826551214 F300
G1 X15.054994899141292 Y35.048214362268524 F300
G1 X15.065216746172489 Y34.99087818171063 F300
G1 X15.066713048928815 Y34.929623694454946 F300
G1 X15.060247945372963 Y34.8647486421717 F300
G1 X15.046475315807958 Y34.7966308900463 F300
G1 X15.001954760252403 Y34.640332695601856 F300
G1 X14.97414475929127 Y34.56269364669326 F300
G1 X14.942617538030179 Y34.48900866782408 F300
G1 X14.91794266378489 Y34.449071884921096 F300
G1 X14.889775023806314 Y34.421876327507 F300
G1 X14.858197815807955 Y34.402807417824086 F300
G1 X14.803479573759379 Y34.38245200275939 F300
G1 X14.737583093585734 Y34.363702001157414 F300
G1 X14.404507954696845 Y34.261572834490735 F300
G1 X14.290513546072836 Y34.23407986812718 F300
G1 X14.176482295388148 Y34.2158247655919 F300
G1 X14.062225315807956 Y34.210032001157415 F300
G1 X13.96483379377924 Y34.21821682696911 F300
G1 X13.870430143468237 Y34.238999685048306 F300
G1 X13.778444630013594 Y34.27103584821299 F300
G1 X13.688385398112485 Y34.31326261844137 F300
G1 X13.573979339344689 Y34.38165887801844 F300
G1 X13.464339528640387 Y34.46167550818166 F300
G1 X13.359387455725653 Y34.55026656905865 F300
G1 X13.211381248532794 Y34.69183650143191 F300
G1 X13.080374204696845 Y34.82809866782408 F300
G1 X13.012745747565475 Y34.901828252894965 F300
G1 X12.945299513338824 Y34.98269372955248 F300
G1 X12.884028955983862 Y35.06859579380428 F300
G1 X12.833084821980798 Y35.1593021246142 F300
G1 X12.80670710796191 Y35.22285283066822 F300
G1 X12.788156644912808 Y35.28814279087429 F300
G1 X12.77853753803018 Y35.35557200115741 F300
G1 X12.779093217176626 Y35.41970124490098 F300
G1 X12.788599063708414 Y35.46867529944948 F300
G1 X12.804545677007926 Y35.50634482235769 F300
G1 X12.825574575067222 Y35.53568204230968 F300
G1 X12.864132341764313 Y35.56727298477717 F300
G1 X12.911992213976127 Y35.58855958640444 F300
G1 X12.969319760252404 Y35.60105307111626 F300
G1 X13.060749610609204 Y35.60556750765003 F300
G1 X13.161230871363514 Y35.599129778935186 F300
G1 X13.198742396951097 Y35.59994953813813 F300
G1 X13.233850239156045 Y35.60902261484722 F300
G1 X13.266719266425243 Y35.625345087577166 F300
G1 X13.296327915269424 Y35.647693577097975 F300
G1 X13.321993721630406 Y35.674869706909334 F300
G1 X13.343326920746229 Y35.7061233591821 F300
G1 X13.359469317533897 Y35.740304450462695 F300
G1 X13.369440688613546 Y35.775417709654434 F300
G1 X13.372897538030179 Y35.81079644560185 F300
G1 X13.36816174446063 Y35.85651966269556 F300
G1 X13.355303355664976 Y35.895826280127395 F300
G1 X13.335683943408206 Y35.92970166746923 F300
G1 X13.309926704696846 Y35.95880436226852 F300
G1 X13.26740832641667 Y35.98978821705966 F300
G1 X13.217559522771257 Y36.01116206894339 F300
G1 X13.161230871363514 Y36.02246311226852 F300
G1 X13.161230871363514 Y36.02246311226852 F300
G1 X13.161371982474623 Y36.02260422337962 F300;svg#Layer_2 > g#Layer_2-2 > path
G0 X13.914481982474625 Y35.4329008900463
G1 X13.911236426919068 Y35.41907200115741 F300
G1 X13.9027697602524 Y35.352326445601854 F300
G1 X13.903475315807956 Y35.338497556712966 F300
G1 X13.912788649141287 Y35.271893112268515 F300
G1 X13.916739760252403 Y35.258487556712964 F300
G1 X13.942280871363511 Y35.19823311226852 F300
G1 X13.964311843585735 Y35.16401366782407 F300
G1 X13.988988649141293 Y35.13360422337963 F300
G1 X14.007615315807959 Y35.11469533449073 F300
G1 X14.037167587872945 Y35.090403274667466 F300
G1 X14.071115315807958 Y35.06841089004629 F300
G1 X14.13207531580796 Y35.04272866782407 F300
G1 X14.14463420469685 Y35.039200890046295 F300
G1 X14.21208531580796 Y35.03002866782407 F300
G1 X14.226196426919069 Y35.03002866782407 F300
G1 X14.268581975622336 Y35.03376031066389 F300
G1 X14.307758649141292 Y35.04823200115741 F300
G1 X14.344391938360943 Y35.065495013271196 F300
G1 X14.375915315807957 Y35.09197644560185 F300
G1 X14.402396748138614 Y35.12349982304887 F300
G1 X14.419659760252404 Y35.16013311226852 F300
G1 X14.434131450745923 Y35.199309785787456 F300
G1 X14.437863093585738 Y35.241695334490736 F300
G1 X14.430243093585737 Y35.29799866782407 F300
G1 X14.41746508095478 Y35.33236002763578 F300
G1 X14.399384558750532 Y35.36336149742622 F300
G1 X14.37577420469685 Y35.39141422337962 F300
G1 X14.33287642691907 Y35.42457533449074 F300
G1 X14.298926494086796 Y35.44060192063868 F300
G1 X14.263508300181712 Y35.45018749325934 F300
G1 X14.226055315807958 Y35.45350311226852 F300
G1 X14.206723093585735 Y35.453926445601844 F300
G1 X14.263026426919069 Y35.44630644560184 F300
G1 X14.239601982474625 Y35.452656445601846 F300
G1 X14.290119760252406 Y35.43134866782407 F300
G1 X14.265989760252404 Y35.445459778935174 F300
G1 X14.30888753803018 Y35.41229866782407 F300
G1 X14.287579760252404 Y35.433606445601846 F300
G1 X14.320740871363517 Y35.39070866782407 F300
G1 X14.305500871363515 Y35.4165320011574 F300
G1 X14.326808649141292 Y35.36601422337962 F300
G1 X14.319329760252405 Y35.39296644560184 F300
G1 X14.326949760252402 Y35.33666311226851 F300
G1 X14.326808649141292 Y35.36093422337962 F300
G1 X14.319188649141292 Y35.30463089004629 F300
G1 X14.32271642691907 Y35.32015311226851 F300
G1 X14.330288680045733 Y35.362464229150106 F300
G1 X14.32652642691907 Y35.40453755671295 F300
G1 X14.319342138473827 Y35.445294887634105 F300
G1 X14.301408649141294 Y35.483277556712956 F300
G1 X14.277754786492215 Y35.516709624656826 F300
G1 X14.246939760252403 Y35.542685334490734 F300
G1 X14.213685052389012 Y35.566154475771626 F300
G1 X14.174973093585736 Y35.58050311226851 F300
G1 X14.118669760252404 Y35.58812311226851 F300
G1 X14.081221192508915 Y35.58487099345908 F300
G1 X14.04580514047625 Y35.575255809236296 F300
G1 X14.01184864914129 Y35.55919533449074 F300
G1 X13.968950871363512 Y35.526034223379625 F300
G1 X13.94537898531632 Y35.49799144282342 F300
G1 X13.927326983658865 Y35.466989061632496 F300
G1 X13.914481982474625 Y35.432618667824066 F300
G1 X13.914481982474625 Y35.432618667824066 F300
G1 X13.914481982474625 Y35.4329008900463 F300;svg#Layer_2 > g#Layer_2-2 > path
G0 X10.850254204696844 Y36.19560644560185
G1 X10.864600711935958 Y36.39244071623399 F300
G1 X10.890314829283238 Y36.586512444325386 F300
G1 X10.926612233259563 Y36.778032589282354 F300
G1 X10.97277525669238 Y36.96720214369379 F300
G1 X11.02814239914129 Y37.1542095011574 F300
G1 X11.1091018150459 Y37.384514814717384 F300
G1 X11.201717778738612 Y37.610734333536335 F300
G1 X11.304634914533985 Y37.83294775501501 F300
G1 X11.416533093585732 Y38.051217556712956 F300
G1 X11.528503857435306 Y38.25963614445959 F300
G1 X11.64681540261351 Y38.471935924768516 F300
G1 X11.729756603890015 Y38.611605867192694 F300
G1 X11.81703177018266 Y38.74830242207446 F300
G1 X11.909522399141288 Y38.88066866782407 F300
G1 X12.008551644797334 Y39.00786366349085 F300
G1 X12.114139382105439 Y39.12737312498619 F300
G1 X12.227289187335732 Y39.23807224421296 F300
G1 X12.31768675980814 Y39.3145554510935 F300
G1 X12.413297578445917 Y39.3848251872529 F300
G1 X12.51475422872615 Y39.44842265546021 F300
G1 X12.622750871363511 Y39.50480311226851 F300
G1 X12.775451985642867 Y39.572114224130445 F300
G1 X12.93312200507784 Y39.63283980638276 F300
G1 X13.095285272327228 Y39.68736584070652 F300
G1 X13.261461570951992 Y39.736063318029835 F300
G1 X13.485280959858226 Y39.79183736404768 F300
G1 X13.712008617515654 Y39.838579015736244 F300
G1 X13.94021646807133 Y39.87726327687757 F300
G1 X14.28309060794847 Y39.92237747013188 F300
G1 X14.616086426919066 Y39.954242001157404 F300
G1 X14.879861011560005 Y39.971434823201676 F300
G1 X15.144007785153716 Y39.98020656419046 F300
G1 X15.408283244143512 Y39.98019873694727 F300
G1 X15.672444204696843 Y39.971034223379625 F300
G1 X15.825728375939583 Y39.96081919866779 F300
G1 X15.980150256393664 Y39.94472931741923 F300
G1 X16.134247954696846 Y39.920498806712956 F300
G1 X16.248322349642415 Y39.89567821946495 F300
G1 X16.36000699623227 Y39.864232689393134 F300
G1 X16.468897188208828 Y39.82520491259003 F300
G1 X16.57456753803018 Y39.77757089004629 F300
G1 X16.68280598834255 Y39.71657396685411 F300
G1 X16.779677664677177 Y39.64912159225844 F300
G1 X16.866338541268117 Y39.57570075625325 F300
G1 X16.943783243659702 Y39.496630464985316 F300
G1 X17.01284950305076 Y39.41208265959362 F300
G1 X17.074829802072482 Y39.321132276805635 F300
G1 X17.129256213191248 Y39.22509247358057 F300
G1 X17.176579964108836 Y39.12410129015473 F300
G1 X17.217177119672193 Y39.01825658333875 F300
G1 X17.251357332268867 Y38.90763134272119 F300
G1 X17.284447790552218 Y38.767703533910215 F300
G1 X17.30870059682066 Y38.62247334259982 F300
G1 X17.32463077027281 Y38.47242331626536 F300
G1 X17.332722260252403 Y38.31805866782407 F300
G1 X17.332305391775844 Y38.112380867866435 F300
G1 X17.32075958074957 Y37.90484911520574 F300
G1 X17.299575521569277 Y37.697206363297326 F300
G1 X17.27007919094649 Y37.49032048674467 F300
G1 X17.234487508513944 Y37.29032440373914 F300
G1 X17.19454835078738 Y37.09891615753601 F300
G1 X17.126822844177614 Y36.818983342189945 F300
G1 X17.060271982474625 Y36.577029778935184 F300
G1 X16.99103063694674 Y36.35977268733905 F300
G1 X16.912119491463436 Y36.14517749245766 F300
G1 X16.826748772598087 Y35.93216768016976 F300
G1 X16.694087828560896 Y35.614346607570575 F300
G1 X16.56575593309191 Y35.29567817399692 F300
G1 X16.487933103473615 Y35.08079442971736 F300
G1 X16.420291167690756 Y34.86330672003858 F300
G1 X16.36600531580796 Y34.64197311226852 F300
G1 X16.338266637054193 Y34.489653888351015 F300
G1 X16.318701735561046 Y34.32933883243314 F300
G1 X16.312051172637748 Y34.22139370831299 F300
G1 X16.311535785599748 Y34.1135490927182 F300
G1 X16.318058896054872 Y34.00657591062243 F300
G1 X16.332671672977725 Y33.90069200894994 F300
G1 X16.356113727922807 Y33.79826261790017 F300
G1 X16.389288649141292 Y33.69977422337963 F300
G1 X16.41789029863837 Y33.63917538359096 F300
G1 X16.45147215017764 Y33.5853653964693 F300
G1 X16.489212954696846 Y33.536349917824076 F300
G1 X16.552769702469174 Y33.467321278576634 F300
G1 X16.6231097602524 Y33.398643112268516 F300
G1 X16.674014674890913 Y33.34425377428716 F300
G1 X16.718174834503277 Y33.28575905794801 F300
G1 X16.7555072602524 Y33.22322436226852 F300
G1 X16.785638751853682 Y33.15698871815699 F300
G1 X16.808232121068805 Y33.087240570606724 F300
G1 X16.822923093585736 Y33.013833112268514 F300
G1 X16.828509502833352 Y32.936821506435166 F300
G1 X16.824146560722898 Y32.86208757440498 F300
G1 X16.810637789998317 Y32.78969998151178 F300
G1 X16.788481529799732 Y32.71975233037552 F300
G1 X16.758035896302186 Y32.652660168251295 F300
G1 X16.720226199597292 Y32.589919741030286 F300
G1 X16.675435212261785 Y32.531778394058804 F300
G1 X16.623872805519895 Y32.47860389416152 F300
G1 X16.56673737293211 Y32.43174719111731 F300
G1 X16.50453951214326 Y32.39169205853679 F300
G1 X16.437427260671345 Y32.35884364459306 F300
G1 X16.365440871363514 Y32.333818667824076 F300
G1 X16.290666726500476 Y32.31612494773726 F300
G1 X16.216171447495206 Y32.302282947659464 F300
G1 X16.141978990579837 Y32.28838144681832 F300
G1 X16.069128443379974 Y32.270715869470166 F300
G1 X15.998517478420505 Y32.24567258103254 F300
G1 X15.929266426919067 Y32.20879422337963 F300
G1 X15.870075593411904 Y32.16354786588767 F300
G1 X15.819010138380273 Y32.11077673486965 F300
G1 X15.775561149141291 Y32.051314223379634 F300
G1 X15.739909739869399 Y31.986564836696303 F300
G1 X15.712214229513753 Y31.918116043528535 F300
G1 X15.69234087136351 Y31.846844223379634 F300
G1 X15.67255985276852 Y31.730709408714 F300
G1 X15.662385517398372 Y31.6108348567196 F300
G1 X15.660219801404667 Y31.48766418222737 F300
G1 X15.668161958577546 Y31.302192299481312 F300
G1 X15.68419823761866 Y31.116035005272632 F300
G1 X15.702471219397268 Y30.931105445662237 F300
G1 X15.716611982474625 Y30.754503112268512 F300
G1 X15.794081982474625 Y29.452894223379623 F300
G1 X15.802283246053026 Y29.403022079546417 F300
G1 X15.818620264814353 Y29.361926458959633 F300
G1 X15.84127392156201 Y29.32805419098957 F300
G1 X15.86929640955796 Y29.300315629629626 F300
G1 X15.914845182576231 Y29.271839210790834 F300
G1 X15.964952108963237 Y29.254915517865236 F300
G1 X16.017866565807957 Y29.249112140046293 F300
G1 X16.070651693855602 Y29.254814015292535 F300
G1 X16.118640396698332 Y29.271645217945924 F300
G1 X16.160377763724625 Y29.299799692129625 F300
G1 X16.184856935500342 Y29.327185301339618 F300
G1 X16.203447658349 Y29.360799163817802 F300
G1 X16.215053337975448 Y29.402052249876434 F300
G1 X16.21741531580796 Y29.452894223379623 F300
G1 X16.14615420469685 Y30.648952001157404 F300
G1 X16.110594204696845 Y31.24698089004629 F300
G1 X16.095228772598084 Y31.415342124614202 F300
G1 X16.087938734616 Y31.503316956299415 F300
G1 X16.08522556272154 Y31.59085298881173 F300
G1 X16.09037060688618 Y31.676962086286238 F300
G1 X16.106360871363513 Y31.75752089004629 F300
G1 X16.125603261127754 Y31.803103298101938 F300
G1 X16.150665187437085 Y31.835212162578667 F300
G1 X16.180470336384094 Y31.858075622556584 F300
G1 X16.23460863592692 Y31.880890601054006 F300
G1 X16.29772844337998 Y31.894126898276753 F300
G1 X16.429223093585737 Y31.91387200115741 F300
G1 X16.533058874842432 Y31.94252613410075 F300
G1 X16.6327330044084 Y31.982333177162722 F300
G1 X16.727691215532964 Y32.03237519368295 F300
G1 X16.817278649141294 Y32.091954223379624 F300
G1 X16.906388420022573 Y32.16522700885667 F300
G1 X16.98582283039045 Y32.24564848013941 F300
G1 X17.055642036866153 Y32.3328456981098 F300
G1 X17.115728649141293 Y32.42661686226852 F300
G1 X17.16544366215113 Y32.52617798656746 F300
G1 X17.204231195053374 Y32.63074639770457 F300
G1 X17.23175164528889 Y32.74031185853595 F300
G1 X17.247385315807957 Y32.8549420011574 F300
G1 X17.249892158348455 Y32.96899380697877 F300
G1 X17.239545005348678 Y33.08161555328084 F300
G1 X17.21700077811902 Y33.192348542879174 F300
G1 X17.18263295469685 Y33.300694362268516 F300
G1 X17.137107450571385 Y33.404963440782424 F300
G1 X17.081367539008667 Y33.50345491006844 F300
G1 X17.01580575487365 Y33.59560587948522 F300
G1 X16.9406097602524 Y33.68072422337962 F300
G1 X16.842103752021952 Y33.786144676054526 F300
G1 X16.805845751124703 Y33.83615942619549 F300
G1 X16.777872064779153 Y33.89049895588992 F300
G1 X16.758338823417223 Y33.95119443665182 F300
G1 X16.74474753803018 Y34.03194977893518 F300
G1 X16.738006342092568 Y34.125569976452994 F300
G1 X16.737493058766365 Y34.219217905372155 F300
G1 X16.74270142691907 Y34.31281380671296 F300
G1 X16.76015128589144 Y34.45240980288115 F300
G1 X16.787645315807957 Y34.590185334490734 F300
G1 X16.834377794657392 Y34.76528445339759 F300
G1 X16.890329764153698 Y34.9373432753443 F300
G1 X16.953309760252402 Y35.107181167824066 F300
G1 X17.056000862995802 Y35.35903928338253 F300
G1 X17.161730871363513 Y35.60914866782407 F300
G1 X17.2677524136064 Y35.873352586566746 F300
G1 X17.3648519547887 Y36.14028259293213 F300
G1 X17.45208418632643 Y36.41053073057805 F300
G1 X17.528478649141288 Y36.68469755671296 F300
G1 X17.581120801048662 Y36.90211538827001 F300
G1 X17.630975145941633 Y37.13644937057442 F300
G1 X17.675482560252405 Y37.38583689893519 F300
G1 X17.710365926841323 Y37.6361825292014 F300
G1 X17.734603952928786 Y37.89146866340819 F300
G1 X17.745846204696846 Y38.14931122782408 F300
G1 X17.744270993103378 Y38.34299381673701 F300
G1 X17.7330857878361 Y38.53361506602708 F300
G1 X17.711489678665057 Y38.72036682841746 F300
G1 X17.67864344914129 Y38.90246299671296 F300
G1 X17.64296217826807 Y39.04678779877917 F300
G1 X17.599032898203745 Y39.18615977119051 F300
G1 X17.54641345255776 Y39.320398536646344 F300
G1 X17.484586525046282 Y39.449303256503526 F300
G1 X17.412948160252405 Y39.572634658935186 F300
G1 X17.346137357990543 Y39.66974991652054 F300
G1 X17.271905843064033 Y39.76252490956685 F300
G1 X17.189678789056003 Y39.85086616908776 F300
G1 X17.09878671074033 Y39.93460594900467 F300
G1 X16.99846169599922 Y40.013490372344265 F300
G1 X16.887834204696848 Y40.08716866782408 F300
G1 X16.77701834366327 Y40.14933673616873 F300
G1 X16.662287423653304 Y40.203314567405606 F300
G1 X16.543851509665874 Y40.24973333415608 F300
G1 X16.4218941352524 Y40.2891626087963 F300
G1 X16.256136338719248 Y40.331306902946174 F300
G1 X16.086232980980945 Y40.36309658051775 F300
G1 X15.912932815807956 Y40.38570686226852 F300
G1 X15.738550074323117 Y40.40018484141942 F300
G1 X15.56389929490133 Y40.407829250189344 F300
G1 X15.389948579696846 Y40.40988757407408 F300
G1 X15.130354718992036 Y40.40511921813395 F300
G1 X14.8819397602524 Y40.394790890046295 F300
G1 X14.606886476549255 Y40.37770989072367 F300
G1 X14.32990241437747 Y40.352449456305926 F300
G1 X14.051980500600514 Y40.3182698889245 F300
G1 X13.774129343585734 Y40.27440547337962 F300
G1 X13.498286737909702 Y40.22025821557143 F300
G1 X13.226334803867408 Y40.155338963911376 F300
G1 X12.959132627604246 Y40.07898750493201 F300
G1 X12.6975397602524 Y39.99050755671296 F300
G1 X12.52372433467774 Y39.921262107025896 F300
G1 X12.355821842641596 Y39.84182693134383 F300
G1 X12.195184204696845 Y39.75061866782407 F300
G1 X12.08048979687851 Y39.67360461337614 F300
G1 X11.971558517182014 Y39.588530707100034 F300
G1 X11.868830910974848 Y39.49449929084435 F300
G1 X11.77283864914129 Y39.390503112268505 F300
G1 X11.653785477775209 Y39.241342307991694 F300
G1 X11.541291532204772 Y39.08520922431003 F300
G1 X11.434348371363512 Y38.923584084490734 F300
G1 X11.282992326136139 Y38.67555648340709 F300
G1 X11.140096426919067 Y38.42671422337962 F300
G1 X11.014268970573005 Y38.19505828503665 F300
G1 X10.897126172094234 Y37.95938424888898 F300
G1 X10.789879554491083 Y37.719590766589505 F300
G1 X10.716597188699732 Y37.53675051099863 F300
G1 X10.650255050123896 Y37.351844754276655 F300
G1 X10.591338515981892 Y37.16476662659031 F300
G1 X10.54035329934705 Y36.97540212461419 F300
G1 X10.497936268583924 Y36.78417018597584 F300
G1 X10.464518970279284 Y36.59062907476087 F300
G1 X10.440647618648974 Y36.39456291101143 F300
G1 X10.42692087136351 Y36.19574755671296 F300
G1 X10.430154842754744 Y36.14505897112083 F300
G1 X10.44245357477315 Y36.10380439370409 F300
G1 X10.461637104639161 Y36.07010662944097 F300
G1 X10.486637329696844 Y36.04261333796296 F300
G1 X10.52893385637245 Y36.01433777170729 F300
G1 X10.577228713613934 Y35.99742520694043 F300
G1 X10.630015038030177 Y35.99164797337963 F300
G1 X10.682898600814198 Y35.997391105351866 F300
G1 X10.732689240975477 Y36.01428210957611 F300
G1 X10.77767899636351 Y36.04273240046296 F300
G1 X10.805168859512577 Y36.070449386146315 F300
G1 X10.82722637829028 Y36.10434700742443 F300
G1 X10.842882310733707 Y36.145571854907296 F300
G1 X10.850254204696844 Y36.19574755671296 F300
G1 X10.850254204696844 Y36.19574755671296 F300
G1 X10.850254204696844 Y36.19560644560185 F300;svg#Layer_2 > g#Layer_2-2 > path
G0 X10.31092753803018 Y34.477014223379626
G1 X10.301561244793497 Y34.30023610415922 F300
G1 X10.29822753803018 Y34.12324866782408 F300
G1 X10.297592538030178 Y33.95003477893518 F300
G1 X10.304135983197359 Y33.86236898217287 F300
G1 X10.321510871363513 Y33.779784223379636 F300
G1 X10.345627582473496 Y33.72323698653006 F300
G1 X10.378344400364226 Y33.67703284761985 F300
G1 X10.418604135252401 Y33.63891344212963 F300
G1 X10.465376328123648 Y33.60768472108844 F300
G1 X10.517927439798944 Y33.582301539906396 F300
G1 X10.57554614914129 Y33.56192630671296 F300
G1 X10.665397467111902 Y33.539951553889246 F300
G1 X10.757200246363514 Y33.52497062962963 F300
G1 X10.928429760252401 Y33.50419422337963 F300
G1 X11.128605086131529 Y33.48246796752959 F300
G1 X11.32843113958142 Y33.47068349054672 F300
G1 X11.527922785455075 Y33.46861775245348 F300
G1 X11.727098137959254 Y33.47609118888789 F300
G1 X11.925975391825475 Y33.492966238960584 F300
G1 X12.124569648316871 Y33.51914569664723 F300
G1 X12.322889760252401 Y33.5545708900463 F300
G1 X12.358670018299938 Y33.56614957582163 F300
G1 X12.390074102483895 Y33.58453833963126 F300
G1 X12.41742375202195 Y33.60889866782408 F300
G1 X12.440140807208447 Y33.638013183832044 F300
G1 X12.457771557950828 Y33.67059384657385 F300
G1 X12.470126138853225 Y33.70593607523149 F300
G1 X12.476657738934115 Y33.74274232313856 F300
G1 X12.476964479881039 Y33.77927232381802 F300
G1 X12.470774204696847 Y33.8149208900463 F300
G1 X12.454402883015957 Y33.85687558253825 F300
G1 X12.431677329335516 Y33.89133628347788 F300
G1 X12.403643068214581 Y33.919257811132205 F300
G1 X12.370761704696847 Y33.94114477893519 F300
G1 X12.321194290893873 Y33.9603913287308 F300
G1 X12.267429036159964 Y33.96782232087621 F300
G1 X12.210424204696848 Y33.962805334490746 F300
G1 X12.027424342053317 Y33.930679123693 F300
G1 X11.843659435788387 Y33.90790913148204 F300
G1 X11.659277366979866 Y33.89429752205699 F300
G1 X11.474418914172716 Y33.889689111056605 F300
G1 X11.28922282078804 Y33.8939700699856 F300
G1 X11.103830871363515 Y33.907066445601856 F300
G1 X10.97665874585761 Y33.92160268836862 F300
G1 X10.850254204696846 Y33.941215334490735 F300
G1 X10.72099642691907 Y33.96619200115741 F300
G1 X10.693585593585738 Y33.973776723379636 F300
G1 X10.667233093585736 Y33.97818644560185 F300
G1 X10.671755820344154 Y33.97698071553425 F300
G1 X10.684579307577508 Y33.96327047852367 F300
G1 X10.710329472186558 Y33.92847352379115 F300
G1 X10.724947538030179 Y33.9090420011574 F300
G1 X10.722319421062416 Y33.92017176515938 F300
G1 X10.720570888724627 Y33.98968920601851 F300
G1 X10.723483510252404 Y34.17142047337963 F300
G1 X10.729491756780181 Y34.363920282407406 F300
G1 X10.734401982474624 Y34.47687311226852 F300
G1 X10.73272490041741 Y34.51448006709531 F300
G1 X10.723344301648511 Y34.54965531676565 F300
G1 X10.707151859017838 Y34.58248693942902 F300
G1 X10.685149339873062 Y34.61211607532399 F300
G1 X10.658455581222812 Y34.637753198993494 F300
G1 X10.627690624449933 Y34.65903187770062 F300
G1 X10.593964359305424 Y34.67507789185505 F300
G1 X10.558812380003513 Y34.68505683280151 F300
G1 X10.522735315807958 Y34.68853977893519 F300
G1 X10.47790742108181 Y34.683872308685345 F300
G1 X10.438622816979692 Y34.67111587581608 F300
G1 X10.404243888429505 Y34.65152491529138 F300
G1 X10.374409899141293 Y34.625674778935185 F300
G1 X10.342702189734354 Y34.5830469636541 F300
G1 X10.321295560223575 Y34.533207064833036 F300
G1 X10.311068649141292 Y34.47687311226852 F300
G1 X10.311068649141292 Y34.47687311226852 F300
G1 X10.31092753803018 Y34.477014223379626 F300;svg#Layer_2 > g#Layer_2-2 > path
G0 X9.367881982474625 Y24.793405334490743
G1 X9.39690377708826 Y24.708500910305233 F300
G1 X9.416058743959368 Y24.621966183611264 F300
G1 X9.425640221288617 Y24.534361709996062 F300
G1 X9.425721859017836 Y24.44620405877058 F300
G1 X9.4162284333211 Y24.358455878653857 F300
G1 X9.397355544584993 Y24.273183216077406 F300
G1 X9.369153774196723 Y24.19086680130408 F300
G1 X9.331443957783266 Y24.112047721322018 F300
G1 X9.284784780691457 Y24.038719636494044 F300
G1 X9.229043002672555 Y23.971352602623647 F300
G1 X9.163725807897201 Y23.910462964010485 F300
G1 X9.088058649141292 Y23.856850890046296 F300
G1 X9.014667577201545 Y23.81766671098768 F300
G1 X8.937850823600192 Y23.786537743206612 F300
G1 X8.858102719629088 Y23.76217468009486 F300
G1 X8.775885593585736 Y23.743379917824075 F300
G1 X8.608675779130813 Y23.718213717285945 F300
G1 X8.44402753803018 Y23.701769778935187 F300
G1 X7.603710871363515 Y23.624299778935185 F300
G1 X6.763394204696849 Y23.546829778935184 F300
G1 X6.564239933491393 Y23.527970768532175 F300
G1 X6.362444621363514 Y23.514338945601853 F300
G1 X6.227962592807493 Y23.513157108424235 F300
G1 X6.094701631129075 Y23.52173360461798 F300
G1 X5.962870871363514 Y23.543019778935186 F300
G1 X5.864185411221606 Y23.568772405050556 F300
G1 X5.768498695556322 Y23.60182484364091 F300
G1 X5.675750945865175 Y23.64178268459785 F300
G1 X5.585910830211252 Y23.688327639017498 F300
G1 X5.471331743889421 Y23.759741743010643 F300
G1 X5.363177926247032 Y23.840866398109608 F300
G1 X5.261600912515778 Y23.930970807741772 F300
G1 X5.167361497525977 Y24.02885673188167 F300
G1 X5.081236452603768 Y24.133148943954648 F300
G1 X5.003456426919071 Y24.24307200115741 F300
G1 X4.928078401009194 Y24.36801648898632 F300
G1 X4.861978255227039 Y24.496953879785877 F300
G1 X4.804500739174618 Y24.629550807838307 F300
G1 X4.755057738949257 Y24.76550798700981 F300
G1 X4.713120315807958 Y24.904547973379632 F300
G1 X4.670716022051289 Y25.081375850793076 F300
G1 X4.638624358647855 Y25.260245801846608 F300
G1 X4.615845700333589 Y25.440312307866872 F300
G1 X4.6014308713635135 Y25.620739778935192 F300
G1 X4.593832856419335 Y25.864823758360448 F300
G1 X4.594302147083679 Y26.11018105465536 F300
G1 X4.594991611432332 Y26.355595957655453 F300
G1 X4.588051447495202 Y26.600029984696505 F300
G1 X4.575323383817161 Y26.76214621147023 F300
G1 X4.5533991300847125 Y26.923417660196204 F300
G1 X4.519868649141292 Y27.083920890046297 F300
G1 X4.48693713265237 Y27.197097403747495 F300
G1 X4.446856133457096 Y27.30726586215428 F300
G1 X4.401075142196847 Y27.415190247685185 F300
G1 X4.324982009613702 Y27.574140989528647 F300
G1 X4.244419760252403 Y27.731391584490744 F300
G1 X4.164480437983113 Y27.88882081577443 F300
G1 X4.090410211641292 Y28.0479897962963 F300
G1 X4.0466927462919795 Y28.156204014087443 F300
G1 X4.009257878480955 Y28.266757117196335 F300
G1 X3.9795542046968477 Y28.38044977893519 F300
G1 X3.9621795328843206 Y28.483059740981048 F300
G1 X3.955702975834717 Y28.580346444130242 F300
G1 X3.9595400939412895 Y28.67212020695666 F300
G1 X3.973345315807959 Y28.75825648675412 F300
G1 X3.992596200912817 Y28.826220037108435 F300
G1 X4.018499793271978 Y28.889094764629817 F300
G1 X4.051069582882831 Y28.947008726343288 F300
G1 X4.090529908347838 Y28.99999630043414 F300
G1 X4.137316426919069 Y29.04794714519033 F300
G1 X4.188831885993912 Y29.088357577384876 F300
G1 X4.247843904812396 Y29.123396861596394 F300
G1 X4.315341759481014 Y29.15260236505391 F300
G1 X4.392525070467349 Y29.17518605019879 F300
G1 X4.480780871363514 Y29.190004223379628 F300
G1 X4.5926779720350135 Y29.198113089465604 F300
G1 X4.706987412148415 Y29.19881032060748 F300
G1 X4.8228871213635145 Y29.193214501157406 F300
G1 X4.9957907885797805 Y29.175739542980295 F300
G1 X5.163194204696847 Y29.151339778935185 F300
G1 X5.263581781521525 Y29.13334463201719 F300
G1 X5.370141488647465 Y29.107600560828196 F300
G1 X5.439791977050297 Y29.08467395700899 F300
G1 X5.505768767225379 Y29.056154547965566 F300
G1 X5.566646550375859 Y29.02099492296811 F300
G1 X5.608226995032083 Y28.98944588182554 F300
G1 X5.6451100197955135 Y28.95325834613981 F300
G1 X5.676894394821406 Y28.91164646720892 F300
G1 X5.702944204696847 Y28.86361422337963 F300
G1 X5.722672911385753 Y28.807658309431613 F300
G1 X5.733919591519923 Y28.749089091492507 F300
G1 X5.736936303462281 Y28.688568503215027 F300
G1 X5.7318516935765995 Y28.628076417626694 F300
G1 X5.718992966202656 Y28.568954204274483 F300
G1 X5.698491365190674 Y28.51198623984053 F300
G1 X5.670493771133261 Y28.458482669849186 F300
G1 X5.635602563162076 Y28.410309989380902 F300
G1 X5.593724204696848 Y28.368173112268522 F300
G1 X5.545583306322419 Y28.332487372150048 F300
G1 X5.4954943336545 Y28.305029909221435 F300
G1 X5.443687608927643 Y28.284944281851466 F300
G1 X5.390273340499316 Y28.271626980581285 F300
G1 X5.316829044636723 Y28.26379728925081 F300
G1 X5.2427397907299 Y28.266778506598 F300
G1 X5.168572105931416 Y28.279910725437247 F300
G1 X5.096438678889275 Y28.30232441381331 F300
G1 X5.0276319204984246 Y28.333119495644404 F300
G1 X4.96295753803018 Y28.3717008900463 F300
G1 X4.912439760252402 Y27.98477422337963 F300
G1 X5.004632028457111 Y27.995911872908405 F300
G1 X5.094238551037706 Y27.993730244743816 F300
G1 X5.181182417530278 Y27.979459110104248 F300
G1 X5.265358649141292 Y27.953844758359054 F300
G1 X5.345992286742244 Y27.917508843836103 F300
G1 X5.421162019837202 Y27.871742496850874 F300
G1 X5.490498548101122 Y27.81714720514087 F300
G1 X5.553460500993142 Y27.754083688400208 F300
G1 X5.6083292780794585 Y27.684090949854344 F300
G1 X5.654178138734198 Y27.608244965166985 F300
G1 X5.690466090602993 Y27.526855732389073 F300
G1 X5.7163497602524025 Y27.440085334490735 F300
G1 X5.732740255825801 Y27.392067238455773 F300
G1 X5.755401902172818 Y27.35555590227936 F300
G1 X5.782722382756322 Y27.328156010789595 F300
G1 X5.814029517196847 Y27.308276532407405 F300
G1 X5.862209848373216 Y27.292229258498722 F300
G1 X5.91321543711646 Y27.288724017209773 F300
G1 X5.965657815807958 Y27.29715741782407 F300
G1 X6.015143360521894 Y27.3167253304586 F300
G1 X6.058742939456028 Y27.346239704478393 F300
G1 X6.094690697752403 Y27.385653928240735 F300
G1 X6.113942798010404 Y27.419715732337984 F300
G1 X6.126333295275273 Y27.45830924443519 F300
G1 X6.130626001233768 Y27.502280036185446 F300
G1 X6.124584204696847 Y27.5526920011574 F300
G1 X6.093640633310115 Y27.6617704286032 F300
G1 X6.0525969621291535 Y27.763964235543156 F300
G1 X6.002247019117038 Y27.859565096145783 F300
G1 X5.943152798446848 Y27.94876884143518 F300
G1 X5.875278205864318 Y28.032097678043307 F300
G1 X5.8002874655995855 Y28.1079051270264 F300
G1 X5.718649034226399 Y28.176200987242147 F300
G1 X5.630712954696847 Y28.236869223379628 F300
G1 X5.537579002951609 Y28.28922955606977 F300
G1 X5.440201091462329 Y28.33284463348454 F300
G1 X5.338928483161543 Y28.36754027017495 F300
G1 X5.234056235946847 Y28.392995438657405 F300
G1 X5.127590750365557 Y28.40855693169454 F300
G1 X5.019599091598911 Y28.41406644781906 F300
G1 X4.910313281053335 Y28.40912807434775 F300
G1 X4.799974204696848 Y28.393149778935182 F300
G1 X4.753871127590883 Y28.378483397298176 F300
G1 X4.718191313311125 Y28.35664316609582 F300
G1 X4.690871256822814 Y28.329257273452612 F300
G1 X4.670632805519894 Y28.296974717206794 F300
G1 X4.654238682654881 Y28.24751248384578 F300
G1 X4.650207067121787 Y28.194604100891887 F300
G1 X4.658288196466395 Y28.139933729552467 F300
G1 X4.6720210234565425 Y28.100764112346358 F300
G1 X4.691761268394864 Y28.06492182645723 F300
G1 X4.71746658374682 Y28.033095738924814 F300
G1 X4.749456426919068 Y28.00622311226851 F300
G1 X4.83189535847491 Y27.956457967909277 F300
G1 X4.918034804080162 Y27.916050817085775 F300
G1 X5.007338458807779 Y27.884683291202695 F300
G1 X5.0993480415024015 Y27.86221260879629 F300
G1 X5.1933082337542515 Y27.848704550988153 F300
G1 X5.287321496869842 Y27.844275915885284 F300
G1 X5.380888415899519 Y27.848799826454183 F300
G1 X5.473515176919069 Y27.86230741782407 F300
G1 X5.5643615365199315 Y27.88489454882414 F300
G1 X5.651632037495251 Y27.916301743915707 F300
G1 X5.734919028140078 Y27.956598173402995 F300
G1 X5.813736270669069 Y28.006044518518515 F300
G1 X5.885980372970968 Y28.063753271806007 F300
G1 X5.951803109417722 Y28.13035437086227 F300
G1 X6.010676408570608 Y28.206470658289113 F300
G1 X6.061789760252402 Y28.292960890046288 F300
G1 X6.102637542397607 Y28.385169437625283 F300
G1 X6.131545872223643 Y28.476224500383786 F300
G1 X6.149571146198511 Y28.56603927695647 F300
G1 X6.15749396164129 Y28.654606619212952 F300
G1 X6.155655036410618 Y28.744291254474476 F300
G1 X6.144215434483464 Y28.83148281482175 F300
G1 X6.123621730540911 Y28.916125365586304 F300
G1 X6.094104204696846 Y28.99812839004629 F300
G1 X6.05610591714887 Y29.07658393524965 F300
G1 X6.0099935660711274 Y29.15094721332547 F300
G1 X5.955836439605146 Y29.22101198110348 F300
G1 X5.893554447752401 Y29.286458077546293 F300
G1 X5.825425985428031 Y29.344899495912042 F300
G1 X5.750224382015079 Y29.397388178746837 F300
G1 X5.667767031330228 Y29.44347408955251 F300
G1 X5.57777864914129 Y29.482527556712956 F300
G1 X5.454186506962923 Y29.52271650199415 F300
G1 X5.32615175601503 Y29.55340370818957 F300
G1 X5.194750176919068 Y29.576260612268513 F300
G1 X4.996026212106317 Y29.599272653658034 F300
G1 X4.800820871363514 Y29.6139020011574 F300
G1 X4.669644880043415 Y29.619234055006437 F300
G1 X4.537828318018709 Y29.617154291564937 F300
G1 X4.4064153158079575 Y29.605699917824065 F300
G1 X4.3090884509443415 Y29.589791233152134 F300
G1 X4.21365463117445 Y29.566770222384587 F300
G1 X4.120330734304906 Y29.53576495630545 F300
G1 X4.029366426919069 Y29.495792001157405 F300
G1 X3.940245585033323 Y29.444569030647163 F300
G1 X3.862213142505614 Y29.386575110421717 F300
G1 X3.794065581120157 Y29.32249736652992 F300
G1 X3.7348322602524022 Y29.252765594907405 F300
G1 X3.6830738266856464 Y29.176444612141026 F300
G1 X3.6396415591167806 Y29.09552766953596 F300
G1 X3.6040551856880576 Y29.010347198388722 F300
G1 X3.5759764269190684 Y28.921169917824066 F300
G1 X3.5502792304567805 Y28.79906348050917 F300
G1 X3.5370188763101966 Y28.673468823971167 F300
G1 X3.5356539269190685 Y28.545415282407397 F300
G1 X3.5456458345800104 Y28.41757011354731 F300
G1 X3.566221281222435 Y28.292001435892757 F300
G1 X3.5967197602524017 Y28.169912001157403 F300
G1 X3.6435118662824393 Y28.03145489651442 F300
G1 X3.699379690598836 Y27.896559569616702 F300
G1 X3.761713926919069 Y27.764058806712953 F300
G1 X3.959939760252402 Y27.37249311226851 F300
G1 X4.0252606428641355 Y27.22311872124623 F300
G1 X4.07690329304041 Y27.073981777092026 F300
G1 X4.11618503803018 Y26.923936167824067 F300
G1 X4.144328840953513 Y26.771259662241896 F300
G1 X4.162255262812662 Y26.61415404046357 F300
G1 X4.170618649141291 Y26.451460890046288 F300
G1 X4.180114904285325 Y25.83883484066358 F300
G1 X4.187262639053646 Y25.635931127409485 F300
G1 X4.200117761271389 Y25.434040241578995 F300
G1 X4.220906468071333 Y25.233076198688266 F300
G1 X4.242944925486805 Y25.08352800887483 F300
G1 X4.271665677362812 Y24.93409530148312 F300
G1 X4.308105589234579 Y24.784617041435904 F300
G1 X4.35335753803018 Y24.634937556712956 F300
G1 X4.417626587047516 Y24.46145869040328 F300
G1 X4.493055373124241 Y24.293056684686945 F300
G1 X4.579799060663926 Y24.130496692515432 F300
G1 X4.6524179654665385 Y24.012921934585368 F300
G1 X4.7312396026506525 Y23.90006523157427 F300
G1 X4.816372144703342 Y23.792204940561547 F300
G1 X4.907966015396436 Y23.68964990239197 F300
G1 X5.005702643562265 Y23.59322042944522 F300
G1 X5.109801094663666 Y23.50314508866909 F300
G1 X5.220519977524067 Y23.419729276164198 F300
G1 X5.338171982474625 Y23.343347556712953 F300
G1 X5.44642516803495 Y23.283954760354064 F300
G1 X5.554644490419579 Y23.234908110522248 F300
G1 X5.662990391268158 Y23.195076625442578 F300
G1 X5.771652086641291 Y23.163459553240735 F300
G1 X5.9200078244607575 Y23.13211924290986 F300
G1 X6.069810670976709 Y23.11236056668592 F300
G1 X6.221245315807957 Y23.10248852893518 F300
G1 X6.373301639023206 Y23.100876263585743 F300
G1 X6.526893575681608 Y23.10585540107652 F300
G1 X6.681951044974625 Y23.115838962962954 F300
G1 X7.1487686491412905 Y23.15891533449073 F300
G1 X8.304186426919069 Y23.265454223379617 F300
G1 X8.646474945437587 Y23.297836610210894 F300
G1 X8.818030840123102 Y23.32261057254603 F300
G1 X8.98584716765981 Y23.359695540252044 F300
G1 X9.094703340936205 Y23.39377525253105 F300
G1 X9.200192991507889 Y23.437047368400208 F300
G1 X9.301983093585735 Y23.491232001157396 F300
G1 X9.386691844950116 Y23.548197967349996 F300
G1 X9.464789605626999 Y23.6122922012881 F300
G1 X9.536411708843966 Y23.68301768101225 F300
G1 X9.601592850530182 Y23.759993546296286 F300
G1 X9.659940692865545 Y23.84243889064752 F300
G1 X9.710985206042043 Y23.929303085699793 F300
G1 X9.754684417987061 Y24.020170802452547 F300
G1 X9.790897815807957 Y24.114678528935176 F300
G1 X9.819218727348899 Y24.211847204616415 F300
G1 X9.839329386596345 Y24.310579563757727 F300
G1 X9.851106293203458 Y24.410511987046103 F300
G1 X9.854314031085735 Y24.511299969907398 F300
G1 X9.848674482045443 Y24.611825902161854 F300
G1 X9.834005073018641 Y24.711277265057532 F300
G1 X9.810015581781174 Y24.80939133871857 F300
G1 X9.77625753803018 Y24.905870890046284 F300
G1 X9.752753012768716 Y24.950090176489418 F300
G1 X9.72405416205391 Y24.984271239929612 F300
G1 X9.691379950921135 Y25.010159190353413 F300
G1 X9.655340749835734 Y25.028888910879616 F300
G1 X9.602142464617307 Y25.043608312607653 F300
G1 X9.548364580446167 Y25.046229951794228 F300
G1 X9.495675732474622 Y25.037739223379617 F300
G1 X9.446255289089327 Y25.01831676725433 F300
G1 X9.40536209027986 Y24.989806028514856 F300
G1 X9.374243006780178 Y24.952503702546284 F300
G1 X9.35940165427683 Y24.92046317704174 F300
G1 X9.352139939457118 Y24.884075505078208 F300
G1 X9.354016619074876 Y24.842142588577936 F300
G1 X9.368023093585732 Y24.793264223379616 F300
G1 X9.368023093585732 Y24.793264223379616 F300
G1 X9.367881982474625 Y24.793405334490743 F300;svg#Layer_2 > g#Layer_2-2 > path
G0 X4.070147538030179 Y29.617712001157404
G1 X4.057123516309843 Y29.65016807547261 F300
G1 X4.0534365127544145 Y29.678638870491042 F300
G1 X4.056897259133186 Y29.704309164157575 F300
G1 X4.066474239419068 Y29.728235074074075 F300
G1 X4.087396861730047 Y29.7574278729559 F300
G1 X4.116900680783904 Y29.784334567007008 F300
G1 X4.154214482474623 Y29.809111584490736 F300
G1 X4.215297638281763 Y29.839048749061238 F300
G1 X4.27830847553018 Y29.862127469907406 F300
G1 X4.339955120665641 Y29.879531559964942 F300
G1 X4.383696426919068 Y29.889068667824073 F300
G1 X4.489943342937314 Y29.90681752576465 F300
G1 X4.603385521569274 Y29.920201960005144 F300
G1 X4.718106449866504 Y29.926200567254135 F300
G1 X4.8319802952318245 Y29.922423153420784 F300
G1 X4.906972579703326 Y29.913114255862155 F300
G1 X4.97890525162863 Y29.897654776988333 F300
G1 X5.047341982474623 Y29.875380890046298 F300
G1 X5.1121953402393165 Y29.84489805367641 F300
G1 X5.161663265047491 Y29.811825678785166 F300
G1 X5.200039883709192 Y29.77655607523149 F300
G1 X5.233010773515283 Y29.735730044002395 F300
G1 X5.260525901579856 Y29.69094133443606 F300
G1 X5.284628155314129 Y29.64198311226852 F300
G1 X5.354258649141289 Y29.475330890046298 F300
G1 X5.394214286435435 Y29.40050825037097 F300
G1 X5.443129917632945 Y29.334689356061933 F300
G1 X5.500273371363512 Y29.276928667824077 F300
G1 X5.564742415320061 Y29.226959691939037 F300
G1 X5.6356583920214725 Y29.184616673097707 F300
G1 X5.712539760252401 Y29.14964644560186 F300
G1 X5.817566976229924 Y29.11547699246777 F300
G1 X5.927000269488218 Y29.092806163735403 F300
G1 X6.040278155314131 Y29.08065356494343 F300
G1 X6.154526933785308 Y29.07817234230043 F300
G1 X6.269440572547334 Y29.08421401167308 F300
G1 X6.384103217042524 Y29.09780117811215 F300
G1 X6.4979346179610555 Y29.11808367254165 F300
G1 X6.6075552582545445 Y29.143604952371067 F300
G1 X6.712029760252401 Y29.173212001157413 F300
G1 X6.842528573910959 Y29.218703563718243 F300
G1 X6.966991030170832 Y29.272957433473874 F300
G1 X7.085247894660963 Y29.336122994371006 F300
G1 X7.197081565807956 Y29.408461862268524 F300
G1 X7.301988302551717 Y29.49016841156638 F300
G1 X7.399356953170809 Y29.581392705066477 F300
G1 X7.488925838204681 Y29.682732443381866 F300
G1 X7.570267538030178 Y29.794947556712973 F300
G1 X7.593465063072889 Y29.84027560391279 F300
G1 X7.6039513403691545 Y29.881986934585246 F300
G1 X7.604611565746242 Y29.920617672628815 F300
G1 X7.5970808540023995 Y29.956817435185194 F300
G1 X7.5750118417630015 Y30.00240760107046 F300
G1 X7.541933267812101 Y30.041271087849044 F300
G1 X7.499235732474623 Y30.072848251157417 F300
G1 X7.4506317607906345 Y30.094534762999302 F300
G1 X7.398971134242486 Y30.10510918706263 F300
G1 X7.345537069280177 Y30.10333927546297 F300
G1 X7.307598442378439 Y30.09337548812193 F300
G1 X7.2712288350357595 Y30.075370725620544 F300
G1 X7.23669286611914 Y30.04787704929238 F300
G1 X7.204789760252401 Y30.00858977893519 F300
G1 X7.148321432573679 Y29.931414060745887 F300
G1 X7.085333446241974 Y29.861768735456977 F300
G1 X7.01634505763716 Y29.79905907461516 F300
G1 X6.941748196466394 Y29.74281484066359 F300
G1 X6.835062796223974 Y29.677824576958145 F300
G1 X6.721587953733184 Y29.62382901350249 F300
G1 X6.602443916631001 Y29.58023916165124 F300
G1 X6.479782952193759 Y29.546897632161567 F300
G1 X6.35602797908708 Y29.523508141222713 F300
G1 X6.2325342046968455 Y29.50947977893519 F300
G1 X6.15732618040066 Y29.504565220052644 F300
G1 X6.069571776713307 Y29.50302525218622 F300
G1 X5.981109090944634 Y29.50913262143296 F300
G1 X5.8970451511989035 Y29.526517639017495 F300
G1 X5.844863616473766 Y29.54673084517432 F300
G1 X5.7996107319255925 Y29.574485701266212 F300
G1 X5.761928649141289 Y29.611220890046297 F300
G1 X5.737401180857141 Y29.649592836444114 F300
G1 X5.718719605374392 Y29.69322383869873 F300
G1 X5.703508649141289 Y29.74063741782408 F300
G1 X5.6824998182869075 Y29.81229175620578 F300
G1 X5.656518649141289 Y29.877779778935185 F300
G1 X5.618790326795884 Y29.942375685099066 F300
G1 X5.574712498226861 Y30.002588836923138 F300
G1 X5.524996736272916 Y30.058273707316694 F300
G1 X5.470251982474622 Y30.109202001157406 F300
G1 X5.381032113667017 Y30.175636727119876 F300
G1 X5.285542549459425 Y30.229965770242057 F300
G1 X5.184305112968 Y30.273297244021112 F300
G1 X5.077707003050755 Y30.30647010815329 F300
G1 X4.9682556128513875 Y30.329728327531395 F300
G1 X4.856261950796699 Y30.344023372419052 F300
G1 X4.742475284071446 Y30.35004119066347 F300
G1 X4.627651406342936 Y30.348390560828186 F300
G1 X4.47491369644573 Y30.335281326677464 F300
G1 X4.327785991694071 Y30.311595031225018 F300
G1 X4.188257538030179 Y30.279240890046292 F300
G1 X4.093877366313278 Y30.247933818133415 F300
G1 X4.004538525627308 Y30.206223087131843 F300
G1 X3.9212025553912895 Y30.15481616782407 F300
G1 X3.8447186872839274 Y30.093923852160444 F300
G1 X3.7784353384711027 Y30.02588492349904 F300
G1 X3.723137676919067 Y29.951228112268513 F300
G1 X3.6892485871066953 Y29.89050615504309 F300
G1 X3.66326819953823 Y29.82725876700804 F300
G1 X3.6455500087014867 Y29.761415003232408 F300
G1 X3.636700506780178 Y29.69281839004629 F300
G1 X3.637359813706726 Y29.624614449431945 F300
G1 X3.6479146896402033 Y29.55401241034617 F300
G1 X3.669689759024097 Y29.480571727586742 F300
G1 X3.7045286491412894 Y29.40392866782407 F300
G1 X3.733139195178974 Y29.3619854331777 F300
G1 X3.7647915195146866 Y29.332685280377387 F300
G1 X3.7985603356303286 Y29.313342763476793 F300
G1 X3.834203145669067 Y29.302273546296295 F300
G1 X3.88519283824536 Y29.299258494923702 F300
G1 X3.9355412046743674 Y29.309050927464035 F300
G1 X3.984052121363512 Y29.330674362268514 F300
G1 X4.026818717899668 Y29.362296224930255 F300
G1 X4.061192858119955 Y29.40194360209354 F300
G1 X4.08550880539129 Y29.44911288657407 F300
G1 X4.095089298735089 Y29.486819946070742 F300
G1 X4.096830217340775 Y29.52713017729539 F300
G1 X4.089296270732494 Y29.57055942084967 F300
G1 X4.070006426919067 Y29.617570890046288 F300
G1 X4.070006426919067 Y29.617570890046288 F300
G1 X4.070147538030179 Y29.617712001157404 F300;svg#Layer_2 > g#Layer_2-2 > path
G0 X3.8837397602524013 Y30.317058667824075
G1 X3.854970732474624 Y30.325490056712965 F300
G1 X3.8456806096019918 Y30.32753043471777 F300
G1 X3.8534008713635126 Y30.322703112268524 F300
G1 X3.81755864914129 Y30.344857556712967 F300
G1 X3.8260782324746234 Y30.33806658449074 F300
G1 X3.8196753158079564 Y30.346409778935186 F300
G1 X3.780481704696846 Y30.392182695601853 F300
G1 X3.7470030935857346 Y30.448009778935184 F300
G1 X3.7089899163113595 Y30.517928280741582 F300
G1 X3.672126010252401 Y30.594253806712963 F300
G1 X3.642292127753087 Y30.673052856437756 F300
G1 X3.624659760252401 Y30.750552001157413 F300
G1 X3.623954204696846 Y30.806573112268516 F300
G1 X3.625182393997258 Y30.800824141075108 F300
G1 X3.6298286079890274 Y30.823705046424895 F300
G1 X3.6342553158079567 Y30.845237556712963 F300
G1 X3.636177954696846 Y30.854692001157407 F300
G1 X3.6318564269190685 Y30.843403112268515 F300
G1 X3.646249760252401 Y30.871202001157407 F300
G1 X3.66247753803018 Y30.89801311226852 F300
G1 X3.670362121363513 Y30.911030612268515 F300
G1 X3.674754204696846 Y30.91367644560185 F300
G1 X3.7207564269190683 Y30.959537556712966 F300
G1 X3.7457330935857347 Y30.98098644560185 F300
G1 X3.735255593585735 Y30.973384084490736 F300
G1 X3.7567397602524015 Y30.987900890046298 F300
G1 X3.825383941401949 Y31.029940678792823 F300
G1 X3.896863093585735 Y31.06678200115741 F300
G1 X3.9139728158079574 Y31.07510755671296 F300
G1 X3.93171753803018 Y31.08173977893518 F300
G1 X3.9966286491412903 Y31.10502311226852 F300
G1 X4.086641687073003 Y31.132209978353643 F300
G1 X4.177674204696847 Y31.15525866782407 F300
G1 X4.266070923681118 Y31.173605461765316 F300
G1 X4.357026426919069 Y31.186179640046294 F300
G1 X4.44843316934989 Y31.189843011738883 F300
G1 X4.538495315807958 Y31.181646445601853 F300
G1 X4.61003864914129 Y31.163725334490742 F300
G1 X4.63767878803018 Y31.154200334490742 F300
G1 X4.649973093585736 Y31.150602001157402 F300
G1 X4.716542260252403 Y31.11513019560185 F300
G1 X4.7668130935857365 Y31.07764755671296 F300
G1 X4.810486982474624 Y31.032580195601852 F300
G1 X4.824444471641112 Y31.011540339145718 F300
G1 X4.840190871363513 Y30.97999866782407 F300
G1 X4.84548253803018 Y30.967616167824072 F300
G1 X4.841884204696846 Y30.975765334490735 F300
G1 X4.847158232474624 Y30.960560612268512 F300
G1 X4.851056426919068 Y30.94514422337963 F300
G1 X4.854803042486173 Y30.940836149776647 F300
G1 X4.856136426919068 Y30.94514422337963 F300
G1 X4.853785591396266 Y30.94637449721114 F300
G1 X4.850439065807958 Y30.94043464004629 F300
G1 X4.851197538030181 Y30.93583089004629 F300
G1 X4.844177260252402 Y30.928792973379625 F300
G1 X4.8272086491412916 Y30.91762755671296 F300
G1 X4.7449408713635135 Y30.87317755671296 F300
G1 X4.665730657075913 Y30.836236148160904 F300
G1 X4.589295315807958 Y30.794014223379627 F300
G1 X4.5241258932049275 Y30.745382267357193 F300
G1 X4.467401525510287 Y30.690814941407854 F300
G1 X4.420297121363514 Y30.629990195601845 F300
G1 X4.392275982915552 Y30.58022159810308 F300
G1 X4.371310951817701 Y30.526819070241864 F300
G1 X4.358074990616235 Y30.46913350071493 F300
G1 X4.353639760252402 Y30.406382001157407 F300
G1 X4.359306942799616 Y30.355952340770592 F300
G1 X4.373571730548696 Y30.314662167335314 F300
G1 X4.39443719272456 Y30.280789727055023 F300
G1 X4.420896843585735 Y30.25310887615741 F300
G1 X4.464777481648924 Y30.22466105098328 F300
G1 X4.513951848220795 Y30.207707769527396 F300
G1 X4.5667880935857355 Y30.201912001157403 F300
G1 X4.619610481163491 Y30.20765419643576 F300
G1 X4.668524936177876 Y30.22456231183122 F300
G1 X4.711938510252402 Y30.25295012615741 F300
G1 X4.737958492842583 Y30.280577632718334 F300
G1 X4.7583270424184985 Y30.31442512011688 F300
G1 X4.772017070805188 Y30.3557663581091 F300
G1 X4.7769730935857355 Y30.406382001157407 F300
G1 X4.777401653256518 Y30.42990051967593 F300
G1 X4.775791941322361 Y30.409298297453706 F300
G1 X4.771922639010023 Y30.397131186127776 F300
G1 X4.766530871363513 Y30.394528667824073 F300
G1 X4.789884760252403 Y30.414196028935187 F300
G1 X4.812815315807957 Y30.435027556712964 F300
G1 X4.858535850003266 Y30.46080491177715 F300
G1 X4.905807538030179 Y30.483534501157404 F300
G1 X5.000493093585734 Y30.528866445601846 F300
G1 X5.0736382305073615 Y30.57458490098682 F300
G1 X5.138596004942005 Y30.628978780707012 F300
G1 X5.193656565807957 Y30.691990890046295 F300
G1 X5.226899606329972 Y30.74450986490842 F300
G1 X5.252056365455163 Y30.80111040626884 F300
G1 X5.268354954349283 Y30.86230500761537 F300
G1 X5.274530871363512 Y30.92877533449074 F300
G1 X5.268664735171011 Y31.012139274791657 F300
G1 X5.250736465521782 Y31.090931171825833 F300
G1 X5.221995529764492 Y31.165561964750164 F300
G1 X5.183226756137177 Y31.23630870897634 F300
G1 X5.135791768125339 Y31.302113543698894 F300
G1 X5.0808885329738676 Y31.36250527561767 F300
G1 X5.019330031429989 Y31.417344818457337 F300
G1 X4.95181498658985 Y31.466356404449588 F300
G1 X4.879692011334813 Y31.50873436248139 F300
G1 X4.805199051748146 Y31.543457059100067 F300
G1 X4.729210158047994 Y31.57039836627692 F300
G1 X4.652513093585735 Y31.589316445601845 F300
G1 X4.529229592112612 Y31.606207142026733 F300
G1 X4.404215261603063 Y31.61057062851643 F300
G1 X4.278030469645376 Y31.60336631878504 F300
G1 X4.151251149141291 Y31.585382973379627 F300
G1 X4.025909343465892 Y31.55764344621322 F300
G1 X3.903832482806073 Y31.521398941441404 F300
G1 X3.785811202045447 Y31.477688633250416 F300
G1 X3.6726375380301794 Y31.427462001157405 F300
G1 X3.5871696509590176 Y31.38141697530211 F300
G1 X3.5057479351421175 Y31.327123078841094 F300
G1 X3.4298584845322386 Y31.26471907934671 F300
G1 X3.361500320039846 Y31.19462940278265 F300
G1 X3.3032029098657545 Y31.118127564951806 F300
G1 X3.2561925174540485 Y31.03512084889403 F300
G1 X3.229551896206992 Y30.969240814606604 F300
G1 X3.210919451702046 Y30.90010220154717 F300
G1 X3.201019193054532 Y30.827277220974523 F300
G1 X3.2009030935857354 Y30.75026977893518 F300
G1 X3.2124452165566177 Y30.658936554903132 F300
G1 X3.2340598835835492 Y30.568015617322096 F300
G1 X3.2642443435857347 Y30.477819501157406 F300
G1 X3.321342372120208 Y30.34701833971789 F300
G1 X3.386746426919068 Y30.224630890046296 F300
G1 X3.4326475121273727 Y30.15255621546446 F300
G1 X3.4855955738937903 Y30.085304402272097 F300
G1 X3.54593739914129 Y30.02485283449074 F300
G1 X3.595947805497227 Y29.98555143964994 F300
G1 X3.6497810626834983 Y29.952658014547776 F300
G1 X3.70788817940202 Y29.926861334185674 F300
G1 X3.770850871363513 Y29.90910644560185 F300
G1 X3.827599925301715 Y29.90416795091411 F300
G1 X3.8813573559449805 Y29.911753017341262 F300
G1 X3.93108253803018 Y29.93119033449074 F300
G1 X3.964117799703812 Y29.95320974623136 F300
G1 X3.992227926889087 Y29.98115777736535 F300
G1 X4.014937707352553 Y30.015462730632855 F300
G1 X4.031200871363513 Y30.056990890046297 F300
G1 X4.0374094621039545 Y30.09259571689874 F300
G1 X4.037149126198744 Y30.129095241202457 F300
G1 X4.030678237618658 Y30.165881630787048 F300
G1 X4.018386617035423 Y30.201208106411315 F300
G1 X4.000803345373085 Y30.23378855847259 F300
G1 X3.978101282886147 Y30.262919038194447 F300
G1 X3.950751403113741 Y30.28728345979698 F300
G1 X3.919272626690012 Y30.305708153946036 F300
G1 X3.8833164269190683 Y30.317340890046292 F300
G1 X3.8833164269190683 Y30.317340890046292 F300
G1 X3.8837397602524013 Y30.317058667824075 F300;svg#Layer_2 > g#Layer_2-2 > path
G0 X5.692643093585734 Y31.98640311226852
G1 X5.604674803768601 Y31.94654283129571 F300
G1 X5.52445846367225 Y31.896653421907512 F300
G1 X5.452101434104284 Y31.837447428017356 F300
G1 X5.387931288030179 Y31.76930366782408 F300
G1 X5.33328077108301 Y31.693465473130868 F300
G1 X5.2891446668249795 Y31.611119699484277 F300
G1 X5.256032215311645 Y31.52241365198244 F300
G1 X5.23487864914129 Y31.427320890046296 F300
G1 X5.226241456295838 Y31.340918074322055 F300
G1 X5.226841097310421 Y31.25694699400974 F300
G1 X5.236954159272253 Y31.174617814692567 F300
G1 X5.257101696411599 Y31.093173158586207 F300
G1 X5.28807753803018 Y31.01188977893518 F300
G1 X5.322306362309261 Y30.947686534688515 F300
G1 X5.364192333644422 Y30.888018110894436 F300
G1 X5.412784482474625 Y30.832661028935185 F300
G1 X5.466639249232023 Y30.782044967908675 F300
G1 X5.524171964260937 Y30.73653942842695 F300
G1 X5.584269760252401 Y30.696083112268518 F300
G1 X5.672852473819052 Y30.647871299467404 F300
G1 X5.7693854632674455 Y30.60863303723323 F300
G1 X5.872125974244172 Y30.58005319457305 F300
G1 X5.9509693568366595 Y30.56698894325259 F300
G1 X6.0292911461795775 Y30.561912077011765 F300
G1 X6.106476236181873 Y30.5653041554703 F300
G1 X6.1819328055198906 Y30.57782154848251 F300
G1 X6.254360885871282 Y30.6000802346351 F300
G1 X6.322706825638235 Y30.632656974944084 F300
G1 X6.386737307983885 Y30.676730643566597 F300
G1 X6.445894204696846 Y30.734042001157405 F300
G1 X6.4881974614361795 Y30.788638799855935 F300
G1 X6.523261279091574 Y30.846502571862246 F300
G1 X6.551458485941069 Y30.907275571399275 F300
G1 X6.573003957783267 Y30.97069056082819 F300
G1 X6.591352639517293 Y31.058224949391203 F300
G1 X6.597842610353207 Y31.147305395676703 F300
G1 X6.59258704420302 Y31.237191960005145 F300
G1 X6.575691863012481 Y31.325625550445686 F300
G1 X6.547327606998924 Y31.41123181437902 F300
G1 X6.507277538030179 Y31.493219778935185 F300
G1 X6.4616190101741715 Y31.562489697437954 F300
G1 X6.409912185047122 Y31.623979010160724 F300
G1 X6.352712805996324 Y31.67852199437657 F300
G1 X6.290410665602197 Y31.726795252186218 F300
G1 X6.200367146087502 Y31.78202851010491 F300
G1 X6.104018430410021 Y31.827309907563002 F300
G1 X6.0024551511989035 Y31.863505787165636 F300
G1 X5.897883479570364 Y31.891058553632025 F300
G1 X5.792545236490492 Y31.910615761167115 F300
G1 X5.687845315807957 Y31.923044223379623 F300
G1 X5.651276464975916 Y31.921882945806917 F300
G1 X5.6161946250405945 Y31.91271894139999 F300
G1 X5.582733217042526 Y31.89635854436729 F300
G1 X5.552452722222956 Y31.87412089126854 F300
G1 X5.526134694183333 Y31.84714423553949 F300
G1 X5.50433815531413 Y31.81614471720679 F300
G1 X5.488052836716895 Y31.7821050929722 F300
G1 X5.478493768754205 Y31.747018787621265 F300
G1 X5.47617864914129 Y31.71137755671296 F300
G1 X5.482367697454765 Y31.665750258745124 F300
G1 X5.495568928800887 Y31.626358336753903 F300
G1 X5.514795096897249 Y31.592397507307474 F300
G1 X5.539625732474623 Y31.563316723379625 F300
G1 X5.580674878108974 Y31.53236715142972 F300
G1 X5.629977776146991 Y31.510903571376346 F300
G1 X5.687845315807957 Y31.499710890046295 F300
G1 X5.731166426919068 Y31.495477556712963 F300
G1 X5.743593513165085 Y31.495690849835213 F300
G1 X5.740250454696845 Y31.497506028935184 F300
G1 X5.729646063723231 Y31.499065311262854 F300
G1 X5.718325315807957 Y31.497312001157407 F300
G1 X5.7310512070403306 Y31.498511721383153 F300
G1 X5.753426704696845 Y31.494295751157406 F300
G1 X5.790433093585735 Y31.48418866782407 F300
G1 X5.868279974679674 Y31.463995503099486 F300
G1 X5.94466753803018 Y31.43860977893518 F300
G1 X5.956762069622039 Y31.435974730091477 F300
G1 X5.955215593585735 Y31.43816880671296 F300
G1 X5.947224298404376 Y31.441712220138683 F300
G1 X5.934225315807957 Y31.443125334490738 F300
G1 X5.954016149141291 Y31.435540612268515 F300
G1 X5.973171982474623 Y31.42435755671296 F300
G1 X6.029051982474624 Y31.39232533449073 F300
G1 X6.058685315807957 Y31.372569778935183 F300
G1 X6.070444575067216 Y31.366366116383745 F300
G1 X6.055110500993142 Y31.377973811856997 F300
G1 X6.05529864914129 Y31.375250890046296 F300
G1 X6.111884204696847 Y31.321346445601847 F300
G1 X6.121479760252402 Y31.310622001157405 F300
G1 X6.115411982474624 Y31.319794223379624 F300
G1 X6.122255871363513 Y31.309193251157406 F300
G1 X6.1290997602524016 Y31.300179778935185 F300
G1 X6.158450871363513 Y31.247686445601847 F300
G1 X6.164876378434157 Y31.237261628773883 F300
G1 X6.16456568617833 Y31.24020755671296 F300
G1 X6.156663463956107 Y31.25991607523148 F300
G1 X6.15326488933516 Y31.26506405268389 F300
G1 X6.153370871363513 Y31.25911644560185 F300
G1 X6.162825315807957 Y31.230329778935186 F300
G1 X6.169034204696847 Y31.20690533449074 F300
G1 X6.1741142046968465 Y31.18319866782407 F300
G1 X6.171997538030181 Y31.203518667824074 F300
G1 X6.175101982474625 Y31.149190890046295 F300
G1 X6.172279760252401 Y31.095286445601854 F300
G1 X6.172650176919068 Y31.12816533449074 F300
G1 X6.172279760252401 Y31.104740890046298 F300
G1 X6.166635315807957 Y31.081880890046293 F300
G1 X6.160197121363511 Y31.065229778935187 F300
G1 X6.155769760252401 Y31.048578667824074 F300
G1 X6.158789338015919 Y31.062813422736056 F300
G1 X6.1638660102524 Y31.072691028935182 F300
G1 X6.165904976803309 Y31.074443981593458 F300
G1 X6.158309760252401 Y31.056904223379625 F300
G1 X6.144057538030179 Y31.032068667824067 F300
G1 X6.134494955785389 Y31.0199799653796 F300
G1 X6.131798510252401 Y31.019439223379624 F300
G1 X6.133552339620314 Y31.02339154078232 F300
G1 X6.153935315807956 Y31.04236977893518 F300
G1 X6.132098371363512 Y31.022684778935176 F300
G1 X6.113859760252402 Y31.001306445601845 F300
G1 X6.12603856610444 Y31.01653569840453 F300
G1 X6.133932815807956 Y31.02111491782406 F300
G1 X6.137024170274005 Y31.020588346259615 F300
G1 X6.128817538030179 Y31.013300890046285 F300
G1 X6.095091982474624 Y30.993545334490726 F300
G1 X6.084533807255456 Y30.986349567502085 F300
G1 X6.088248093585737 Y30.987283528935173 F300
G1 X6.103840871363513 Y30.99721422337962 F300
G1 X6.096947776568761 Y30.99258315837383 F300
G1 X6.0801694824746235 Y30.988324223379617 F300
G1 X6.0528997602524015 Y30.983667556712952 F300
G1 X6.046350560852727 Y30.980890364660944 F300
G1 X6.051661118277094 Y30.980474264531892 F300
G1 X6.071024698524007 Y30.982956774819954 F300
G1 X6.056709760252401 Y30.984655334490732 F300
G1 X6.026229760252401 Y30.983949778935177 F300
G1 X6.002699482474624 Y30.983226584490737 F300
G1 X5.980227538030179 Y30.986630890046293 F300
G1 X6.001517676919067 Y30.97954005671296 F300
G1 X6.002756568509739 Y30.98094749607816 F300
G1 X5.99052864914129 Y30.98578422337962 F300
G1 X5.914893093585735 Y31.00511644560185 F300
G1 X5.892138926919067 Y31.011589917824068 F300
G1 X5.870866426919067 Y31.02092089004629 F300
G1 X5.8928797602524 Y31.011607556712956 F300
G1 X5.865080871363513 Y31.024730890046285 F300
G1 X5.7979119824746235 Y31.06198422337962 F300
G1 X5.77208864914129 Y31.078776445601846 F300
G1 X5.759529760252401 Y31.08752533449073 F300
G1 X5.765879760252401 Y31.082445334490732 F300
G1 X5.751744937919979 Y31.090508449512246 F300
G1 X5.735840732474624 Y31.105411167824066 F300
G1 X5.710140871363512 Y31.134515334490732 F300
G1 X5.6992047602524005 Y31.147056584490727 F300
G1 X5.689961982474623 Y31.15737533449073 F300
G1 X5.6953242046968455 Y31.15088422337962 F300
G1 X5.686857538030178 Y31.163584223379623 F300
G1 X5.673399065807956 Y31.190042556712953 F300
G1 X5.658353093585734 Y31.215230890046293 F300
G1 X5.670488649141289 Y31.1861620011574 F300
G1 X5.662445315807955 Y31.208034223379624 F300
G1 X5.6556719824746216 Y31.230329778935175 F300
G1 X5.651276632680383 Y31.258034593749997 F300
G1 X5.649578073009602 Y31.27398014930555 F300
G1 X5.6496042046968435 Y31.242606445601844 F300
G1 X5.646076426919066 Y31.312738667824068 F300
G1 X5.647064204696845 Y31.33616311226851 F300
G1 X5.649180871363512 Y31.359587556712956 F300
G1 X5.645653093585734 Y31.332494223379616 F300
G1 X5.660046426919067 Y31.395853112268508 F300
G1 X5.671053093585734 Y31.429578667824067 F300
G1 X5.671115809635118 Y31.4360070628858 F300
G1 X5.662805933091907 Y31.41628286535493 F300
G1 X5.667666426919067 Y31.422805334490732 F300
G1 X5.7013919824746235 Y31.485035334490735 F300
G1 X5.7143742046968455 Y31.504649778935175 F300
G1 X5.717185974244173 Y31.512342947659462 F300
G1 X5.704412805519891 Y31.49563957317386 F300
G1 X5.70985864914129 Y31.499005334490736 F300
G1 X5.758683093585735 Y31.549240890046285 F300
G1 X5.773993649141291 Y31.562840473379627 F300
G1 X5.76432753803018 Y31.554744223379622 F300
G1 X5.75942392691907 Y31.54865880671296 F300
G1 X5.781401982474624 Y31.564480890046294 F300
G1 X5.801721982474624 Y31.576052001157407 F300
G1 X5.817495068894378 Y31.585772988811737 F300
G1 X5.800060007165983 Y31.57809027276235 F300
G1 X5.805108649141291 Y31.578592001157404 F300
G1 X5.8548788701935255 Y31.603551264503462 F300
G1 X5.897681098185929 Y31.637668674746838 F300
G1 X5.93180878803018 Y31.67998033449074 F300
G1 X5.949791466665797 Y31.715804483832148 F300
G1 X5.960044814017213 Y31.754033328657222 F300
G1 X5.961706077974869 Y31.794946399751513 F300
G1 X5.952993093585736 Y31.838942001157402 F300
G1 X5.930232903655748 Y31.887563212919577 F300
G1 X5.895592229388205 Y31.93143772132202 F300
G1 X5.8672788998156475 Y31.9560339776907 F300
G1 X5.8360099438261654 Y31.975585360414772 F300
G1 X5.802160994820304 Y31.989439614326134 F300
G1 X5.766713744359681 Y31.996568896831175 F300
G1 X5.730255191995463 Y31.996114095001488 F300
G1 X5.692643093585736 Y31.98682644560185 F300
G1 X5.692643093585736 Y31.98682644560185 F300
G1 X5.692643093585734 Y31.98640311226852 F300;svg#Layer_2 > g#Layer_2-2 > path
G0 X9.399349760252402 Y24.8245908900463
G1 X9.323234380090211 Y24.579491278941358 F300
G1 X9.240772229388206 Y24.331721136959878 F300
G1 X9.179990019879106 Y24.168402819470614 F300
G1 X9.112828570930908 Y24.008349533627328 F300
G1 X9.03769766148697 Y23.852774346836423 F300
G1 X8.975050650293406 Y23.73960007309578 F300
G1 X8.906451466950557 Y23.630399654305045 F300
G1 X8.83112948860989 Y23.52555294649972 F300
G1 X8.748263093585736 Y23.42547422337963 F300
G1 X8.655675458686874 Y23.32911415786235 F300
G1 X8.557701923910477 Y23.23910441633874 F300
G1 X8.45593378803018 Y23.15335908449074 F300
G1 X8.144871982474625 Y22.90209311226852 F300
G1 X8.003661744192897 Y22.774163761064088 F300
G1 X7.871313044195265 Y22.638237389486076 F300
G1 X7.747037399979654 Y22.494797907666296 F300
G1 X7.630098649141292 Y22.3442808900463 F300
G1 X7.524158785210706 Y22.19178133948838 F300
G1 X7.426750778397907 Y22.033517505681314 F300
G1 X7.337695485715759 Y21.86995571286296 F300
G1 X7.256859760252402 Y21.701537417824074 F300
G1 X7.184380888443857 Y21.529261845054148 F300
G1 X7.120331109688698 Y21.354158413870167 F300
G1 X7.064564977818663 Y21.17674279023538 F300
G1 X7.016970871363513 Y20.99751644560185 F300
G1 X6.980200022098716 Y20.83519132160879 F300
G1 X6.947539521968495 Y20.666909645877535 F300
G1 X6.920152970128948 Y20.49369228922325 F300
G1 X6.899569593781795 Y20.31966498899485 F300
G1 X6.8866181480866695 Y20.144927717647874 F300
G1 X6.882319513338823 Y19.97052023161008 F300
G1 X6.887797617424514 Y19.796378033166654 F300
G1 X6.9040264367381 Y19.62626467769028 F300
G1 X6.931880871363514 Y19.460957556712962 F300
G1 X6.957517050273746 Y19.36208232433206 F300
G1 X6.990915080594485 Y19.27022849106742 F300
G1 X7.03137572204498 Y19.184658833896897 F300
G1 X7.078361381459689 Y19.104717733126435 F300
G1 X7.131474698524008 Y19.029831754243826 F300
G1 X7.206685112350716 Y18.941933822283033 F300
G1 X7.290005223885296 Y18.861207127010434 F300
G1 X7.3807460299461445 Y18.787068506886023 F300
G1 X7.478294451610427 Y18.71902669251543 F300
G1 X7.6151705485089485 Y18.638576637068596 F300
G1 X7.758832578477479 Y18.568265614653797 F300
G1 X7.907240871363514 Y18.507187556712964 F300
G1 X8.11765122337871 Y18.433836979058114 F300
G1 X8.331629947789368 Y18.370420326937488 F300
G1 X8.548629536143864 Y18.315551174010196 F300
G1 X8.768106843585736 Y18.267863112268518 F300
G1 X9.21027967416298 Y18.188924316228412 F300
G1 X9.651091982474625 Y18.12294200115741 F300
G1 X11.518133093585734 Y17.851003251157408 F300
G1 X12.452963598437025 Y17.72162422930106 F300
G1 X13.388560871363515 Y17.60435866782407 F300
G1 X13.697971459824547 Y17.57118866679356 F300
G1 X14.008408230130252 Y17.545176346630942 F300
G1 X14.31957670469685 Y17.528423251157406 F300
G1 X14.553109420838698 Y17.523209695411897 F300
G1 X14.786461188853735 Y17.525281002297767 F300
G1 X15.019601062445478 Y17.53551993681881 F300
G1 X15.252497538030182 Y17.554828667824072 F300
G1 X15.374690720528283 Y17.569348706467856 F300
G1 X15.4979106656022 Y17.591073318029835 F300
G1 X15.578419785861241 Y17.61191449597672 F300
G1 X15.655308438008433 Y17.639202423163134 F300
G1 X15.727738854902611 Y17.67432364724794 F300
G1 X15.77820686499819 Y17.706426238273075 F300
G1 X15.825259908075887 Y17.744343840448735 F300
G1 X15.868649052245651 Y17.789045335142962 F300
G1 X15.907958649141293 Y17.841707556712958 F300
G1 X15.948401818933773 Y17.916805516546027 F300
G1 X15.976981566746947 Y17.996628665314855 F300
G1 X15.995761118277096 Y18.080812494984563 F300
G1 X16.00922163378417 Y18.210986546075187 F300
G1 X16.010844328153638 Y18.34428261844135 F300
G1 X16.003631982474623 Y18.602014223379626 F300
G1 X15.978937538030182 Y22.438684223379624 F300
G1 X15.985252260252404 Y22.909025195601846 F300
G1 X15.98486443510997 Y23.0672118714032 F300
G1 X15.979094091549038 Y23.223700239364092 F300
G1 X15.965531982474625 Y23.377778667824067 F300
G1 X15.952574697664353 Y23.44958052293724 F300
G1 X15.933528245303874 Y23.509835631389087 F300
G1 X15.90957558416518 Y23.5610796173998 F300
G1 X15.881518607989031 Y23.605422248070987 F300
G1 X15.835391997279125 Y23.660009753402722 F300
G1 X15.781960760519327 Y23.70857520362553 F300
G1 X15.722026468071334 Y23.753761383873453 F300
G1 X15.52173753803018 Y23.88958866782407 F300
G1 X15.44011946953938 Y23.955723127028683 F300
G1 X15.3679294983395 Y24.027840983059534 F300
G1 X15.30437593731752 Y24.105441103593396 F300
G1 X15.24881812253195 Y24.1881642476211 F300
G1 X15.200762023626893 Y24.2757575155607 F300
G1 X15.151058194872807 Y24.390899385613864 F300
G1 X15.112522335330425 Y24.510877611590608 F300
G1 X15.084538940802762 Y24.634893396098906 F300
G1 X15.066648978359403 Y24.762177968235594 F300
G1 X15.058560584595003 Y24.890760675650036 F300
G1 X15.059754101863627 Y25.0184055135391 F300
G1 X15.069594347332552 Y25.14413006319129 F300
G1 X15.087538649141292 Y25.266974223379624 F300
G1 X15.121420513886711 Y25.42893546303997 F300
G1 X15.165222850708137 Y25.591506546526258 F300
G1 X15.219456632680387 Y25.753321507330245 F300
G1 X15.283920602608799 Y25.91118270922839 F300
G1 X15.35890556478361 Y26.063734741821072 F300
G1 X15.444852887824421 Y26.20975323572531 F300
G1 X15.516928749087185 Y26.31433343643974 F300
G1 X15.595209681286516 Y26.413256297784045 F300
G1 X15.679959364945717 Y26.506109931346323 F300
G1 X15.771504204696848 Y26.592430890046295 F300
G1 X15.85680751813226 Y26.659863459460038 F300
G1 X15.944931950386668 Y26.716818677609126 F300
G1 X16.03568264632699 Y26.764228480180382 F300
G1 X16.128951502255585 Y26.802866618755008 F300
G1 X16.22469560387381 Y26.83335982008745 F300
G1 X16.348029011303296 Y26.860791336024803 F300
G1 X16.47382306490055 Y26.87681316073678 F300
G1 X16.601716615018887 Y26.882251170354003 F300
G1 X16.731352435149525 Y26.87779936741255 F300
G1 X16.860454904269115 Y26.86431014694453 F300
G1 X16.988623714526717 Y26.842650905054214 F300
G1 X17.115262250114057 Y26.81362626874459 F300
G1 X17.239765315807958 Y26.777992001157404 F300
G1 X17.399210689499704 Y26.721631409827136 F300
G1 X17.553756903245617 Y26.65450670539936 F300
G1 X17.70331312145093 Y26.577052827831043 F300
G1 X17.84774474289129 Y26.489611601851852 F300
G1 X17.986218234838276 Y26.39292557383806 F300
G1 X18.11814531118606 Y26.28767281832453 F300
G1 X18.24333561887632 Y26.174211683173212 F300
G1 X18.36154573247462 Y26.05283964004629 F300
G1 X18.472009100687078 Y25.92437508856704 F300
G1 X18.574086392716943 Y25.789632610208322 F300
G1 X18.667542004169754 Y25.648928875463824 F300
G1 X18.752077347057956 Y25.502534969907405 F300
G1 X18.827147507580875 Y25.35106941023362 F300
G1 X18.892065049933688 Y25.195598995522353 F300
G1 X18.946553074970648 Y25.036360304559587 F300
G1 X18.99024864914129 Y24.87355644560185 F300
G1 X19.020800457504237 Y24.71950832513337 F300
G1 X19.039919760252403 Y24.56367644560185 F300
G1 X19.044576426919072 Y24.489310890046294 F300
G1 X19.04584642691907 Y24.464475334490736 F300
G1 X19.04272406235094 Y24.429809947772313 F300
G1 X19.045300046876328 Y24.422698678936356 F300
G1 X19.050753211836778 Y24.42535905591845 F300
G1 X19.066448649141293 Y24.450082001157405 F300
G1 X19.067077374521304 Y24.47210393624019 F300
G1 X19.07105827877093 Y24.477295540252054 F300
G1 X19.075889502889993 Y24.476714963968337 F300
G1 X19.076044204696853 Y24.472586610210904 F300
G1 X19.070110669789095 Y24.469506183233054 F300
G1 X19.044435315807963 Y24.470260890046294 F300
G1 X19.013102703999635 Y24.47073257559741 F300
G1 X18.97523795469685 Y24.464651723379628 F300
G1 X18.905723093585735 Y24.449940890046292 F300
G1 X17.935019760252402 Y24.307277556712958 F300
G1 X16.02818531580796 Y24.026889778935182 F300
G1 X15.092054204696849 Y23.88930644560185 F300
G1 X15.043098503305561 Y23.876622884339422 F300
G1 X15.006232616303404 Y23.857015617377176 F300
G1 X14.97874218901838 Y23.832344211040528 F300
G1 X14.958816652613514 Y23.803334501157405 F300
G1 X14.94267027374493 Y23.75768465319207 F300
G1 X14.939026977885005 Y23.708053329452635 F300
G1 X14.947538788030181 Y23.655661723379627 F300
G1 X14.967107380707212 Y23.606037584463625 F300
G1 X14.996809906654857 Y23.561086179141974 F300
G1 X15.036670298446849 Y23.52275269560185 F300
G1 X15.071212970684877 Y23.50124295467155 F300
G1 X15.110240694300312 Y23.48624785356212 F300
G1 X15.154427036124394 Y23.478877295806644 F300
G1 X15.204660871363515 Y23.481072001157408 F300
G1 X19.05290198247463 Y24.046786445601853 F300
G1 X19.13470212962527 Y24.062114278461685 F300
G1 X19.205767174480968 Y24.082434216723488 F300
G1 X19.267057538048192 Y24.107831580975187 F300
G1 X19.319444531430044 Y24.13848878500754 F300
G1 X19.363646288030186 Y24.174756584490737 F300
G1 X19.40032253446759 Y24.21744285651056 F300
G1 X19.429794807620794 Y24.26799033985974 F300
G1 X19.451715374687222 Y24.328378642378766 F300
G1 X19.46501853709272 Y24.401129341690638 F300
G1 X19.467909760252407 Y24.489310890046298 F300
G1 X19.461184715569487 Y24.60493514750853 F300
G1 X19.448557970618488 Y24.72097121281528 F300
G1 X19.43035656580796 Y24.836991028935188 F300
G1 X19.39351654874386 Y25.00903745426313 F300
G1 X19.34655420469685 Y25.17652200115741 F300
G1 X19.290426119543277 Y25.338916542032855 F300
G1 X19.22518374220303 Y25.497334512982814 F300
G1 X19.151112403896597 Y25.65168135479083 F300
G1 X19.06844184358574 Y25.80183825115741 F300
G1 X18.977617445824848 Y25.947255819882116 F300
G1 X18.879127934804515 Y26.087405044223182 F300
G1 X18.773207262040998 Y26.22213697878722 F300
G1 X18.660048649141295 Y26.351272001157408 F300
G1 X18.536424375499863 Y26.477006279902064 F300
G1 X18.401377693762615 Y26.59886342465259 F300
G1 X18.25543349199587 Y26.71585337493968 F300
G1 X18.09911434358574 Y26.826875976851852 F300
G1 X17.937427943649045 Y26.92808899606738 F300
G1 X17.76941965073785 Y27.01995347126383 F300
G1 X17.595818452652697 Y27.101560150833887 F300
G1 X17.417318371363518 Y27.171921306712967 F300
G1 X17.271099811428833 Y27.21948969776394 F300
G1 X17.12403324847161 Y27.25816667282123 F300
G1 X16.976399340755293 Y27.287592306154757 F300
G1 X16.828453149743467 Y27.30735261742589 F300
G1 X16.680436149141293 Y27.31696809490741 F300
G1 X16.53206724091079 Y27.31585921607497 F300
G1 X16.385223472867555 Y27.30346144057239 F300
G1 X16.239934186203847 Y27.279258184893763 F300
G1 X16.096245249811577 Y27.242577708380363 F300
G1 X15.95424309358574 Y27.19257644560185 F300
G1 X15.84291381642221 Y27.142559255998925 F300
G1 X15.736241681944268 Y27.084658688604698 F300
G1 X15.634028532968909 Y27.019233056911858 F300
G1 X15.536117874599524 Y26.946566299254464 F300
G1 X15.442399226919079 Y26.866880712268525 F300
G1 X15.332782402885158 Y26.759487782005877 F300
G1 X15.23039101951639 Y26.64317861537331 F300
G1 X15.135198980725665 Y26.518497618957824 F300
G1 X15.047259893585741 Y26.38594017893519 F300
G1 X14.967981721768002 Y26.248348222457718 F300
G1 X14.896781060827262 Y26.105588281341394 F300
G1 X14.833711836060782 Y25.958313809335618 F300
G1 X14.778883493585742 Y25.80715884560185 F300
G1 X14.73253009455455 Y25.652999005515948 F300
G1 X14.695149871565945 Y25.49795694504497 F300
G1 X14.666735312039666 Y25.342717835923597 F300
G1 X14.647328426919074 Y25.18794071226852 F300
G1 X14.636920339541636 Y25.031460462359192 F300
G1 X14.636066040081255 Y24.878569321211163 F300
G1 X14.644656653990934 Y24.72980931284031 F300
G1 X14.662653093585739 Y24.585689778935187 F300
G1 X14.687763170825997 Y24.45943129181857 F300
G1 X14.721227560154267 Y24.33960602106166 F300
G1 X14.762627901728507 Y24.225785953587287 F300
G1 X14.811655971947921 Y24.117583359010794 F300
G1 X14.868107604326628 Y24.014656849347038 F300
G1 X14.931875454696849 Y23.91671727893519 F300
G1 X15.017937958430377 Y23.805563730364355 F300
G1 X15.114017401660377 Y23.701552988391747 F300
G1 X15.220127944789736 Y23.60447591023305 F300
G1 X15.336395129772516 Y23.51423235523907 F300
G1 X15.463035315807963 Y23.43083644560186 F300
G1 X15.498712929614086 Y23.403488743566612 F300
G1 X15.522926365412927 Y23.373667716880572 F300
G1 X15.538832887824427 Y23.34146607523149 F300
G1 X15.551542517071784 Y23.287340420058015 F300
G1 X15.554548484532242 Y23.227166075231487 F300
G1 X15.551229760252406 Y23.101483112268525 F300
G1 X15.55433420469685 Y22.613238667824078 F300
G1 X15.560684204696852 Y21.636608667824078 F300
G1 X15.57324309358574 Y19.683348667824077 F300
G1 X15.57959309358574 Y18.706718667824077 F300
G1 X15.582274204696851 Y18.262783112268522 F300
G1 X15.580412680506107 Y18.200051662123155 F300
G1 X15.573975596089062 Y18.14776362277947 F300
G1 X15.560754760252408 Y18.104527001157415 F300
G1 X15.544788136635477 Y18.07647831728858 F300
G1 X15.521733129553636 Y18.05151633060686 F300
G1 X15.48877363527487 Y18.02941802571337 F300
G1 X15.441868649141295 Y18.010617556712965 F300
G1 X15.346778421284212 Y17.986039481792446 F300
G1 X15.24746547051757 Y17.967973262912373 F300
G1 X15.144526632680392 Y17.955558091692396 F300
G1 X14.988742875009457 Y17.94576372688389 F300
G1 X14.831913258194795 Y17.94333368840021 F300
G1 X14.528174204696851 Y17.947258667824073 F300
G1 X14.20511489208133 Y17.95709087888135 F300
G1 X13.882733478303589 Y17.9783012934149 F300
G1 X13.560998649141297 Y18.00864200115741 F300
G1 X13.077595861706367 Y18.06542260603269 F300
G1 X12.594951982474633 Y18.13040325115741 F300
G1 X11.631021982474632 Y18.26856866782408 F300
G1 X9.763698649141297 Y18.531317556712967 F300
G1 X9.466712243380208 Y18.574644956453422 F300
G1 X9.16664708535529 Y18.622083359182106 F300
G1 X8.867530169338234 Y18.677069241836428 F300
G1 X8.571320212927306 Y18.74332916165124 F300
G1 X8.37611705272174 Y18.795711246933685 F300
G1 X8.184182731668601 Y18.85576110102403 F300
G1 X7.995999760252408 Y18.924594223379632 F300
G1 X7.892715225804506 Y18.96836485394816 F300
G1 X7.7896083295956355 Y19.019334916263116 F300
G1 X7.689471149141298 Y19.078722834490744 F300
G1 X7.618614908640092 Y19.129172893580076 F300
G1 X7.553302146102684 Y19.184707295874993 F300
G1 X7.4943930549623605 Y19.245915547718077 F300
G1 X7.442844204696853 Y19.313496445601857 F300
G1 X7.398520224996817 Y19.39147958812964 F300
G1 X7.365284290246644 Y19.474082578512864 F300
G1 X7.341463710869695 Y19.560906034079224 F300
G1 X7.32583734132505 Y19.650099942044335 F300
G1 X7.316814215861462 Y19.74129967404766 F300
G1 X7.31299062444994 Y19.8336842645319 F300
G1 X7.313921338351592 Y19.971982296887557 F300
G1 X7.318384204696852 Y20.104142001157413 F300
G1 X7.329256874611127 Y20.289906035529977 F300
G1 X7.348654357696634 Y20.47560917739836 F300
G1 X7.376764049471847 Y20.660762587426206 F300
G1 X7.41381059358574 Y20.844869501157415 F300
G1 X7.459893543984633 Y21.026833592157296 F300
G1 X7.5150477988849556 Y21.205621970944023 F300
G1 X7.5794637372452325 Y21.38080598140592 F300
G1 X7.653381982474629 Y21.55194200115741 F300
G1 X7.742085126660117 Y21.72766043657568 F300
G1 X7.839402953491318 Y21.893582083605775 F300
G1 X7.945229358531371 Y22.050656927532653 F300
G1 X8.059535038030186 Y22.19976547337963 F300
G1 X8.182566685404607 Y22.341945710267844 F300
G1 X8.314608589164369 Y22.47805482753819 F300
G1 X8.45583112391694 Y22.60869746119896 F300
G1 X8.606446426919073 Y22.73445311226852 F300
G1 X8.763930819752096 Y22.866365065907807 F300
G1 X8.90781175661792 Y23.001215321986894 F300
G1 X9.039187613800491 Y23.140249688233816 F300
G1 X9.159055176919074 Y23.28469825115741 F300
G1 X9.247672892007817 Y23.405565006593708 F300
G1 X9.330655503515949 Y23.53266899831476 F300
G1 X9.408232269567652 Y23.66689706810409 F300
G1 X9.48060255364679 Y23.809193555048516 F300
G1 X9.547939760252405 Y23.960567556712967 F300
G1 X9.620445272427752 Y24.14578505842603 F300
G1 X9.686599065807961 Y24.33322436226852 F300
G1 X9.807584204696852 Y24.712125334490743 F300
G1 X9.81737975248173 Y24.762053373294805 F300
G1 X9.816044798051175 Y24.805290655971845 F300
G1 X9.806134802011353 Y24.843053661422637 F300
G1 X9.789021479002406 Y24.876345594907413 F300
G1 X9.755399263842804 Y24.914987631340757 F300
G1 X9.713122144198255 Y24.944172180456995 F300
G1 X9.663739065807961 Y24.963744084490745 F300
G1 X9.611226490156566 Y24.97221829475296 F300
G1 X9.55891288093103 Y24.969070831926285 F300
G1 X9.50832061094685 Y24.953484865740744 F300
G1 X9.474772495051438 Y24.933979232988676 F300
G1 X9.444876165121872 Y24.907061162637145 F300
G1 X9.419265650954507 Y24.871345094300853 F300
G1 X9.399349760252406 Y24.82473200115741 F300
G1 X9.399349760252406 Y24.82473200115741 F300
G1 X9.399349760252402 Y24.8245908900463 F300;svg#Layer_2 > g#Layer_2-2 > path
G0 X15.4839197602524 Y17.56682311226852
G1 X15.500398233949422 Y17.441002946583648 F300
G1 X15.509451968411424 Y17.315072829117554 F300
G1 X15.511184301040686 Y17.189143054194925 F300
G1 X15.505650871363512 Y17.06332102893519 F300
G1 X15.487058486438062 Y16.89644620816693 F300
G1 X15.45577876782657 Y16.731303612939122 F300
G1 X15.411811982474623 Y16.568179778935185 F300
G1 X15.31218231169273 Y16.280820067001034 F300
G1 X15.265812590916543 Y16.135973908900976 F300
G1 X15.231806468071332 Y15.98982282420268 F300
G1 X15.219532468879077 Y15.89127451318197 F300
G1 X15.21798942720691 Y15.79065715193031 F300
G1 X15.229637538030182 Y15.686940890046298 F300
G1 X15.251024716481314 Y15.605931038704483 F300
G1 X15.28374500191355 Y15.530231851342178 F300
G1 X15.32661629609002 Y15.45987052683402 F300
G1 X15.378844899141294 Y15.395070195601852 F300
G1 X15.439069266044351 Y15.337040667992003 F300
G1 X15.50496013279181 Y15.287444666706595 F300
G1 X15.575531227648147 Y15.246578688862098 F300
G1 X15.649972260252403 Y15.21495950115741 F300
G1 X15.727956131089254 Y15.193305307126996 F300
G1 X15.80565612084956 Y15.183118400590132 F300
G1 X15.882583528206524 Y15.184723694275995 F300
G1 X15.958300038030181 Y15.198943390046297 F300
G1 X16.015163571504825 Y15.219237019896987 F300
G1 X16.069869961815293 Y15.248183060174753 F300
G1 X16.122360975143383 Y15.286801687997162 F300
G1 X16.17232533817203 Y15.336555682994128 F300
G1 X16.219108649141294 Y15.399356445601853 F300
G1 X15.824703093585736 Y15.506177556712965 F300
G1 X15.85134812033404 Y15.351066612814371 F300
G1 X15.889939795297229 Y15.19903131750263 F300
G1 X15.940238130166637 Y15.050628666269699 F300
G1 X16.00214247630179 Y14.906455334490746 F300
G1 X16.059882541387594 Y14.794885905953283 F300
G1 X16.12441528046335 Y14.68787467504603 F300
G1 X16.19567498633397 Y14.585679514821038 F300
G1 X16.27365770071367 Y14.488591862567318 F300
G1 X16.35841667383265 Y14.396950149305557 F300
G1 X16.449250939244546 Y14.311854540728103 F300
G1 X16.546164962936302 Y14.233586401144139 F300
G1 X16.649287104279672 Y14.162439306337506 F300
G1 X16.758812144939927 Y14.098794526088895 F300
G1 X16.874993093585733 Y14.043137556712965 F300
G1 X16.951124952244633 Y14.01488435428404 F300
G1 X17.024893537660347 Y13.996129945076984 F300
G1 X17.096111718497482 Y13.98634421637609 F300
G1 X17.164673299347054 Y13.985203606095684 F300
G1 X17.233233864723875 Y13.993119638258825 F300
G1 X17.29758924658161 Y14.010130556770505 F300
G1 X17.35786836513646 Y14.036310487274958 F300
G1 X17.41405844337998 Y14.072143729552472 F300
G1 X17.463242905454038 Y14.11575472498157 F300
G1 X17.507743619333993 Y14.169480463957214 F300
G1 X17.54704091053666 Y14.234809879672639 F300
G1 X17.58012531580796 Y14.313647556712967 F300
G1 X17.611278558650923 Y14.425650714838866 F300
G1 X17.629551140611 Y14.539568721243077 F300
G1 X17.63561334049932 Y14.654969202803503 F300
G1 X17.629946281476922 Y14.770560148825854 F300
G1 X17.613113300307088 Y14.885072981241734 F300
G1 X17.585550254079564 Y14.997921466177985 F300
G1 X17.547769535011117 Y15.107824922992677 F300
G1 X17.50053227467905 Y15.213157682953796 F300
G1 X17.44423531580796 Y15.313278667824076 F300
G1 X17.418189635189343 Y15.346318917801336 F300
G1 X17.386891959354227 Y15.37244285805884 F300
G1 X17.351316803657536 Y15.392185283796676 F300
G1 X17.31212395778327 Y15.405638503215027 F300
G1 X17.25727163669722 Y15.413025087622366 F300
G1 X17.20386574441207 Y15.40821544304086 F300
G1 X17.15376593309191 Y15.39109883243313 F300
G1 X17.120933292185654 Y15.370372668545196 F300
G1 X17.093319542593267 Y15.342888633765895 F300
G1 X17.071581470477845 Y15.307606224450511 F300
G1 X17.057308649141294 Y15.2627608900463 F300
G1 X17.041965263312658 Y15.151772613962098 F300
G1 X17.03841421109389 Y15.0429772551365 F300
G1 X17.045828561602786 Y14.936459443162565 F300
G1 X17.06361858372828 Y14.832288903028928 F300
G1 X17.091410500993145 Y14.730562947659472 F300
G1 X17.129014116707413 Y14.631464931396042 F300
G1 X17.175506608563456 Y14.536895517582728 F300
G1 X17.230516295844005 Y14.447053147226386 F300
G1 X17.293817528181986 Y14.362204827286572 F300
G1 X17.365307167659815 Y14.28271809169239 F300
G1 X17.44340893166823 Y14.21041488460724 F300
G1 X17.527976536205486 Y14.14539939647136 F300
G1 X17.618888991235202 Y14.088004054924149 F300
G1 X17.716124332548713 Y14.038699336595199 F300
G1 X17.81973198247463 Y13.998123112268521 F300
G1 X17.898797895116594 Y13.975423536599736 F300
G1 X17.98538727169573 Y13.958475520034707 F300
G1 X18.077855562721545 Y13.948692412680046 F300
G1 X18.17053089742092 Y13.947606701662213 F300
G1 X18.261721612905532 Y13.955996806894905 F300
G1 X18.349713957783273 Y13.974834552597738 F300
G1 X18.413208493398947 Y13.99680476902774 F300
G1 X18.471952787983163 Y14.025488189619916 F300
G1 X18.52560765399574 Y14.061413681376107 F300
G1 X18.573688649141292 Y14.105367556712967 F300
G1 X18.610763608305835 Y14.152145227975858 F300
G1 X18.638776390987047 Y14.201702007909782 F300
G1 X18.659276853065304 Y14.253772741866337 F300
G1 X18.673507121363514 Y14.308232417824078 F300
G1 X18.68438181792061 Y14.383443153604485 F300
G1 X18.68816563281265 Y14.460120311400335 F300
G1 X18.687283093585737 Y14.537026445601855 F300
G1 X18.66583420469685 Y15.126024223379634 F300
G1 X18.250120871363517 Y15.069720890046298 F300
G1 X18.27911656777622 Y14.971994463839543 F300
G1 X18.31705780330526 Y14.877646741123332 F300
G1 X18.363882558606317 Y14.787441178112147 F300
G1 X18.41946078539676 Y14.702527456771557 F300
G1 X18.483172771479598 Y14.624643845488453 F300
G1 X18.55512992486146 Y14.554487639017495 F300
G1 X18.614114739558076 Y14.50787158184847 F300
G1 X18.67743939166916 Y14.466785476392094 F300
G1 X18.745332500401755 Y14.431569113743208 F300
G1 X18.81809309358574 Y14.402688667824078 F300
G1 X18.906871960194692 Y14.379537386531167 F300
G1 X18.996940097530217 Y14.369066613345069 F300
G1 X19.08770416354459 Y14.370661671939306 F300
G1 X19.177639000382793 Y14.38393494003271 F300
G1 X19.264921145191828 Y14.408323708121141 F300
G1 X19.34881720881208 Y14.443558626671813 F300
G1 X19.427524057050434 Y14.489066988128076 F300
G1 X19.499474961992014 Y14.544203772817365 F300
G1 X19.563865315807963 Y14.60899311226852 F300
G1 X19.619467907858535 Y14.683886322281372 F300
G1 X19.65834483153784 Y14.757879237729329 F300
G1 X19.68352874718936 Y14.831394309227784 F300
G1 X19.6972728055199 Y14.905044223379633 F300
G1 X19.701153371911747 Y14.981146535115185 F300
G1 X19.696013309439245 Y15.058057303729374 F300
G1 X19.68300634171358 Y15.135911926561725 F300
G1 X19.66319708535529 Y15.214830149305556 F300
G1 X19.609941241874168 Y15.36965216128647 F300
G1 X19.546367538030186 Y15.52254644560185 F300
G1 X19.477322916516457 Y15.697017320646518 F300
G1 X19.41874566404212 Y15.875001488457453 F300
G1 X19.3701373991413 Y16.056140473379628 F300
G1 X19.331138132293784 Y16.239678760876597 F300
G1 X19.30136317083971 Y16.424847829602484 F300
G1 X19.28037309358574 Y16.611218667824076 F300
G1 X19.26361032880909 Y16.862032085167566 F300
G1 X19.257231341846705 Y17.112832315009666 F300
G1 X19.259608854902616 Y17.363722412680044 F300
G1 X19.276063716751658 Y17.740016509691234 F300
G1 X19.303159924861465 Y18.116257515560697 F300
G1 X19.3674386491413 Y18.866879778935182 F300
G1 X19.412796957091132 Y19.486021239452327 F300
G1 X19.449406741948632 Y20.105644692113056 F300
G1 X19.4773124723678 Y20.725716200553038 F300
G1 X19.496555315807967 Y21.3462020011574 F300
G1 X19.507707648720583 Y22.045545055027176 F300
G1 X19.507668057302126 Y22.744900212600893 F300
G1 X19.49667587894051 Y23.444217665808054 F300
G1 X19.474965315807967 Y24.14344755671296 F300
G1 X19.467774322367863 Y24.19355574010585 F300
G1 X19.45226541250136 Y24.23474444698903 F300
G1 X19.43032602610592 Y24.268632772550223 F300
G1 X19.402925888724635 Y24.29636349421296 F300
G1 X19.358039005431138 Y24.324845167755544 F300
G1 X19.308299697858683 Y24.341792367897042 F300
G1 X19.25541406580797 Y24.347600056712963 F300
G1 X19.20261161022425 Y24.341884706718787 F300
G1 X19.154251000062704 Y24.325019350521053 F300
G1 X19.111844534557967 Y24.29676036921296 F300
G1 X19.08675388904917 Y24.26926595606716 F300
G1 X19.0674581959589 Y24.235541570269046 F300
G1 X19.05502548721095 Y24.19423002401846 F300
G1 X19.051631982474635 Y24.14344755671296 F300
G1 X19.073950600911516 Y23.415010684044493 F300
G1 X19.08452732243169 Y22.686564183446254 F300
G1 X19.083276203619256 Y21.95817112686051 F300
G1 X19.070105279362245 Y21.2298943955143 F300
G1 X19.044916440707393 Y20.501796933472292 F300
G1 X19.007605315807965 Y19.773942001157405 F300
G1 X18.97156012412474 Y19.257764808204143 F300
G1 X18.929323926919075 Y18.742067001157405 F300
G1 X18.887351700067487 Y18.22636124750592 F300
G1 X18.852100871363522 Y17.710192001157402 F300
G1 X18.838068711479302 Y17.389882356450308 F300
G1 X18.835036879593975 Y17.067739243955764 F300
G1 X18.840821265078286 Y16.853003108065298 F300
G1 X18.854010832615142 Y16.638932474441283 F300
G1 X18.875608937207144 Y16.425819573173868 F300
G1 X18.90662952644756 Y16.21402156885252 F300
G1 X18.948060505452872 Y16.0040804240703 F300
G1 X19.000973093585745 Y15.796160890046293 F300
G1 X19.05689544160488 Y15.620826979987111 F300
G1 X19.12194473609892 Y15.449176701117935 F300
G1 X19.194154204696854 Y15.27983533449074 F300
G1 X19.25446091251579 Y15.140208503215021 F300
G1 X19.27066413945369 Y15.089688954058982 F300
G1 X19.280792769569437 Y15.040214084302457 F300
G1 X19.283096015396442 Y14.992271795396091 F300
G1 X19.27857090261476 Y14.957547654044037 F300
G1 X19.267758154587344 Y14.924252001964462 F300
G1 X19.249358837749597 Y14.892091187029976 F300
G1 X19.221388649141296 Y14.861017556712964 F300
G1 X19.17177358969568 Y14.823267602206398 F300
G1 X19.124941044784237 Y14.799931204026397 F300
G1 X19.08037189998698 Y14.787882905533287 F300
G1 X19.037333458169073 Y14.785055681712963 F300
G1 X18.97908203946656 Y14.794349027418857 F300
G1 X18.922924624676735 Y14.817249694286726 F300
G1 X18.86855795469685 Y14.85265672337963 F300
G1 X18.81958435621733 Y14.896516876613836 F300
G1 X18.77502406618178 Y14.947783472522511 F300
G1 X18.735474742891295 Y15.004765681712962 F300
G1 X18.701791069428413 Y15.065634784962713 F300
G1 X18.676115263673193 Y15.125431198422326 F300
G1 X18.658496426919076 Y15.182327556712961 F300
G1 X18.643626709250974 Y15.223742505369488 F300
G1 X18.622956774556886 Y15.257017841772141 F300
G1 X18.5976758464551 Y15.283534619870467 F300
G1 X18.568359499835744 Y15.30420125462963 F300
G1 X18.523506694033305 Y15.323210762259691 F300
G1 X18.475625292484988 Y15.3318331971536 F300
G1 X18.426033510252406 Y15.330441306712963 F300
G1 X18.377771026823158 Y15.319104633311296 F300
G1 X18.333986893366262 Y15.298498815233016 F300
G1 X18.296010645669075 Y15.26854865046296 F300
G1 X18.273527190869004 Y15.241003202727455 F300
G1 X18.256473921348952 Y15.20867554651246 F300
G1 X18.245690644282003 Y15.170732120183494 F300
G1 X18.24278309358574 Y15.126024223379627 F300
G1 X18.255483093585738 Y14.779596445601848 F300
G1 X18.270335038030183 Y14.613861445601847 F300
G1 X18.274319388076716 Y14.526624507229087 F300
G1 X18.266771982474634 Y14.449819778935183 F300
G1 X18.25339487021567 Y14.413435984131548 F300
G1 X18.234771779319768 Y14.391883500452174 F300
G1 X18.2112623991413 Y14.37940533449074 F300
G1 X18.166875051186647 Y14.371991474291594 F300
G1 X18.10675198247463 Y14.372490890046295 F300
G1 X18.03483438045814 Y14.379556420332651 F300
G1 X17.963868122095377 Y14.395540192054145 F300
G1 X17.8955086491413 Y14.420045334490739 F300
G1 X17.828616350906643 Y14.453343406773703 F300
G1 X17.76499948411869 Y14.493776657950278 F300
G1 X17.705092272084613 Y14.54089897866216 F300
G1 X17.64942655037587 Y14.594375046424897 F300
G1 X17.599374316598347 Y14.653028490303225 F300
G1 X17.55587473187157 Y14.715794117200364 F300
G1 X17.519352075448985 Y14.78226270805955 F300
G1 X17.490362970128952 Y14.852117104038065 F300
G1 X17.46974707531276 Y14.92459630194196 F300
G1 X17.45833863806815 Y14.998461736396445 F300
G1 X17.456722962291987 Y15.073658071568996 F300
G1 X17.46582531580796 Y15.150154223379628 F300
G1 X17.078898649141294 Y15.099636445601849 F300
G1 X17.12983308586084 Y15.007252964129782 F300
G1 X17.169237264418847 Y14.911499945697315 F300
G1 X17.196444204696853 Y14.81258116782407 F300
G1 X17.20822432463616 Y14.736794193473626 F300
G1 X17.21213171961449 Y14.659988948942688 F300
G1 X17.207681455078454 Y14.582053363262403 F300
G1 X17.194186426919075 Y14.50287755671296 F300
G1 X17.18187569950442 Y14.4541975631992 F300
G1 X17.170603271947847 Y14.426242144337493 F300
G1 X17.15820309358574 Y14.411596306712958 F300
G1 X17.141499430110233 Y14.404797876685311 F300
G1 X17.113805734822563 Y14.406169359381892 F300
G1 X17.064646426919072 Y14.420750890046293 F300
G1 X17.00085350908646 Y14.447914186251621 F300
G1 X16.93805212136352 Y14.481710890046292 F300
G1 X16.820241982474627 Y14.559180890046292 F300
G1 X16.722001186085606 Y14.636715902183035 F300
G1 X16.630866360022427 Y14.723467505978382 F300
G1 X16.54719198247463 Y14.818841013503086 F300
G1 X16.472209442811142 Y14.921246806983637 F300
G1 X16.406513698061737 Y15.029669693684536 F300
G1 X16.350530130622772 Y15.143506322145058 F300
G1 X16.304969511174843 Y15.261817838623422 F300
G1 X16.270745948505294 Y15.382876077550838 F300
G1 X16.248318649141293 Y15.506177556712958 F300
G1 X16.236839205687843 Y15.555563580550075 F300
G1 X16.217671541363583 Y15.598315036946198 F300
G1 X16.19227233956061 Y15.634875314731602 F300
G1 X16.161493505108375 Y15.665418832433124 F300
G1 X16.125179154115138 Y15.690030426048995 F300
G1 X16.086575693487205 Y15.706528322407186 F300
G1 X16.046264292512756 Y15.714944120144828 F300
G1 X16.004614533914957 Y15.714718873585387 F300
G1 X15.965067697517526 Y15.705647985382429 F300
G1 X15.926532983157319 Y15.687094262123823 F300
G1 X15.889190081438363 Y15.657211753058963 F300
G1 X15.853913093585737 Y15.612998667824073 F300
G1 X15.841687160081626 Y15.603035054867773 F300
G1 X15.822893206529406 Y15.600523796570654 F300
G1 X15.795958237618665 Y15.606178297453702 F300
G1 X15.755682100225691 Y15.624697669604732 F300
G1 X15.71341869029356 Y15.653544593749997 F300
G1 X15.677031363359774 Y15.688129719876692 F300
G1 X15.655651982474629 Y15.720102001157404 F300
G1 X15.640164241130968 Y15.766177177397898 F300
G1 X15.632738611990273 Y15.81543703671242 F300
G1 X15.632489382186817 Y15.867860685367617 F300
G1 X15.638734328153644 Y15.923427433256169 F300
G1 X15.665119765219531 Y16.033416556415318 F300
G1 X15.703567044203023 Y16.143403976466047 F300
G1 X15.780535315807962 Y16.33816866782407 F300
G1 X15.832965280120497 Y16.502867956128988 F300
G1 X15.873715955066615 Y16.668242950322714 F300
G1 X15.903244311134571 Y16.834421365192693 F300
G1 X15.921911010252407 Y17.001549640046292 F300
G1 X15.92998145330642 Y17.16961713630726 F300
G1 X15.9276771596873 Y17.33855266251355 F300
G1 X15.915173071949017 Y17.508457458789692 F300
G1 X15.892577538030185 Y17.67942977893518 F300
G1 X15.879234053172217 Y17.728264384679353 F300
G1 X15.859087784499211 Y17.765104357183017 F300
G1 X15.833951913756112 Y17.792608164149044 F300
G1 X15.80454184358574 Y17.812548268518515 F300
G1 X15.758447082268171 Y17.828701555452614 F300
G1 X15.708576149865316 Y17.83233323708831 F300
G1 X15.656181149141293 Y17.82383936226851 F300
G1 X15.606587443971453 Y17.80426702117424 F300
G1 X15.56187494298019 Y17.77458322730301 F300
G1 X15.523960038030182 Y17.734773997685178 F300
G1 X15.502849396828687 Y17.700292252504106 F300
G1 X15.488312897013792 Y17.66131147691833 F300
G1 X15.481481015040693 Y17.61712827798993 F300
G1 X15.48434309358574 Y17.566823112268512 F300
G1 X15.48434309358574 Y17.566823112268512 F300
G1 X15.4839197602524 Y17.56682311226852 F300;svg#Layer_2 > g#Layer_2-2 > path
G0 X7.259399760252401 Y18.772194223379632
G1 X7.242361680558303 Y18.63704004947443 F300
G1 X7.237528778978041 Y18.505924680186673 F300
G1 X7.243811675002136 Y18.378338364642254 F300
G1 X7.260321392196846 Y18.25378727893519 F300
G1 X7.286735749927664 Y18.130266454630657 F300
G1 X7.322170920037754 Y18.009399926220958 F300
G1 X7.366005467022438 Y17.890935307261874 F300
G1 X7.417691149141289 Y17.774644501157407 F300
G1 X7.496934565007576 Y17.62443692484397 F300
G1 X7.587120255288713 Y17.4784844054345 F300
G1 X7.686873822752402 Y17.33661797337963 F300
G1 X7.793895642806415 Y17.199869117444777 F300
G1 X7.906544287777584 Y17.068200900776795 F300
G1 X8.023234204696845 Y16.941559778935186 F300
G1 X8.209399152817312 Y16.751844910536853 F300
G1 X8.401235207536654 Y16.567646460682273 F300
G1 X8.598533005550221 Y16.388995152826602 F300
G1 X8.801091565807956 Y16.215931167824074 F300
G1 X9.008495921890887 Y16.04867785014553 F300
G1 X9.220311526435534 Y15.887448816594123 F300
G1 X9.436320814104027 Y15.732282064613878 F300
G1 X9.656313093585734 Y15.583224223379629 F300
G1 X9.881220545013088 Y15.43979821895508 F300
G1 X10.110087021000936 Y15.302909390238455 F300
G1 X10.342816931154125 Y15.172684188749983 F300
G1 X10.579320871363512 Y15.049259778935186 F300
G1 X10.817160747801585 Y14.93656475714675 F300
G1 X11.057705176919068 Y14.83249547337963 F300
G1 X11.541275315807958 Y14.628325334490741 F300
G1 X11.620598575173323 Y14.588359198959056 F300
G1 X11.684045163857752 Y14.545416188690062 F300
G1 X11.735197260252404 Y14.497903390046297 F300
G1 X11.777884849302438 Y14.44272480784387 F300
G1 X11.814575885207384 Y14.375782937344905 F300
G1 X11.846357538030182 Y14.293186445601853 F300
G1 X11.901013015283638 Y14.106622518615158 F300
G1 X11.94728790187564 Y13.917336561527048 F300
G1 X11.987750871363515 Y13.727048667824075 F300
G1 X12.04066606741004 Y13.431012175561026 F300
G1 X12.08139539203177 Y13.13345002881109 F300
G1 X12.111468715567506 Y12.834590771551781 F300
G1 X12.132389760252405 Y12.534659778935188 F300
G1 X12.150303578454894 Y12.120085793115088 F300
G1 X12.1584193686007 Y11.70528720495761 F300
G1 X12.1578285137946 Y11.29025207029079 F300
G1 X12.149615768482859 Y10.874968379758233 F300
G1 X12.128704480663322 Y10.321453857335356 F300
G1 X12.098769526696675 Y9.767982006545987 F300
G1 X12.062388196466397 Y9.21468117811214 F300
G1 X11.940478649141294 Y7.558658667824075 F300
G1 X11.889537538030183 Y6.939039778935187 F300
G1 X11.875205397024033 Y6.731137807115045 F300
G1 X11.866082446247479 Y6.524173219030056 F300
G1 X11.864419760252405 Y6.318574223379629 F300
G1 X11.871973647736827 Y6.2267453211142145 F300
G1 X11.89029180808992 Y6.148777622625741 F300
G1 X11.917470677324443 Y6.082214202319946 F300
G1 X11.952342435149525 Y6.025016075231482 F300
G1 X11.996745891752633 Y5.973228805671393 F300
G1 X12.048443819866876 Y5.929212397608309 F300
G1 X12.107241337942074 Y5.892186502698653 F300
G1 X12.173160418688619 Y5.861656445601852 F300
G1 X12.265755483623234 Y5.8322834340151894 F300
G1 X12.367393621777714 Y5.812990415892594 F300
G1 X12.47726531580796 Y5.803377556712961 F300
G1 X13.101293423483405 Y5.780968754769089 F300
G1 X13.725798788030184 Y5.764642556712961 F300
G1 X14.974649760252406 Y5.73564422337963 F300
G1 X15.249212790277276 Y5.724636011548188 F300
G1 X15.534812364419073 Y5.709900265046297 F300
G1 X15.822504481221491 Y5.697661594863975 F300
G1 X16.11204059358574 Y5.6937342233796295 F300
G1 X16.30487366192098 Y5.698710136475647 F300
G1 X16.49532740191742 Y5.711776766273253 F300
G1 X16.682760072752405 Y5.734612348379629 F300
G1 X16.822094201341248 Y5.759396311922419 F300
G1 X16.958724041401585 Y5.791385307608171 F300
G1 X17.092534305765454 Y5.831322638944586 F300
G1 X17.22339642691907 Y5.880000890046296 F300
G1 X17.34351741226526 Y5.935584055194208 F300
G1 X17.45632773530532 Y6.000176238604293 F300
G1 X17.561662677193063 Y6.073708128463714 F300
G1 X17.659271010252407 Y6.1562611678240735 F300
G1 X17.731293978397208 Y6.228666373228798 F300
G1 X17.79749231104472 Y6.30657098380806 F300
G1 X17.857710447302495 Y6.390153684358632 F300
G1 X17.91170863132107 Y6.479660172390389 F300
G1 X17.959149760252405 Y6.57539644560185 F300
G1 X18.006240254104686 Y6.6938411366684045 F300
G1 X18.044003437405536 Y6.814279152030303 F300
G1 X18.073637908400556 Y6.936599079346709 F300
G1 X18.105232914961817 Y7.12311085267289 F300
G1 X18.12453198247463 Y7.312226404449589 F300
G1 X18.13504364355405 Y7.502319808895962 F300
G1 X18.140336426919077 Y7.691867556712963 F300
G1 X18.135600145835983 Y7.737194218820106 F300
G1 X18.120670057729058 Y7.780073147785456 F300
G1 X18.09652142691908 Y7.819661306712962 F300
G1 X18.06473960069898 Y7.853446084765926 F300
G1 X18.02735896189568 Y7.87924554298801 F300
G1 X17.98497309358574 Y7.89591422337963 F300
G1 X17.84547250402258 Y7.925442344662842 F300
G1 X17.70706860273196 Y7.942811945671972 F300
G1 X17.569317249964346 Y7.94969323572531 F300
G1 X17.431151875846446 Y7.947566874584234 F300
G1 X17.292964215611725 Y7.937809158470745 F300
G1 X17.154570789058994 Y7.9218159517746916 F300
G1 X16.947608353908286 Y7.8894078181794445 F300
G1 X16.74023198247463 Y7.851040890046294 F300
G1 X16.477588802511082 Y7.805445704436857 F300
G1 X16.214575775222922 Y7.76919378430853 F300
G1 X15.950777157169105 Y7.742308433092242 F300
G1 X15.685775351081462 Y7.72483558684781 F300
G1 X15.41914976025241 Y7.7168442233796295 F300
G1 X15.116219554146115 Y7.718070698650737 F300
G1 X14.813880791611838 Y7.728430625074685 F300
G1 X14.512009142968463 Y7.746801589634774 F300
G1 X14.059987289214003 Y7.786935484895991 F300
G1 X13.608819636795621 Y7.838816486754114 F300
G1 X13.158566997562355 Y7.8986601371847 F300
G1 X12.709393093585742 Y7.9626597789351825 F300
G1 X12.651792973953741 Y7.965703157845819 F300
G1 X12.598156117400979 Y7.958078159777351 F300
G1 X12.549320176919075 Y7.939782140046295 F300
G1 X12.517013466517362 Y7.918973726031874 F300
G1 X12.489179206373237 Y7.8919188489403975 F300
G1 X12.466192514429277 Y7.857676164487404 F300
G1 X12.449043093585741 Y7.814775334490738 F300
G1 X12.442926889231957 Y7.7807587225192405 F300
G1 X12.44312320670445 Y7.744495103615265 F300
G1 X12.449597085355292 Y7.70682533449074 F300
G1 X12.461852661180556 Y7.6705796061367035 F300
G1 X12.479387377908486 Y7.6370272442493645 F300
G1 X12.502017249964345 Y7.607153853009256 F300
G1 X12.529486119890597 Y7.582386654508499 F300
G1 X12.560964542507413 Y7.564476552646522 F300
G1 X12.596927538030187 Y7.554425334490738 F300
G1 X13.265226584717007 Y7.459684159430976 F300
G1 X13.93563101025241 Y7.376360751157405 F300
G1 X14.27160926902816 Y7.3427996893100165 F300
G1 X14.608022291096983 Y7.316678001771549 F300
G1 X14.9450055584335 Y7.299505761980993 F300
G1 X15.282695315807965 Y7.292805334490736 F300
G1 X15.546742353708002 Y7.296097900398261 F300
G1 X15.810235157920419 Y7.307704584743056 F300
G1 X16.07307938630578 Y7.327942767223957 F300
G1 X16.335180020006746 Y7.3571479200920455 F300
G1 X16.596439760252412 Y7.395675334490739 F300
G1 X17.019841035972576 Y7.475026815972223 F300
G1 X17.162042974363665 Y7.499026828747651 F300
G1 X17.304077733275943 Y7.517540233528719 F300
G1 X17.44600181786558 Y7.528131630787037 F300
G1 X17.552331656246338 Y7.529409077699242 F300
G1 X17.65869702987467 Y7.5238218458837895 F300
G1 X17.765342481346146 Y7.510267073713321 F300
G1 X17.872507538030188 Y7.487538667824073 F300
G1 X17.717144204696858 Y7.69158533449074 F300
G1 X17.70904119754027 Y7.469094923002641 F300
G1 X17.689775263724634 Y7.247517487268517 F300
G1 X17.667447590600275 Y7.101541133222929 F300
G1 X17.63583756396644 Y6.961650287928284 F300
G1 X17.593336843585746 Y6.828902556712962 F300
G1 X17.552531828528775 Y6.733019021648117 F300
G1 X17.503852298182046 Y6.642760296961359 F300
G1 X17.446381551438765 Y6.558301152032552 F300
G1 X17.379026548446852 Y6.479925959490741 F300
G1 X17.31995090820524 Y6.424277468732697 F300
G1 X17.253426860499307 Y6.37257132803011 F300
G1 X17.178424661212105 Y6.325092059511631 F300
G1 X17.093751136372266 Y6.282285258650726 F300
G1 X16.998041982474632 Y6.244773112268519 F300
G1 X16.849052235770237 Y6.200624153356839 F300
G1 X16.696664532525986 Y6.167397187204528 F300
G1 X16.54113574305466 Y6.143789478804586 F300
G1 X16.382713916631012 Y6.1285550464249 F300
G1 X16.17050286348383 Y6.119225428485722 F300
G1 X15.956603277551917 Y6.119460949648017 F300
G1 X15.742236714984923 Y6.12622932626029 F300
G1 X15.113644204696856 Y6.154885334490741 F300
G1 X12.789685315807963 Y6.217820890046297 F300
G1 X12.51226087136352 Y6.225299778935185 F300
G1 X12.41732837136352 Y6.225264501157408 F300
G1 X12.365241922477448 Y6.230932351742087 F300
G1 X12.325994204696855 Y6.245760890046299 F300
G1 X12.307458953367021 Y6.263937890488316 F300
G1 X12.293513593247392 Y6.291682783457787 F300
G1 X12.284024673446854 Y6.3302313240740755 F300
G1 X12.279042627610231 Y6.392609533985846 F300
G1 X12.28117378803019 Y6.4664410289351855 F300
G1 X12.296605610946855 Y6.611302608796297 F300
G1 X12.309484204696856 Y6.721728667824075 F300
G1 X12.347318785538306 Y7.3142066509409425 F300
G1 X12.38907087136352 Y7.906497556712965 F300
G1 X12.500904040087802 Y9.446573770704736 F300
G1 X12.532834351588273 Y9.961169012454022 F300
G1 X12.55851961645437 Y10.475930047304967 F300
G1 X12.575828813750352 Y10.990726527906382 F300
G1 X12.582032342961066 Y11.376943077939234 F300
G1 X12.581418585716934 Y11.762911178056704 F300
G1 X12.573090656833328 Y12.148629168721904 F300
G1 X12.556146426919076 Y12.534095334490742 F300
G1 X12.537714154494605 Y12.804582654793121 F300
G1 X12.512331487564637 Y13.074426855167857 F300
G1 X12.479437433093654 Y13.343451435656025 F300
G1 X12.438459760252409 Y13.61147866782407 F300
G1 X12.379114698524015 Y13.948922371527777 F300
G1 X12.342711023914447 Y14.12010392035194 F300
G1 X12.298508896054877 Y14.288812001157407 F300
G1 X12.263201966321908 Y14.399279327898164 F300
G1 X12.222744918392232 Y14.505884304403544 F300
G1 X12.176416426919076 Y14.608005334490741 F300
G1 X12.135399294716912 Y14.68006276695077 F300
G1 X12.089488833622006 Y14.742982223047287 F300
G1 X12.03924055319517 Y14.798255801662254 F300
G1 X11.985033175890273 Y14.84717298881173 F300
G1 X11.905722488428614 Y14.905256545218801 F300
G1 X11.820362007268578 Y14.955869843762407 F300
G1 X11.72983634461455 Y15.000921383873457 F300
G1 X11.589349588758608 Y15.060990952134997 F300
G1 X11.444755315807964 Y15.118545334490742 F300
G1 X11.14350959866572 Y15.2468891367372 F300
G1 X10.847636673752417 Y15.387100349635846 F300
G1 X10.557025315807964 Y15.537927556712964 F300
G1 X10.313900984441322 Y15.674137684372832 F300
G1 X10.075225891868836 Y15.817520439924678 F300
G1 X9.84111388520676 Y15.968053114576309 F300
G1 X9.611686704696854 Y16.125725890046297 F300
G1 X9.387252408077396 Y16.290407023883652 F300
G1 X9.16810301833608 Y16.461962133778712 F300
G1 X8.954357760231888 Y16.64039131681527 F300
G1 X8.746146426919076 Y16.825707556712963 F300
G1 X8.596801185213012 Y16.963455893830314 F300
G1 X8.435133022474632 Y17.117149414490743 F300
G1 X8.275493627714493 Y17.27869802652356 F300
G1 X8.120096258030186 Y17.451615485601852 F300
G1 X8.022626555465518 Y17.572392577322276 F300
G1 X7.9329660189955415 Y17.696449989366204 F300
G1 X7.8527573069190755 Y17.823734516712964 F300
G1 X7.798949658570276 Y17.922986309164138 F300
G1 X7.752656570915172 Y18.023380573673034 F300
G1 X7.714421279447599 Y18.12504497965221 F300
G1 X7.684837342474632 Y18.228135254490745 F300
G1 X7.664523128153089 Y18.333163864578403 F300
G1 X7.654367731368003 Y18.439739812343063 F300
G1 X7.655190338347208 Y18.548336972733455 F300
G1 X7.668057538030187 Y18.659446445601855 F300
G1 X7.671435012921483 Y18.70969629324124 F300
G1 X7.665022327223224 Y18.753815967093054 F300
G1 X7.650839473928428 Y18.79273788083345 F300
G1 X7.630028093585742 Y18.82717904976852 F300
G1 X7.592436696567072 Y18.866964113415797 F300
G1 X7.547907279173512 Y18.896674300030934 F300
G1 X7.498336149141298 Y18.91630394560185 F300
G1 X7.44593252209438 Y18.924843539903083 F300
G1 X7.395878683318851 Y18.92127170572224 F300
G1 X7.349446288030187 Y18.90515175810185 F300
G1 X7.319736800965141 Y18.885220987076195 F300
G1 X7.294244941701711 Y18.85771077914004 F300
G1 X7.273679273738503 Y18.82086571113345 F300
G1 X7.259823093585743 Y18.77205311226852 F300
G1 X7.259823093585743 Y18.77205311226852 F300
G1 X7.259399760252401 Y18.772194223379632 F300;svg#Layer_2 > g#Layer_2-2 > path
G0 X17.77104864914129 Y7.915669778935188
G1 X17.87916129130914 Y8.41263190031218 F300
G1 X17.977459454269663 Y8.911380756271335 F300
G1 X18.06592993721057 Y9.411854589629593 F300
G1 X18.14455230107233 Y9.913993212665568 F300
G1 X18.213298781097084 Y10.417737649721934 F300
G1 X18.272134204696847 Y10.923029778935188 F300
G1 X18.320967776683116 Y11.41986829728593 F300
G1 X18.359664837211795 Y11.917778463001905 F300
G1 X18.384881982474624 Y12.416267556712965 F300
G1 X18.389283209566408 Y12.65858312517209 F300
G1 X18.3840592823766 Y12.900713683864174 F300
G1 X18.36676684358574 Y13.141949084490744 F300
G1 X18.344409349982605 Y13.321669668777261 F300
G1 X18.31288595195276 Y13.499798368177983 F300
G1 X18.271115488248697 Y13.676219546865445 F300
G1 X18.217947538030177 Y13.85080311226852 F300
G1 X18.196789357587114 Y13.89662556334531 F300
G1 X18.170110473056727 Y13.931865412574668 F300
G1 X18.13924908664148 Y13.958489635084138 F300
G1 X18.104829343585735 Y13.977789883101854 F300
G1 X18.05331595361658 Y13.993153623293873 F300
G1 X18.000478547579608 Y13.99618196182088 F300
G1 X17.94789614914129 Y13.987751445601855 F300
G1 X17.898493974072625 Y13.96826086794342 F300
G1 X17.856687965821795 Y13.939308397321977 F300
G1 X17.823930038030177 Y13.90108717476852 F300
G1 X17.807618261479416 Y13.868186647150594 F300
G1 X17.798640707053856 Y13.830825711229991 F300
G1 X17.798436497548185 Y13.78792585919135 F300
G1 X17.809713093585735 Y13.738196445601853 F300
G1 X17.860119118781913 Y13.572169433991943 F300
G1 X17.899108914208078 Y13.405318283573573 F300
G1 X17.92796266820972 Y13.237534151367868 F300
G1 X17.9478785102524 Y13.068694778935185 F300
G1 X17.96247289110032 Y12.84198615645559 F300
G1 X17.965791151935576 Y12.613545352093166 F300
G1 X17.9604197602524 Y12.383529778935188 F300
G1 X17.934617222196835 Y11.895936970424453 F300
G1 X17.896525928512258 Y11.408918386981021 F300
G1 X17.848800871363515 Y10.922888667824076 F300
G1 X17.791881460868726 Y10.43649376418689 F300
G1 X17.72504591613989 Y9.951652729734311 F300
G1 X17.648513301491413 Y9.468380198759789 F300
G1 X17.562495212665276 Y8.986691722678563 F300
G1 X17.46719620132974 Y8.506604038175837 F300
G1 X17.362814204696843 Y8.028135334490743 F300
G1 X17.356743036297914 Y7.977801961453292 F300
G1 X17.361003161714144 Y7.933875577288316 F300
G1 X17.37336265360784 Y7.895300073682648 F300
G1 X17.392588649141288 Y7.861236167824077 F300
G1 X17.428496801477177 Y7.821809852413187 F300
G1 X17.472064830345488 Y7.792264020636694 F300
G1 X17.521528926919068 Y7.772653667824077 F300
G1 X17.5739566457009 Y7.764175561673931 F300
G1 X17.624965459647996 Y7.767640436189844 F300
G1 X17.673170454696844 Y7.783660334490744 F300
G1 X17.704498724512966 Y7.803525608738048 F300
G1 X17.731858900132583 Y7.830925990484183 F300
G1 X17.7545792193967 Y7.867459187818762 F300
G1 X17.77104864914129 Y7.915528667824075 F300
G1 X17.77104864914129 Y7.915528667824075 F300
G1 X17.77104864914129 Y7.915669778935188 F300;svg#Layer_2 > g#Layer_2-2 > path
G0 X17.222973093585733 Y5.9275553344907435
G1 X17.2549774825454 Y5.768595647345502 F300
G1 X17.286324080252406 Y5.580042694490745 F300
G1 X17.302406178305777 Y5.450988610844387 F300
G1 X17.313334175861826 Y5.318153304651573 F300
G1 X17.3173527202524 Y5.18365368115741 F300
G1 X17.312603938877942 Y5.04954214155753 F300
G1 X17.297604779465374 Y4.921238053378738 F300
G1 X17.271070533585736 Y4.800323654490743 F300
G1 X17.241634948783947 Y4.712487957841407 F300
G1 X17.204224514867775 Y4.63169284172591 F300
G1 X17.158155337159673 Y4.558094851455585 F300
G1 X17.1024890402524 Y4.491987974490743 F300
G1 X17.05227187876077 Y4.44647320326939 F300
G1 X16.99485772526392 Y4.406039977176565 F300
G1 X16.92908701188293 Y4.371071569628894 F300
G1 X16.853557163822934 Y4.3422483006678405 F300
G1 X16.766619760252404 Y4.320582001157409 F300
G1 X16.662304328212016 Y4.30639355485991 F300
G1 X16.55739681884971 Y4.30158287542136 F300
G1 X16.451748607989032 Y4.3036695731738694 F300
G1 X16.133647579182444 Y4.32648776247428 F300
G1 X16.02746993212633 Y4.331338690356924 F300
G1 X15.92177800347068 Y4.330661228871321 F300
G1 X15.81651864914129 Y4.321993112268519 F300
G1 X15.712556210524268 Y4.304228110149532 F300
G1 X15.611968316301203 Y4.278985582219887 F300
G1 X15.514028690293555 Y4.247449861239712 F300
G1 X15.370182440618773 Y4.190575460964668 F300
G1 X15.228973793174212 Y4.125744141075103 F300
G1 X14.949249760252401 Y3.9882653344907437 F300
G1 X14.800395302436668 Y3.9216823529181597 F300
G1 X14.649191168749349 Y3.8632989091879684 F300
G1 X14.49576867122737 Y3.81256235958851 F300
G1 X14.34024556272154 Y3.768957762474282 F300
G1 X14.130066395528813 Y3.7211363663745263 F300
G1 X13.917382667552555 Y3.684163345183192 F300
G1 X13.702642846672155 Y3.656957350951647 F300
G1 X13.486829955007813 Y3.6385098359604005 F300
G1 X13.270840007906774 Y3.6277626615695717 F300
G1 X13.055256426919069 Y3.6236342233796317 F300
G1 X12.718741145601378 Y3.6271720974588035 F300
G1 X12.38218936721789 Y3.6405542455971984 F300
G1 X12.046170871363513 Y3.662439778935184 F300
G1 X11.945323993872323 Y3.671425710645138 F300
G1 X11.836307291116603 Y3.6857387912808655 F300
G1 X11.727843638373459 Y3.7076916973779106 F300
G1 X11.623621488647467 Y3.7399881739969123 F300
G1 X11.557656133039039 Y3.7690282299277573 F300
G1 X11.497470031898922 Y3.804398750857136 F300
G1 X11.44376753803018 Y3.847013112268517 F300
G1 X11.403174578215763 Y3.893268114060965 F300
G1 X11.377947648454937 Y3.9397362678821772 F300
G1 X11.364813438709836 Y3.9867993301373796 F300
G1 X11.361801826224626 Y4.035220056712963 F300
G1 X11.371541356168754 Y4.101266402235253 F300
G1 X11.395209077941216 Y4.169740700629442 F300
G1 X11.431296843585734 Y4.240572001157407 F300
G1 X11.49830433093608 Y4.341163643501549 F300
G1 X11.57384331928018 Y4.435975612268517 F300
G1 X11.711031982474625 Y4.5943375567129605 F300
G1 X12.51056753803018 Y5.558549778935182 F300
G1 X12.538594063828048 Y5.600458151836985 F300
G1 X12.555020710728632 Y5.64187440417691 F300
G1 X12.562087746935703 Y5.682610349485338 F300
G1 X12.561155871363514 Y5.722730351851849 F300
G1 X12.548290492784375 Y5.775789390365003 F300
G1 X12.524357311884321 Y5.823557434611816 F300
G1 X12.490988371363512 Y5.8650960289351834 F300
G1 X12.449657076888402 Y5.898383872094441 F300
G1 X12.404295138802066 Y5.920034400825153 F300
G1 X12.355786288030178 Y5.929012747685184 F300
G1 X12.319959638629136 Y5.926407633156138 F300
G1 X12.284014725390065 Y5.9151375734365415 F300
G1 X12.247703660032428 Y5.893333658486405 F300
G1 X12.211270871363512 Y5.857846445601851 F300
G1 X11.367285315807958 Y4.840012001157406 F300
G1 X11.255296982993292 Y4.704565646083968 F300
G1 X11.144899431034297 Y4.560753112268519 F300
G1 X11.078123343870866 Y4.460250207638072 F300
G1 X11.021217956032533 Y4.356769064078134 F300
G1 X10.976919719100138 Y4.249603112268519 F300
G1 X10.953784552995039 Y4.166766317507244 F300
G1 X10.94057388328216 Y4.081193415124223 F300
G1 X10.938692736830301 Y3.991965973597754 F300
G1 X10.9500197602524 Y3.8980953344907427 F300
G1 X10.97495061676757 Y3.803371941759329 F300
G1 X11.009398799638182 Y3.7204311573513067 F300
G1 X11.052153826837827 Y3.647424024689396 F300
G1 X11.102471689141293 Y3.5828147300462985 F300
G1 X11.16115065194952 Y3.524353026379308 F300
G1 X11.22662096390416 Y3.472789372559077 F300
G1 X11.29852149819737 Y3.4274447209365335 F300
G1 X11.37657945803018 Y3.3877675656018527 F300
G1 X11.485179598857334 Y3.3445172826671734 F300
G1 X11.600697158854612 Y3.3096533671487864 F300
G1 X11.721753040252402 Y3.282175814490741 F300
G1 X11.905803172176727 Y3.2532303384661967 F300
G1 X12.087402409141292 Y3.2352614500462975 F300
G1 X12.42293753803018 Y3.2162464456018545 F300
G1 X12.68493023646876 Y3.2053735808198307 F300
G1 X12.94883800638098 Y3.200125644104074 F300
G1 X13.21393325819479 Y3.2021614661779876 F300
G1 X13.47864541551184 Y3.2131168295180395 F300
G1 X13.742103941534507 Y3.234588185903312 F300
G1 X14.003737373421128 Y3.268196239840537 F300
G1 X14.198449431387061 Y3.302370730528464 F300
G1 X14.391230669695176 Y3.3449477717291556 F300
G1 X14.581948938430427 Y3.3966528392160042 F300
G1 X14.770461982474623 Y3.4582520011574065 F300
G1 X14.943521921344633 Y3.5290026437224307 F300
G1 X15.1154472911166 Y3.6118697377829228 F300
G1 X15.28651558586671 Y3.698030838843887 F300
G1 X15.458645192351167 Y3.7793790793467084 F300
G1 X15.575584485146777 Y3.8272220810913966 F300
G1 X15.694024871069582 Y3.8667806170513708 F300
G1 X15.814825315807957 Y3.8958375567129617 F300
G1 X15.908068972100335 Y3.909182811224395 F300
G1 X16.001330250418405 Y3.915226511202416 F300
G1 X16.094774326224623 Y3.9155997268518488 F300
G1 X16.235218665972337 Y3.909002680487333 F300
G1 X16.37600656580796 Y3.8985715844907367 F300
G1 X16.51679944368467 Y3.889696457684803 F300
G1 X16.657212347057957 Y3.8877611504629583 F300
G1 X16.75036379566065 Y3.8929410150292263 F300
G1 X16.84356774374276 Y3.9051675817861167 F300
G1 X16.937081982474627 Y3.926176445601847 F300
G1 X17.02722447069818 Y3.9561167108938684 F300
G1 X17.111575624478867 Y3.9937233435857413 F300
G1 X17.19055917508962 Y4.038427179668627 F300
G1 X17.26452247630179 Y4.089813071116251 F300
G1 X17.33390167060791 Y4.147752757773251 F300
G1 X17.398079598953842 Y4.211301523439031 F300
G1 X17.45720022614472 Y4.280110427013423 F300
G1 X17.511341488647467 Y4.353889449717074 F300
G1 X17.574947773481487 Y4.458027332633412 F300
G1 X17.629059426758182 Y4.568137557839173 F300
G1 X17.673681982474623 Y4.683378667824067 F300
G1 X17.70608237780901 Y4.7945409693581995 F300
G1 X17.728907872115133 Y4.90646487856563 F300
G1 X17.743177633560713 Y5.0191922454203395 F300
G1 X17.749808813750345 Y5.132780972350817 F300
G1 X17.748243644657354 Y5.284911495647295 F300
G1 X17.736654106961073 Y5.437543358709498 F300
G1 X17.71702922527298 Y5.590336363297318 F300
G1 X17.677083943121247 Y5.817822300377907 F300
G1 X17.631066426919066 Y6.04002089004629 F300
G1 X17.61527796644928 Y6.088234160567057 F300
G1 X17.593117622538262 Y6.124842083167942 F300
G1 X17.566235369511308 Y6.152290763043414 F300
G1 X17.535311513724622 Y6.172206723379624 F300
G1 X17.487549575547856 Y6.188305168394554 F300
G1 X17.436775579921623 Y6.191856599282721 F300
G1 X17.384351288030178 Y6.183425056712956 F300
G1 X17.334852728491377 Y6.163861989835571 F300
G1 X17.291033094347732 Y6.13430694259456 F300
G1 X17.254690020669067 Y6.09478964004629 F300
G1 X17.235068125594726 Y6.060622888032721 F300
G1 X17.222246162850112 Y6.021919974502272 F300
G1 X17.21743896926137 Y5.977862610702064 F300
G1 X17.22283198247462 Y5.927414223379624 F300
G1 X17.22283198247462 Y5.927414223379624 F300
G1 X17.222973093585733 Y5.9275553344907435 F300;svg#Layer_2 > g#Layer_2-2 > path
G0 X11.547625315807956 Y6.6906842233796295
G1 X9.091021982474624 Y6.804560890046295 F300
G1 X8.698529266425242 Y6.831899861239712 F300
G1 X8.499091039834514 Y6.845930703681129 F300
G1 X8.300015809635118 Y6.854221548482509 F300
G1 X8.167498549676875 Y6.854350907057851 F300
G1 X8.036942067966086 Y6.84860733255187 F300
G1 X7.908651982474623 Y6.835746445601851 F300
G1 X7.826241305771794 Y6.820878636053163 F300
G1 X7.750179866421938 Y6.799558109489495 F300
G1 X7.679562384342242 Y6.772439793716201 F300
G1 X7.613572970128946 Y6.740026075231481 F300
G1 X7.5297179103145435 Y6.687927734315766 F300
G1 X7.451525733743107 Y6.627301511858583 F300
G1 X7.377854698524008 Y6.558792371527775 F300
G1 X7.275901237208664 Y6.445374751356847 F300
G1 X7.178825315807957 Y6.318856445601849 F300
G1 X6.826915837527346 Y5.823667962783849 F300
G1 X6.477644204696845 Y5.3265631122685155 F300
G1 X6.382775727330591 Y5.19497961432613 F300
G1 X6.339645826531217 Y5.123933649584506 F300
G1 X6.308070459840879 Y5.050194387988679 F300
G1 X6.296113907968643 Y4.999157233832062 F300
G1 X6.293415970008715 Y4.946251289220792 F300
G1 X6.302101982474624 Y4.890388667824069 F300
G1 X6.320890412703302 Y4.840454745396056 F300
G1 X6.347214248364675 Y4.798078164021946 F300
G1 X6.379943052433472 Y4.761554223379625 F300
G1 X6.438902130406895 Y4.715509559361904 F300
G1 X6.506389060663922 Y4.677781260416662 F300
G1 X6.646977538030177 Y4.619032001157403 F300
G1 X6.828286430053408 Y4.556854392760741 F300
G1 X7.012948947143332 Y4.507656333234373 F300
G1 X7.200362399141289 Y4.468484084490737 F300
G1 X7.4843506331971055 Y4.422345280220064 F300
G1 X7.7686697602524 Y4.382812001157402 F300
G1 X8.349165625760474 Y4.303792081812034 F300
G1 X8.930860871363512 Y4.233234223379624 F300
G1 X9.537030107474623 Y4.166146914351847 F300
G1 X9.746977215659138 Y4.148292328862237 F300
G1 X9.958577999204978 Y4.136504679087884 F300
G1 X10.170451426919067 Y4.133098251157402 F300
G1 X10.329347068183461 Y4.137487144566381 F300
G1 X10.485931226684624 Y4.148876660738269 F300
G1 X10.639795218232303 Y4.168153940045154 F300
G1 X10.790537746363512 Y4.196225629629623 F300
G1 X10.938969058575019 Y4.2343907184354945 F300
G1 X11.082904229192032 Y4.283276127160262 F300
G1 X11.222212634586988 Y4.343957085826832 F300
G1 X11.356701982474624 Y4.417666445601844 F300
G1 X11.39696105978339 Y4.4484805231790165 F300
G1 X11.425135995345315 Y4.482056420498216 F300
G1 X11.443657158727769 Y4.517555799731782 F300
G1 X11.4540510102524 Y4.554722817129622 F300
G1 X11.456305361149603 Y4.607344355677879 F300
G1 X11.44603832740027 Y4.6585676894460315 F300
G1 X11.424400038030178 Y4.7071382511574 F300
G1 X11.39281804342541 Y4.749850457639203 F300
G1 X11.353669742959736 Y4.783364410842963 F300
G1 X11.307489482474622 Y4.8061872268518435 F300
G1 X11.270732437252388 Y4.8143972750308395 F300
G1 X11.23146442566777 Y4.814533970446696 F300
G1 X11.189078939662174 Y4.805030781806079 F300
G1 X11.1430597602524 Y4.7831442233796215 F300
G1 X11.043184538075357 Y4.7281190787386675 F300
G1 X10.939961669854622 Y4.682420930208547 F300
G1 X10.833526635550442 Y4.64516789164995 F300
G1 X10.72397298941907 Y4.615583598379621 F300
G1 X10.575029916607706 Y4.587162443162686 F300
G1 X10.422303065014415 Y4.5695482769106945 F300
G1 X10.2664422602524 Y4.561211723379622 F300
G1 X10.031818914897416 Y4.562683623084692 F300
G1 X9.798169447752402 Y4.575896098379623 F300
G1 X9.346856426919068 Y4.615504223379623 F300
G1 X8.835842028045453 Y4.663573538908774 F300
G1 X8.322883649141291 Y4.721690334490734 F300
G1 X7.981573175735486 Y4.76729749748036 F300
G1 X7.642267898432884 Y4.819228739061271 F300
G1 X7.3056842046968455 Y4.878253112268512 F300
G1 X7.1616248267543545 Y4.907599705523812 F300
G1 X7.018829867241622 Y4.94251095018267 F300
G1 X6.877976426919068 Y4.984650890046288 F300
G1 X6.759725315807957 Y5.0272664456018425 F300
G1 X6.72712864914129 Y5.041377556712953 F300
G1 X6.697010642569706 Y5.055050224495908 F300
G1 X6.685344254424151 Y5.053592910042421 F300
G1 X6.681798871947317 Y5.043166995811331 F300
G1 X6.689786515966826 Y5.013827928052275 F300
G1 X6.7251530935857335 Y4.945563112268508 F300
G1 X6.7398714670586966 Y4.955015345356049 F300
G1 X6.773543752021949 Y4.9974136060956695 F300
G1 X6.8404042870013715 Y5.100346322145052 F300
G1 X6.882774204696846 Y5.168659778935173 F300
G1 X7.47374753803018 Y6.0053075567129515 F300
G1 X7.58818864914129 Y6.165451028935174 F300
G1 X7.650988761298391 Y6.2415524348500515 F300
G1 X7.7208330935857346 Y6.310248667824062 F300
G1 X7.783833959173456 Y6.355530020445253 F300
G1 X7.848636632747158 Y6.386752170726381 F300
G1 X7.915707538030179 Y6.4070332511573955 F300
G1 X7.985588601996042 Y6.418774311857302 F300
G1 X8.058708763576586 Y6.42397673542362 F300
G1 X8.135135315807956 Y6.424548667824063 F300
G1 X8.391620745267305 Y6.417474068804336 F300
G1 X8.648391704696847 Y6.40539283449073 F300
G1 X9.161436426919066 Y6.377982001157394 F300
G1 X11.547907538030179 Y6.267350890046284 F300
G1 X11.598620617232651 Y6.270354829714655 F300
G1 X11.63987011657089 Y6.282471805139824 F300
G1 X11.673548897692113 Y6.301502705876452 F300
G1 X11.70102191303018 Y6.326372817129617 F300
G1 X11.729276994193496 Y6.368530565913087 F300
G1 X11.746182031989475 Y6.416753313104378 F300
G1 X11.751954204696846 Y6.469545473379618 F300
G1 X11.746208002117953 Y6.522444377823501 F300
G1 X11.729317170146302 Y6.572320224887857 F300
G1 X11.70086316303018 Y6.617454171296284 F300
G1 X11.673139990420509 Y6.645077166854872 F300
G1 X11.639242158826598 Y6.66728361237495 F300
G1 X11.598034544150213 Y6.6831088334671325 F300
G1 X11.547907538030179 Y6.690684223379618 F300
G1 X11.547907538030179 Y6.690684223379618 F300
G1 X11.547625315807956 Y6.6906842233796295 F300;svg#Layer_2 > g#Layer_2-2 > path
G0 X8.29289753803018 Y6.882877556712967
G1 X8.308270389645987 Y7.089891464840895 F300
G1 X8.329877591778876 Y7.296153521088119 F300
G1 X8.35907864914129 Y7.501649778935188 F300
G1 X8.40846753803018 Y7.768914223379632 F300
G1 X8.433920454696846 Y7.920820334490743 F300
G1 X8.45189592557589 Y8.000638609182188 F300
G1 X8.477470871363513 Y8.066799778935186 F300
G1 X8.485919085514528 Y8.099740219193036 F300
G1 X8.469850871363512 Y8.070750890046297 F300
G1 X8.534903093585735 Y8.054946445601853 F300
G1 X8.564849383502388 Y8.044311412429854 F300
G1 X8.598914621363512 Y8.036707834490743 F300
G1 X8.66514864914129 Y8.024607556712963 F300
G1 X8.959506426919068 Y7.962236445601851 F300
G1 X9.255509423507418 Y7.907834301399673 F300
G1 X9.552737538030177 Y7.861483112268518 F300
G1 X9.888423404663675 Y7.818667722977854 F300
G1 X10.224434788324343 Y7.785591816838938 F300
G1 X10.560800346013954 Y7.762301793046014 F300
G1 X10.897550424177084 Y7.748859894333387 F300
G1 X11.234716363821445 Y7.745344590106676 F300
G1 X11.572329803516503 Y7.751850933219819 F300
G1 X11.910421982474622 Y7.768490890046297 F300
G1 X11.96021687704176 Y7.77691825220975 F300
G1 X12.001273799616445 Y7.793440850049019 F300
G1 X12.035129869060542 Y7.816255465675139 F300
G1 X12.062861669974623 Y7.844419692129629 F300
G1 X12.091327178847422 Y7.890116386887424 F300
G1 X12.108241984203438 Y7.940306085005999 F300
G1 X12.114045315807955 Y7.993227973379629 F300
G1 X12.108351124515487 Y8.046010600534382 F300
G1 X12.091535758852155 Y8.09391548361438 F300
G1 X12.063417294974622 Y8.135501046296296 F300
G1 X12.036065950615194 Y8.159843270452361 F300
G1 X12.002488632006052 Y8.17827552450722 F300
G1 X11.961262222450776 Y8.189695003017295 F300
G1 X11.910421982474622 Y8.191824223379632 F300
G1 X11.562336536263796 Y8.174675130326062 F300
G1 X11.214259030958784 Y8.16802448901081 F300
G1 X10.866327164101794 Y8.172025417226488 F300
G1 X10.51867837136351 Y8.186850056712967 F300
G1 X10.171702879521586 Y8.21266756328173 F300
G1 X9.825808782309956 Y8.249632689493572 F300
G1 X9.48111155521972 Y8.297930821582652 F300
G1 X9.1377297602524 Y8.357770890046297 F300
G1 X9.038115860363252 Y8.380599396641502 F300
G1 X8.921003413585735 Y8.411975618935188 F300
G1 X8.800312945113323 Y8.443896613098067 F300
G1 X8.675409120252402 Y8.472079921157405 F300
G1 X8.591286233607555 Y8.486051467487238 F300
G1 X8.510299449064771 Y8.493878346675185 F300
G1 X8.433276000252398 Y8.494300970046295 F300
G1 X8.357631713493246 Y8.485475384365182 F300
G1 X8.288884684003458 Y8.466120544790643 F300
G1 X8.226933173585735 Y8.434855938935183 F300
G1 X8.18649631728378 Y8.403725775335912 F300
G1 X8.149698182451449 Y8.363952475715376 F300
G1 X8.116837733270778 Y8.313556539036401 F300
G1 X8.088709760252401 Y8.249962001157405 F300
G1 X8.042584658470298 Y8.106921650406322 F300
G1 X8.003557593464631 Y7.958760786068431 F300
G1 X7.970908114161867 Y7.806230272762345 F300
G1 X7.9328652831376125 Y7.574889712241344 F300
G1 X7.9050980730096025 Y7.341520025848764 F300
G1 X7.884842795612871 Y7.108391985299926 F300
G1 X7.8697053158079555 Y6.883018667824071 F300
G1 X7.871985291391516 Y6.83227928305365 F300
G1 X7.883519505177123 Y6.791087479653897 F300
G1 X7.902050873012085 Y6.757503087926704 F300
G1 X7.926484899141288 Y6.730122574074071 F300
G1 X7.96816096103106 Y6.701960831550497 F300
G1 X8.016111544657726 Y6.685094777389585 F300
G1 X8.068883649141288 Y6.679342417824071 F300
G1 X8.121794482737632 Y6.685090085326964 F300
G1 X8.171925449845029 Y6.701961627016248 F300
G1 X8.217526565807955 Y6.730400386574071 F300
G1 X8.245594992102541 Y6.7581175242349 F300
G1 X8.26831332942714 Y6.791985749489294 F300
G1 X8.284733741859146 Y6.8330996933509764 F300
G1 X8.29303864914129 Y6.883018667824071 F300
G1 X8.29303864914129 Y6.883018667824071 F300
G1 X8.29289753803018 Y6.882877556712967 F300;svg#Layer_2 > g#Layer_2-2 > path
G0 X8.303763093585735 Y8.444130890046297
G1 X8.323524229095623 Y8.972683490312034 F300
G1 X8.355268188711708 Y9.501140905011765 F300
G1 X8.39619651580796 Y10.0296395300463 F300
G1 X8.46858545138968 Y10.821730274992156 F300
G1 X8.545763004696846 Y11.6136648100463 F300
G1 X8.595196832559061 Y12.141766872402494 F300
G1 X8.639687750318434 Y12.66957539000488 F300
G1 X8.676431893585734 Y13.1971617700463 F300
G1 X8.697242520443652 Y13.593201546773276 F300
G1 X8.710923243952246 Y13.989136354041062 F300
G1 X8.716294921447066 Y14.385064766708652 F300
G1 X8.712172515807957 Y14.781085450046302 F300
G1 X8.701268227584276 Y15.097358869303584 F300
G1 X8.682933562301534 Y15.413913525530567 F300
G1 X8.656536581255873 Y15.730862186893606 F300
G1 X8.6214309968776 Y16.04831730395021 F300
G1 X8.576954204696845 Y16.366390890046297 F300
G1 X8.563889543855309 Y16.41528082162217 F300
G1 X8.543971208172401 Y16.452134396747322 F300
G1 X8.519031974959177 Y16.479634130777594 F300
G1 X8.4897916352524 Y16.49956891087963 F300
G1 X8.44388512300473 Y16.51571978521384 F300
G1 X8.394115553113734 Y16.519355958234986 F300
G1 X8.341721982474622 Y16.510853390046297 F300
G1 X8.292115527428814 Y16.491281172285934 F300
G1 X8.24730188219439 Y16.4615877081048 F300
G1 X8.209209829696844 Y16.421754952546298 F300
G1 X8.187930299069087 Y16.387245936213333 F300
G1 X8.17319990675794 Y16.348244141895336 F300
G1 X8.166140239583921 Y16.304059016493778 F300
G1 X8.1687197602524 Y16.253784223379633 F300
G1 X8.212334311493215 Y15.941180631746688 F300
G1 X8.246577108109049 Y15.62891682932354 F300
G1 X8.272108807636561 Y15.316896084811994 F300
G1 X8.28957419977195 Y15.005020970624063 F300
G1 X8.299604266919069 Y14.69319354782408 F300
G1 X8.30262620563713 Y14.302885025945349 F300
G1 X8.29616943551198 Y13.912425737476903 F300
G1 X8.281422783139485 Y13.521748847178918 F300
G1 X8.259570480252401 Y13.130787618935187 F300
G1 X8.221512471228591 Y12.61003346798367 F300
G1 X8.175802011143725 Y12.089001243078414 F300
G1 X8.1252654402524 Y11.56769758337963 F300
G1 X8.046695443800134 Y10.786068616301135 F300
G1 X7.973336186919068 Y10.005054587824077 F300
G1 X7.931992835264278 Y9.48402754744027 F300
G1 X7.900088735144726 Y8.963694612748169 F300
G1 X7.880429760252402 Y8.443989778935187 F300
G1 X7.884537572551394 Y8.393368572151251 F300
G1 X7.897539965550967 Y8.352081822030575 F300
G1 X7.9173241650901165 Y8.318307045278555 F300
G1 X7.942844968585736 Y8.290736497685186 F300
G1 X7.985708961482535 Y8.26238969446688 F300
G1 X8.03431913943609 Y8.24545994365775 F300
G1 X8.0871222602524 Y8.239678528935187 F300
G1 X8.13998257472449 Y8.245427492333425 F300
G1 X8.189460318721004 Y8.262334335680254 F300
G1 X8.2338866352524 Y8.290776185185187 F300
G1 X8.260849984805782 Y8.318473465647086 F300
G1 X8.282301785303012 Y8.352366263084889 F300
G1 X8.297253429551677 Y8.393645512780811 F300
G1 X8.303763093585735 Y8.443989778935187 F300
G1 X8.303763093585735 Y8.443989778935187 F300
G1 X8.303763093585735 Y8.444130890046297 F300;svg#Layer_2 > g#Layer_2-2 > path
G0 X19.321154204696843 Y20.337963112268522
G1 X19.76283198247462 Y19.70493866782408 F300
G1 X19.826546748572675 Y19.611379594219404 F300
G1 X19.882499431034294 Y19.519550025848776 F300
G1 X19.91403481328934 Y19.456346565975814 F300
G1 X19.93829643008957 Y19.39239041118077 F300
G1 X19.95403231169273 Y19.326729532021613 F300
G1 X19.95980912332335 Y19.260007772497467 F300
G1 X19.954340195588994 Y19.188591847226128 F300
G1 X19.934846426919066 Y19.11057866782408 F300
G1 X19.88009784445385 Y18.972157887341673 F300
G1 X19.81194397182435 Y18.836997042379874 F300
G1 X19.732200418688617 Y18.704565416795276 F300
G1 X19.644407675597385 Y18.57680671517942 F300
G1 X19.550118933748596 Y18.45235567570686 F300
G1 X19.45150428700137 Y18.33097636329733 F300
G1 X19.153937538030178 Y17.9856408900463 F300
G1 X19.12514272721987 Y17.944117301738174 F300
G1 X19.10814237157313 Y17.903081819739942 F300
G1 X19.100618545010153 Y17.862720459522222 F300
G1 X19.10116639219684 Y17.822948598379632 F300
G1 X19.113620099343084 Y17.770247313055087 F300
G1 X19.137314246821287 Y17.722673535009157 F300
G1 X19.170659204696843 Y17.6811583900463 F300
G1 X19.212010693445226 Y17.64788754491623 F300
G1 X19.257625691914413 Y17.626062257320683 F300
G1 X19.306615350530173 Y17.616785265046303 F300
G1 X19.34288432407728 Y17.619125435552498 F300
G1 X19.3793323383333 Y17.63008028886851 F300
G1 X19.416192934027375 Y17.651467662572422 F300
G1 X19.453234204696837 Y17.686344223379635 F300
G1 X19.80662869029355 Y18.099052412680045 F300
G1 X19.922734282409778 Y18.244857494251587 F300
G1 X20.03274691798617 Y18.39464862088827 F300
G1 X20.133901941322357 Y18.548763071116255 F300
G1 X20.202874329303654 Y18.668489608015932 F300
G1 X20.263592632380252 Y18.790241103759232 F300
G1 X20.315089609818727 Y18.914343500803163 F300
G1 X20.356345315807953 Y19.04115200115741 F300
G1 X20.37819864393745 Y19.14522494930908 F300
G1 X20.385949365289633 Y19.24597327292718 F300
G1 X20.381173130592607 Y19.344089142519508 F300
G1 X20.3650060102524 Y19.44024950115741 F300
G1 X20.338364960721535 Y19.534640136408726 F300
G1 X20.302094759876063 Y19.62730892037586 F300
G1 X20.25689471176159 Y19.71845561088746 F300
G1 X20.20338087136351 Y19.808232001157414 F300
G1 X20.077991947108206 Y19.996376557471827 F300
G1 X19.94839309358573 Y20.182194084490746 F300
G1 X19.68663198247462 Y20.551605334490745 F300
G1 X19.653684702547135 Y20.58973924149347 F300
G1 X19.618203649593347 Y20.616429590248597 F300
G1 X19.580953479016234 Y20.633837198454476 F300
G1 X19.542213579696842 Y20.643318737268523 F300
G1 X19.48794375045529 Y20.64456860145435 F300
G1 X19.435819479539923 Y20.633694091530625 F300
G1 X19.387158926919064 Y20.6120008900463 F300
G1 X19.34444075059069 Y20.580482508837814 F300
G1 X19.311786494053347 Y20.541981215521886 F300
G1 X19.290471357474615 Y20.497074709490747 F300
G1 X19.28362394779835 Y20.461508676998513 F300
G1 X19.28508710873453 Y20.423579194664615 F300
G1 X19.296579631525514 Y20.382584764325486 F300
G1 X19.32115420469684 Y20.337963112268522 F300
G1 X19.32115420469684 Y20.337963112268522 F300
G1 X19.321154204696843 Y20.337963112268522 F300
G0 X0 Y0
