G21
G90;svg#Layer_2 > g#Layer_2-2 > path
G0 X3.231750000000001 Y32.644815689366716
G1 X3.4063948767708685 Y32.36661136083129 F300
G1 X3.5894898918967244 Y32.09714733594157 F300
G1 X3.780714425278926 Y31.83600382894207 F300
G1 X3.9797733772522745 Y31.58278035743905 F300
G1 X4.186394888888891 Y31.337094996033393 F300
G1 X4.401186112454553 Y31.09765644659853 F300
G1 X4.622929820634461 Y30.865282187492433 F300
G1 X4.851346624268429 Y30.6396642513362 F300
G1 X5.08616848603378 Y30.420505658292512 F300
G1 X5.327137111111113 Y30.20751974270005 F300
G1 X5.635843357572026 Y29.950166755675788 F300
G1 X5.952755480865433 Y29.70183725243075 F300
G1 X6.27730563267331 Y29.462047090623745 F300
G1 X6.608934000000001 Y29.230324169366714 F300
G1 X6.946074717137982 Y29.00686031803506 F300
G1 X7.288509317609703 Y28.79090488519641 F300
G1 X7.635607751443045 Y28.582012303541084 F300
G1 X7.986742888888891 Y28.37974251603338 F300
G1 X8.460321192901839 Y28.119492350984352 F300
G1 X8.937114247183887 Y27.86992893308434 F300
G1 X9.415521111111113 Y27.630009022700047 F300
G1 X9.935113385838203 Y27.37895315194978 F300
G1 X10.457626666666666 Y27.134162217144496 F300
G1 X11.50819888888889 Y26.656624578255606 F300
G1 X11.558716666666667 Y27.04355124492227 F300
G1 X11.43285904849225 Y26.99405615425505 F300
G1 X11.316858819039192 Y26.937390104726877 F300
G1 X11.20968638648836 Y26.874148814838875 F300
G1 X11.110413184313094 Y26.804799301295578 F300
G1 X11.018205795555557 Y26.729693040477834 F300
G1 X10.90970496441668 Y26.625955473152988 F300
G1 X10.810405882136978 Y26.51390823346231 F300
G1 X10.719305631193173 Y26.394088998159788 F300
G1 X10.635486497777778 Y26.266963742700053 F300
G1 X10.535284533153108 Y26.090072336495687 F300
G1 X10.445041569895338 Y25.90386396169727 F300
G1 X10.363016746666666 Y25.709929324922268 F300
G1 X10.253245672764855 Y25.413033554119924 F300
G1 X10.153254515555556 Y25.113155760477824 F300
G1 X10.05626211683214 Y24.814584585227905 F300
G1 X9.958657777777779 Y24.531209022700043 F300
G1 X9.876696488275487 Y24.328200092308833 F300
G1 X9.783751339648665 Y24.132636286236455 F300
G1 X9.682257695473252 Y23.9426450309305 F300
G1 X9.518720381082275 Y23.663435667887576 F300
G1 X9.349350452674896 Y23.387069681136264 F300
G1 X9.237529549753386 Y23.202131213882424 F300
G1 X9.129272891225053 Y23.014483757201265 F300
G1 X9.027042222222223 Y22.8224945782556 F300
G1 X8.949795045039311 Y22.657901003755054 F300
G1 X8.88343828459448 Y22.49218444717593 F300
G1 X8.82745640697209 Y22.325286212169146 F300
G1 X8.781400331276924 Y22.15712639742145 F300
G1 X8.744884822164122 Y21.987607686629417 F300
G1 X8.717585555555555 Y21.816619300477825 F300
G1 X8.69664310108604 Y21.60964910768066 F300
G1 X8.688200155082672 Y21.40080670359238 F300
G1 X8.691887670384512 Y21.190014671084455 F300
G1 X8.707406280997265 Y20.9771943984652 F300
G1 X8.734518888888887 Y20.762272356033378 F300
G1 X8.770930736738702 Y20.553627773213865 F300
G1 X8.815859139814492 Y20.347165855431673 F300
G1 X8.868552150588354 Y20.142650449747332 F300
G1 X8.928280123456792 Y19.939850668790584 F300
G1 X9.017439699629731 Y19.6722696149565 F300
G1 X9.115886554507497 Y19.407470033126966 F300
G1 X9.221853950617284 Y19.145118117350258 F300
G1 X9.390835297122859 Y18.75594442034957 F300
G1 X9.565945555555556 Y18.372273467144492 F300
G1 X9.748684444444443 Y18.690761244922275 F300
G1 X9.420001650031896 Y18.660592470247888 F300
G1 X9.09282582239279 Y18.619048350283656 F300
G1 X8.767380138888889 Y18.56584263381116 F300
G1 X8.44414718676233 Y18.500717283466805 F300
G1 X8.123577773924964 Y18.42341572363772 F300
G1 X7.805866666666667 Y18.33360902270005 F300
G1 X7.3793980208333325 Y18.202159612977827 F300
G1 X7.231925459503618 Y18.15146227399176 F300
G1 X7.084992121466526 Y18.095456711782205 F300
G1 X6.940573333333333 Y18.033007078255604 F300
G1 X6.800213118750558 Y17.962697658175465 F300
G1 X6.667964037118523 Y17.88447579746401 F300
G1 X6.545351979166666 Y17.79723246020005 F300
G1 X6.459648993968479 Y17.724241821666006 F300
G1 X6.3814669172370415 Y17.645199564088436 F300
G1 X6.311279918556988 Y17.55937397121859 F300
G1 X6.249693333333334 Y17.465916800477828 F300
G1 X6.198618499316212 Y17.36845256955412 F300
G1 X6.156410204452381 Y17.26703576503256 F300
G1 X6.122472784359608 Y17.161942070188847 F300
G1 X6.096308917409523 Y17.053408990674626 F300
G1 X6.077506419753088 Y16.94165766467536 F300
G1 X6.064019690229195 Y16.800872391103113 F300
G1 X6.0605111011481885 Y16.65833223048563 F300
G1 X6.066112290811255 Y16.51488634112485 F300
G1 X6.080015061728396 Y16.371396306650666 F300
G1 X6.110200073600163 Y16.181281735106257 F300
G1 X6.150917683192269 Y15.999463531707228 F300
G1 X6.19974 Y15.828040133811161 F300
G1 X6.252408076004467 Y15.675040311439389 F300
G1 X6.3130211032968235 Y15.525003252854885 F300
G1 X6.381437362789891 Y15.378201304395569 F300
G1 X6.457556648696224 Y15.234922808764953 F300
G1 X6.541317083333333 Y15.095479439366715 F300
G1 X6.632333272035049 Y14.960714625885776 F300
G1 X6.730160921487419 Y14.831408079213585 F300
G1 X6.834704690135732 Y14.707822581388658 F300
G1 X6.945910824519701 Y14.590249706154943 F300
G1 X7.063763333333333 Y14.479017911588938 F300
G1 X7.165185333116913 Y14.393309308166081 F300
G1 X7.269638362846609 Y14.313416208742657 F300
G1 X7.376924166666666 Y14.238441106033383 F300
G1 X7.54302521743422 Y14.133148423294786 F300
G1 X7.71485 Y14.033953467144494 F300
G1 X7.936446707818932 Y13.90774264409923 F300
G1 X8.043920866018492 Y13.836319865284459 F300
G1 X8.14274069958848 Y13.756069105004576 F300
G1 X8.201957990903718 Y13.696104806272746 F300
G1 X8.254304870776918 Y13.630048901460516 F300
G1 X8.298767777777778 Y13.556574578255601 F300
G1 X8.33501977648284 Y13.474131715649273 F300
G1 X8.360121231240562 Y13.390508274391077 F300
G1 X8.375208971565248 Y13.305503872739962 F300
G1 X8.381147315555557 Y13.218858436033383 F300
G1 X8.376140970621671 Y13.102569690219562 F300
G1 X8.357868837347958 Y12.983950226857296 F300
G1 X8.327613146666668 Y12.863071040477825 F300
G1 X8.288171643483997 Y12.744384402953553 F300
G1 X8.240608377112352 Y12.625853616451433 F300
G1 X8.186520097777777 Y12.508021938255602 F300
G1 X8.09768772785494 Y12.335615582932626 F300
G1 X8.006222995555555 Y12.172520676033383 F300
G1 X7.835076666666666 Y11.875376800477826 F300
G1 X6.824862222222222 Y10.051233467144495 F300
G1 X6.671359325929747 Y9.770830964388313 F300
G1 X6.5217398765432115 Y9.486642685251493 F300
G1 X6.426344918628083 Y9.294897665238844 F300
G1 X6.335886528638604 Y9.101069400530475 F300
G1 X6.251543456790125 Y8.90480498977824 F300
G1 X6.174491016027707 Y8.705718438932598 F300
G1 X6.105990060204954 Y8.503634993830012 F300
G1 X6.0471988888888895 Y8.29806902270005 F300
G1 X6.0094886371322955 Y8.132671795184997 F300
G1 X5.98074406081955 Y7.963662601368675 F300
G1 X5.961184804809057 Y7.791692866913942 F300
G1 X5.951089804444447 Y7.617420142700052 F300
G1 X5.950759100721589 Y7.443053504934648 F300
G1 X5.960310640947158 Y7.269536676679925 F300
G1 X5.9798992120360195 Y7.097509861016161 F300
G1 X6.009744613333336 Y6.927613716033383 F300
G1 X6.050346188308387 Y6.759742803638424 F300
G1 X6.101432886834179 Y6.5968692725263365 F300
G1 X6.1631866002797455 Y6.439484709304844 F300
G1 X6.23589040888889 Y6.288106062700049 F300
G1 X6.3024435516499935 Y6.171301219146252 F300
G1 X6.376091630722611 Y6.059712544449032 F300
G1 X6.457065052810135 Y5.9535263995892365 F300
G1 X6.545663089110594 Y5.852975737543623 F300
G1 X6.642254284444446 Y5.75835350270005 F300
G1 X6.744586820707869 Y5.672120176182093 F300
G1 X6.855047824972138 Y5.592531688265547 F300
G1 X6.974228878423702 Y5.5199420393826 F300
G1 X7.102811408169961 Y5.454829727655655 F300
G1 X7.241563333333334 Y5.397812356033383 F300
G1 X7.241563333333334 Y5.806046800477827 F300
G1 X6.026737777777779 Y5.308206800477829 F300
G1 X5.451286666666667 Y5.072410133811164 F300
G1 X5.178977500000001 Y4.96578305047783 F300
G1 X5.088476459136452 Y4.92692682054053 F300
G1 X5.001048104571359 Y4.8841076618346815 F300
G1 X4.917886666666668 Y4.835766800477832 F300
G1 X4.850612480932823 Y4.787466777645878 F300
G1 X4.79203362603807 Y4.734883971864206 F300
G1 X4.741725218541093 Y4.678448651625442 F300
G1 X4.699410082304528 Y4.618419105004581 F300
G1 X4.6643041034677095 Y4.553445268217157 F300
G1 X4.6378983018505995 Y4.485893479723725 F300
G1 X4.620153759190112 Y4.415793165808022 F300
G1 X4.611288806584363 Y4.343090421877008 F300
G1 X4.6116168561456625 Y4.2703983795645355 F300
G1 X4.621224089930077 Y4.195970164622944 F300
G1 X4.640803544069172 Y4.119676343979904 F300
G1 X4.671365555555557 Y4.041452356033389 F300
G1 X4.711718457079789 Y3.965452900976065 F300
G1 X4.758122015285132 Y3.8978343130044584 F300
G1 X4.8100238578395835 Y3.837706984885481 F300
G1 X4.867065761316874 Y3.784342685251496 F300
G1 X4.951472518189327 Y3.722312149269275 F300
G1 X5.043305360869818 Y3.6711868775342342 F300
G1 X5.14194497942387 Y3.630212767556022 F300
G1 X5.244617718274056 Y3.59946826515337 F300
G1 X5.351037515555067 Y3.5780476137752215 F300
G1 X5.460317777777779 Y3.565484578255612 F300
G1 X5.593365441912546 Y3.5591650761686164 F300
G1 X5.728085726094071 Y3.559320394920576 F300
G1 X5.864245720164611 Y3.5648521914243374 F300
G1 X6.068422166263567 Y3.58059319461562 F300
G1 X6.272626502057615 Y3.6018180761979988 F300
G1 X6.675425555555557 Y3.6449301338111657 F300
G1 X7.096856543534751 Y3.6851954352603475 F300
G1 X7.5176610793561185 Y3.731008003919925 F300
G1 X7.9376644444444455 Y3.7837834671445 F300
G1 X8.359355124342198 Y3.845597599058334 F300
G1 X8.779220847339275 Y3.9182494644656973 F300
G1 X9.196798888888889 Y4.004057911588946 F300
G1 X9.347794495438073 Y4.038999829654677 F300
G1 X9.501290534979427 Y4.080440833399646 F300
G1 X9.602023318397595 Y4.113641145871329 F300
G1 X9.699613382554526 Y4.1526414926627755 F300
G1 X9.79301946502058 Y4.198749434222689 F300
G1 X9.881141899733908 Y4.253302800137533 F300
G1 X9.962681217966292 Y4.317566419244257 F300
G1 X10.036833333333336 Y4.393383467144499 F300
G1 X10.085090941528863 Y4.458229544464594 F300
G1 X10.122781054181889 Y4.525925547545012 F300
G1 X10.150630531455585 Y4.595941677918121 F300
G1 X10.169059670781897 Y4.667917746979891 F300
G1 X10.178201618410178 Y4.742047281881714 F300
G1 X10.177817723001496 Y4.815793772603794 F300
G1 X10.168069570782775 Y4.888818952494294 F300
G1 X10.148823292181072 Y4.960765113235035 F300
G1 X10.120602698287499 Y5.029246267336409 F300
G1 X10.083221313364275 Y5.094386189821396 F300
G1 X10.03625407366087 Y5.155783946211154 F300
G1 X9.97897777777778 Y5.21281568936672 F300
G1 X9.896157700386675 Y5.275841349348385 F300
G1 X9.806609149676998 Y5.328122613138344 F300
G1 X9.711018230452678 Y5.370807870436679 F300
G1 X9.61143442373932 Y5.404389026582219 F300
G1 X9.508671641984002 Y5.42991210042388 F300
G1 X9.40370436213992 Y5.448241286074538 F300
G1 X9.24513125720097 Y5.463938268024078 F300
G1 X9.09153 Y5.467944578255607 F300
G1 X9.09153 Y5.044611244922274 F300
G1 X9.750887741069455 Y5.105893127101727 F300
G1 X10.410781630572945 Y5.154912929723858 F300
G1 X11.071147106336849 Y5.191690425541926 F300
G1 X11.731920548482208 Y5.216237354723249 F300
G1 X12.393038920338824 Y5.22855740954993 F300
G1 X13.054439408898684 Y5.228646224289197 F300
G1 X13.716059065126299 Y5.2164913702514 F300
G1 X14.377834444444446 Y5.192072356033384 F300
G1 X14.321531111111113 Y5.607785689366717 F300
G1 X13.562635555555557 Y5.39103902270005 F300
G1 X13.514603177680646 Y5.371141591792198 F300
G1 X13.477230130907628 Y5.344040240572609 F300
G1 X13.448712586805556 Y5.311238484505605 F300
G1 X13.42785165982341 Y5.272675086067242 F300
G1 X13.415645403626687 Y5.231310995837108 F300
G1 X13.411770138888892 Y5.187927217144493 F300
G1 X13.41630048921607 Y5.144562091377475 F300
G1 X13.429049391021596 Y5.103012536672927 F300
G1 X13.450260399305556 Y5.064113241450048 F300
G1 X13.478923636420468 Y5.030781930016161 F300
G1 X13.51589998401251 Y5.003205444063337 F300
G1 X13.562635555555557 Y4.982804578255605 F300
G1 X13.915556484298056 Y4.880176806837727 F300
G1 X14.270814252711904 Y4.788105141752422 F300
G1 X14.62827401389651 Y4.706565038955665 F300
G1 X14.987806144361672 Y4.635549017923466 F300
G1 X15.349284856647067 Y4.575066891360786 F300
G1 X15.712586805555556 Y4.5251459671444945 F300
G1 X16.077191721507635 Y4.485868208730976 F300
G1 X16.442575515082773 Y4.457286681897697 F300
G1 X16.808613351408944 Y4.43941157324353 F300
G1 X17.175182254328867 Y4.432270718826189 F300
G1 X17.54215970203895 Y4.435909774258543 F300
G1 X17.909422222222222 Y4.450392356033383 F300
G1 X17.95940922710637 Y4.458161263181341 F300
G1 X18.00055366322007 Y4.473790427886209 F300
G1 X18.034405932412767 Y4.49548512275328 F300
G1 X18.062080190972225 Y4.522292876866718 F300
G1 X18.09070379214637 Y4.566236702654128 F300
G1 X18.107775447858806 Y4.61478263107982 F300
G1 X18.113733472222222 Y4.666398189366718 F300
G1 X18.10822639436964 Y4.717985657712304 F300
G1 X18.091530244848986 Y4.765765920811951 F300
G1 X18.063231128472225 Y4.808333918533384 F300
G1 X18.035778003082346 Y4.833815332069354 F300
G1 X18.001944394514343 Y4.854049940708718 F300
G1 X17.960422755382094 Y4.868014452883837 F300
G1 X17.909422222222222 Y4.873725689366717 F300
G1 X17.79481311739406 Y4.8702879087701305 F300
G1 X17.68393097256341 Y4.85768951022617 F300
G1 X17.57666611320688 Y4.8364082008460985 F300
G1 X17.472919382563987 Y4.806793734158042 F300
G1 X17.37261736409725 Y4.76907553150718 F300
G1 X17.2757275 Y4.723371800477829 F300
G1 X17.164639190566767 Y4.658420366215805 F300
G1 X17.05990756865149 Y4.583019094070492 F300
G1 X16.96161478045595 Y4.49728021074255 F300
G1 X16.86996885121743 Y4.40115570060688 F300
G1 X16.785331111111113 Y4.2944645782556075 F300
G1 X16.765144646010768 Y4.256349829424588 F300
G1 X16.755697557927995 Y4.215298645132734 F300
G1 X16.755865020576138 Y4.1719749074737145 F300
G1 X16.764921498561293 Y4.129067213016679 F300
G1 X16.781812546098646 Y4.088546230682737 F300
G1 X16.80595423868313 Y4.051617582370834 F300
G1 X16.83655236462877 Y4.020366445785466 F300
G1 X16.871842147057805 Y3.9973231183411726 F300
G1 X16.91176666666667 Y3.983596800477829 F300
G1 X17.970914152685175 Y3.7757926936955832 F300
G1 X19.031584823762653 Y3.576383247328247 F300
G1 X20.093784147331633 Y3.3853883793381723 F300
G1 X21.157517777777777 Y3.2028290227000533 F300
G1 X21.204344043229835 Y3.2002235714078537 F300
G1 X21.25293044737295 Y3.207138651079332 F300
G1 X21.301498148148156 Y3.2233214918358555 F300
G1 X21.34615661159112 Y3.247890380610946 F300
G1 X21.383432601655347 Y3.2792366809168922 F300
G1 X21.411800000000003 Y3.317003590601287 F300
G1 X21.425561208485476 Y3.348519857629607 F300
G1 X21.43213732363644 Y3.3828250531939417 F300
G1 X21.430345573536528 Y3.4207332254333074 F300
G1 X21.41786777777778 Y3.463179022700053 F300
G1 X21.349927801199165 Y3.61225950928493 F300
G1 X21.27394420572516 Y3.7555990575671756 F300
G1 X21.190242389837465 Y3.8932077855583107 F300
G1 X21.099087358110822 Y4.025067769433431 F300
G1 X21.000690416666668 Y4.151126557422276 F300
G1 X20.89491391872448 Y4.271615908132304 F300
G1 X20.782935615062804 Y4.385281246671056 F300
G1 X20.664982273628066 Y4.492062383379257 F300
G1 X20.5412380647628 Y4.591860182608325 F300
G1 X20.411851388888888 Y4.684530967144498 F300
G1 X20.277359563403586 Y4.769633505036261 F300
G1 X20.138432562961334 Y4.846718716791088 F300
G1 X19.995218521555866 Y4.915659777756188 F300
G1 X19.847836252718853 Y4.9762774799060665 F300
G1 X19.696382777777778 Y5.028334960200054 F300
G1 X19.542605644232196 Y5.07112347059361 F300
G1 X19.385954283111005 Y5.10470953867541 F300
G1 X19.226490285233307 Y5.128853027815465 F300
G1 X19.064262640235377 Y5.143240690230011 F300
G1 X18.899316666666667 Y5.147481244922277 F300
G1 X19.049035555555555 Y4.78609568936672 F300
G1 X19.177007546786825 Y4.904837360828638 F300
G1 X19.292330134557417 Y5.029721032095648 F300
G1 X19.395928860235994 Y5.160370051203832 F300
G1 X19.488606379196 Y5.296507819476892 F300
G1 X19.571047447916662 Y5.437940828255609 F300
G1 X19.644169340443295 Y5.5852953793468565 F300
G1 X19.70768493520939 Y5.73695200441828 F300
G1 X19.762067112751854 Y5.892635579710378 F300
G1 X19.807728224569335 Y6.052095044199519 F300
G1 X19.845025694444445 Y6.215092633811166 F300
G1 X19.87999423191385 Y6.420881207908014 F300
G1 X19.903017301385486 Y6.629357900573471 F300
G1 X19.914799778329918 Y6.839793909873354 F300
G1 X19.915989149305553 Y7.05145818936672 F300
G1 X19.907204431996945 Y7.263309760244143 F300
G1 X19.889244095197682 Y7.472730864919762 F300
G1 X19.862909363213134 Y7.67888293937434 F300
G1 X19.82895666666666 Y7.880944578255607 F300
G1 X19.77180676964746 Y8.146964393365561 F300
G1 X19.702366603250645 Y8.41108309642323 F300
G1 X19.62301008 Y8.67395176936672 F300
G1 X19.49138773616846 Y9.065014367427798 F300
G1 X19.351545039999994 Y9.45525464047783 F300
G1 X19.212054615081573 Y9.845601188277056 F300
G1 X19.081495626666666 Y10.236957138255608 F300
G1 X19.00325054803488 Y10.500107300322421 F300
G1 X18.935225807060966 Y10.764621203571796 F300
G1 X18.87979592 Y11.03116320936672 F300
G1 X18.84797788204517 Y11.232468271151443 F300
G1 X18.82557962435621 Y11.435727910491714 F300
G1 X18.813667876607152 Y11.641406104366355 F300
G1 X18.81338 Y11.849976800477831 F300
G1 X18.820079870572823 Y11.973624032680164 F300
G1 X18.83344352299928 Y12.09566936000268 F300
G1 X18.853940433113664 Y12.215885216882585 F300
G1 X18.882083472222217 Y12.33404082825561 F300
G1 X18.91837303493714 Y12.449710835633168 F300
G1 X18.9633031342729 Y12.562445709864711 F300
G1 X19.0175511090955 Y12.67213842535033 F300
G1 X19.081914444444443 Y12.778629022700052 F300
G1 X19.16817740737147 Y12.895555275332644 F300
G1 X19.264436288444458 Y13.004268091313946 F300
G1 X19.369269583333335 Y13.105742217144495 F300
G1 X19.480746638806867 Y13.200386169637842 F300
G1 X19.596800671795492 Y13.288603881408356 F300
G1 X19.715785555555556 Y13.371154578255608 F300
G1 X19.96587732563895 Y13.529881026318495 F300
G1 X20.220984238683133 Y13.679926594716516 F300
G1 X20.735433539094654 Y13.973113672905814 F300
G1 X20.989112835929635 Y14.125666268866627 F300
G1 X21.236963333333335 Y14.288659022700054 F300
G1 X21.485571287006152 Y14.468094403825596 F300
G1 X21.727443589328512 Y14.655589002324685 F300
G1 X21.962518503932596 Y14.85098798981338 F300
G1 X22.190720906070876 Y15.054155684635996 F300
G1 X22.411960766387168 Y15.264974018893586 F300
G1 X22.626131666666666 Y15.483340967144496 F300
G1 X22.832800000991988 Y15.708819751556542 F300
G1 X23.0315711384697 Y15.940957707788039 F300
G1 X23.222355728480178 Y16.17963510042705 F300
G1 X23.405047655850407 Y16.424747591883342 F300
G1 X23.579522605540042 Y16.67620464755378 F300
G1 X23.745636666666666 Y16.933927911588945 F300
G1 X23.917673750730096 Y17.221557373983 F300
G1 X24.081230361268585 Y17.517944585919025 F300
G1 X24.234322083333332 Y17.82231055047783 F300
G1 X24.340748906402737 Y18.054680161962665 F300
G1 X24.43877795460528 Y18.289448969981912 F300
G1 X24.527676113836733 Y18.526314256967368 F300
G1 X24.606696666666664 Y18.76498568936672 F300
G1 X24.62902745672106 Y18.852408033598103 F300
G1 X24.644958279583133 Y18.949983822816225 F300
G1 X24.653492497777776 Y19.056264987144502 F300
G1 X24.65367909419813 Y19.16272242044437 F300
G1 X24.645437476741407 Y19.26984172335826 F300
G1 X24.62827424888889 Y19.37557233825561 F300
G1 X24.601239939678745 Y19.47886325506797 F300
G1 X24.564916157136388 Y19.573600301807303 F300
G1 X24.519107306666662 Y19.65844592936672 F300
G1 X24.47671134867582 Y19.716624434409866 F300
G1 X24.428788470104827 Y19.76654899590271 F300
G1 X24.374833329347602 Y19.807996626942696 F300
G1 X24.314057057777774 Y19.8404239471445 F300
G1 X24.26347082034039 Y19.858218474177928 F300
G1 X24.207891770836735 Y19.86980022577238 F300
G1 X24.146377954522247 Y19.874340687837694 F300
G1 X24.077866631288472 Y19.870628938731546 F300
G1 X24.001188888888887 Y19.85704457825561 F300
G1 X24.207069999999998 Y19.503279022700056 F300
G1 X24.26378968827065 Y19.55747828443601 F300
G1 X24.32147460184159 Y19.62046925772475 F300
G1 X24.378579531249994 Y19.691893866450055 F300
G1 X24.430472219898068 Y19.766907135274728 F300
G1 X24.477104395286638 Y19.846244709049707 F300
G1 X24.517002916666662 Y19.929099439366723 F300
G1 X24.548695962356117 Y20.01503390133114 F300
G1 X24.569901389744015 Y20.10097007874056 F300
G1 X24.579517343749995 Y20.18643980395005 F300
G1 X24.578274675035615 Y20.250490286975406 F300
G1 X24.569036096910427 Y20.31326324452858 F300
G1 X24.551066501119195 Y20.374897138519337 F300
G1 X24.523299999999995 Y20.43545902270005 F300
G1 X24.483383284448433 Y20.494847912479294 F300
G1 X24.436391826170183 Y20.543805245407448 F300
G1 X24.383231402430372 Y20.583493714696125 F300
G1 X24.324386249999993 Y20.6146172171445 F300
G1 X24.261175445074727 Y20.63711277183353 F300
G1 X24.195137602040926 Y20.65101630675334 F300
G1 X24.126934352180314 Y20.656570277441446 F300
G1 X24.057209999999994 Y20.65375791158894 F300
G1 X23.927682620618096 Y20.635685918212662 F300
G1 X23.79722510986255 Y20.608864710890987 F300
G1 X23.66613819444444 Y20.575741106033387 F300
G1 X23.281098888888884 Y20.4665034671445 F300
G1 X22.766201628644936 Y20.322832606797256 F300
G1 X22.254439406541252 Y20.169341099159595 F300
G1 X21.745831997548102 Y20.006159344964967 F300
G1 X21.24040109366708 Y19.8334109070572 F300
G1 X20.738170556216417 Y19.6512127842144 F300
G1 X20.23916666666666 Y19.45967568936672 F300
G1 X20.49951666666666 Y19.19932568936672 F300
G1 X20.838606666666657 Y20.98388735603338 F300
G1 X20.95417754323565 Y21.578652897339012 F300
G1 X21.075124699527045 Y22.17190269066238 F300
G1 X21.203943333333324 Y22.762945689366717 F300
G1 X21.267107337470538 Y23.026729846280283 F300
G1 X21.33856382592697 Y23.28853187414215 F300
G1 X21.420866388888882 Y23.54694138381116 F300
G1 X21.491199300341705 Y23.737501142021255 F300
G1 X21.570022476476808 Y23.924406712854477 F300
G1 X21.65848914830105 Y24.107233829124684 F300
G1 X21.75780444444444 Y24.285534578255604 F300
G1 X21.849973874584272 Y24.430630869502547 F300
G1 X21.948661974875293 Y24.570625667941954 F300
G1 X22.052601234567895 Y24.7066571708482 F300
G1 X22.21548863378571 Y24.905558709831624 F300
G1 X22.3827698765432 Y25.101344948625975 F300
G1 X22.54982138638841 Y25.297302557206674 F300
G1 X22.71199777777777 Y25.496691244922268 F300
G1 X22.831451101448142 Y25.657109893497832 F300
G1 X22.941334656439434 Y25.820701397311737 F300
G1 X23.041868728272085 Y25.987833020099686 F300
G1 X23.133232083333326 Y26.158890411588935 F300
G1 X23.215613936760697 Y26.334400734764188 F300
G1 X23.28917567405544 Y26.515033281720683 F300
G1 X23.353918138812652 Y26.701287762815376 F300
G1 X23.409792222222215 Y26.893691244922266 F300
G1 X23.472752480027236 Y27.159730943109547 F300
G1 X23.524331581636442 Y27.42831833247466 F300
G1 X23.567254583333327 Y27.69888888381116 F300
G1 X23.621248681786874 Y28.10645604048993 F300
G1 X23.670847777777762 Y28.513505689366713 F300
G1 X23.778657289811242 Y29.405535569515266 F300
G1 X23.87507083333332 Y30.29907277270005 F300
G1 X23.928998237403867 Y30.895689901116015 F300
G1 X23.971837169669254 Y31.49310402920316 F300
G1 X24.00118888888888 Y32.09151902270005 F300
G1 X24.01180471861938 Y32.49083092140263 F300
G1 X24.01427645171491 Y32.89013161057157 F300
G1 X24.008002988494006 Y33.28924032637323 F300
G1 X23.99237539996968 Y33.687976678819666 F300
G1 X23.96677541666665 Y34.08615985603338 F300
G1 X23.930597983038503 Y34.4833788536477 F300
G1 X23.88325488528271 Y34.87920429362849 F300
G1 X23.82412232173609 Y35.273536339232265 F300
G1 X23.752555198056257 Y35.66627243109779 F300
G1 X23.66788444444443 Y36.057305689366714 F300
G1 X23.652976140952024 Y36.097770503633186 F300
G1 X23.629576547572675 Y36.133117048331044 F300
G1 X23.59876613168723 Y36.163368981547784 F300
G1 X23.56245518901641 Y36.18725046977494 F300
G1 X23.52267949401782 Y36.20384949151475 F300
G1 X23.480415720164594 Y36.21267424903749 F300
G1 X23.437664032037723 Y36.21278404892534 F300
G1 X23.39634112357482 Y36.20353106373064 F300
G1 X23.357016666666645 Y36.183741244922274 F300
G1 X23.18272128309299 Y36.05910509735249 F300
G1 X23.017731110629857 Y35.92733956091575 F300
G1 X22.861417081662232 Y35.78881408107495 F300
G1 X22.713193643384383 Y35.64385095215038 F300
G1 X22.572516059027755 Y35.49273115811672 F300
G1 X22.405873656897608 Y35.29474469421974 F300
G1 X22.249759956681615 Y35.08837694841665 F300
G1 X22.10337519376492 Y34.874230756737695 F300
G1 X21.9659609722222 Y34.652879717144494 F300
G1 X21.83752647226269 Y34.426230129585925 F300
G1 X21.716971329287226 Y34.19437047802193 F300
G1 X21.603618950307805 Y33.95801072355918 F300
G1 X21.496804010416643 Y33.717857651172274 F300
G1 X21.36366890192085 Y33.39361429526663 F300
G1 X21.240097257516368 Y33.06747268266529 F300
G1 X21.124497777777755 Y32.741335689366714 F300
G1 X20.960996222138192 Y32.25308392817438 F300
G1 X20.805817209812055 Y31.76217884299123 F300
G1 X20.65889610091373 Y31.268752227054627 F300
G1 X20.520172679639288 Y30.77293441398556 F300
G1 X20.389591111111088 Y30.274854578255603 F300
G1 X20.2380668641685 Y29.659678701694514 F300
G1 X20.09824958333331 Y29.03992068936671 F300
G1 X20.01463936207753 Y28.624669894584695 F300
G1 X19.940887498135556 Y28.20822840923637 F300
G1 X19.878768888888867 Y27.79059346714449 F300
G1 X19.84493896613409 Y27.496361097838168 F300
G1 X19.822967290908593 Y27.202196429126097 F300
G1 X19.814704444444423 Y26.90863857002515 F300
G1 X19.818665647527773 Y26.68848959383706 F300
G1 X19.832234549960383 Y26.469750149934146 F300
G1 X19.85619552693982 Y26.25251324381597 F300
G1 X19.891374814814796 Y26.036875030930496 F300
G1 X19.92798537946951 Y25.86641106130659 F300
G1 X19.972693368400172 Y25.697210926733185 F300
G1 X20.026005742374096 Y25.52924600092176 F300
G1 X20.08847606054491 Y25.362499837239994 F300
G1 X20.16070888888887 Y25.196971244922263 F300
G1 X20.526186666666646 Y25.410613467144493 F300
G1 X20.350175187024238 Y25.635244839785866 F300
G1 X20.165785402015054 Y25.849911883825087 F300
G1 X19.973322567436636 Y26.05486596197806 F300
G1 X19.773053231840986 Y26.250327183379273 F300
G1 X19.5652093431961 Y26.436483295446465 F300
G1 X19.34999248263887 Y26.613488675477825 F300
G1 X19.12712504662638 Y26.781791288535608 F300
G1 X18.89800357262218 Y26.940570247971458 F300
G1 X18.662869153207005 Y27.089949385996647 F300
G1 X18.42194259327395 Y27.230025174137133 F300
G1 X18.175427878831037 Y27.360866184678297 F300
G1 X17.923515694444422 Y27.482512633811155 F300
G1 X17.6673999465895 Y27.594555144596487 F300
G1 X17.407296192397514 Y27.69709000343307 F300
G1 X17.143440811590843 Y27.790173341464715 F300
G1 X16.876060114722705 Y27.87383788589038 F300
G1 X16.605373220164818 Y27.948092676797444 F300
G1 X16.331594947916646 Y28.01292284214449 F300
G1 X16.055869507922687 Y28.068119920989588 F300
G1 X15.77861687417641 Y28.113690213065766 F300
G1 X15.500076808723017 Y28.149662676669017 F300
G1 X15.220483976940752 Y28.176044619219162 F300
G1 X14.94007056267141 Y28.192821503175267 F300
G1 X14.65906888888887 Y28.199956800477825 F300
G1 X14.379645753222867 Y28.197269401815934 F300
G1 X14.100600238418231 Y28.184676108831084 F300
G1 X13.822138888888869 Y28.162139022700043 F300
G1 X13.514584609053482 Y28.1222150309305 F300
G1 X13.407836774971996 Y28.111161927338177 F300
G1 X13.302017254261077 Y28.105883400449464 F300
G1 X13.198124650205742 Y28.1089767181733 F300
G1 X13.121268270008137 Y28.118488969496696 F300
G1 X13.046973754546325 Y28.13532268491288 F300
G1 X12.97525369566581 Y28.16065013317327 F300
G1 X12.906186666666645 Y28.195864578255602 F300
G1 X12.82891691815887 Y28.24895242348474 F300
G1 X12.756659234692332 Y28.31083435810953 F300
G1 X12.688258847736607 Y28.380103425992235 F300
G1 X12.592780169888906 Y28.49189709848772 F300
G1 X12.501720411522614 Y28.609090174963427 F300
G1 X12.411614306117455 Y28.725954839833904 F300
G1 X12.321422222222202 Y28.83368680047782 F300
G1 X12.159932982563392 Y29.00411262346103 F300
G1 X11.9906770236084 Y29.166391525869226 F300
G1 X11.814432796625061 Y29.321145545183523 F300
G1 X11.631953333333312 Y29.46896902270004 F300
G1 X11.366481231254149 Y29.66732214208112 F300
G1 X11.092808970432293 Y29.85571296319119 F300
G1 X10.811680174707654 Y30.03502460252254 F300
G1 X10.523828683127554 Y30.2061230144696 F300
G1 X10.132900416285327 Y30.421854149106426 F300
G1 X9.734664219936468 Y30.625853634355206 F300
G1 X9.33116279835389 Y30.8200713272268 F300
G1 X8.720351878815652 Y31.09737730636695 F300
G1 X8.113347777777758 Y31.36183346714449 F300
G1 X7.563600140667116 Y31.59344608604347 F300
G1 X7.0102285812190015 Y31.815126125231227 F300
G1 X6.45327362492702 Y32.02684599598889 F300
G1 X5.892773166470978 Y32.228572227300454 F300
G1 X5.32876270880981 Y32.420265329298395 F300
G1 X4.761275603771088 Y32.6018796602995 F300
G1 X4.190343293928697 Y32.77336329752544 F300
G1 X3.615995555555536 Y32.934657911588936 F300
G1 X3.5658070694118416 Y32.942766699648445 F300
G1 X3.522193545162371 Y32.940112548598215 F300
G1 X3.484009859073026 Y32.92909969294819 F300
G1 X3.4503267013888697 Y32.91103502964449 F300
G1 X3.4112815209577834 Y32.87637479948871 F300
G1 X3.381908370669247 Y32.833509659315126 F300
G1 X3.3623130555555365 Y32.78409235603338 F300
G1 X3.3538457321361226 Y32.73161769963963 F300
G1 X3.3571614434132764 Y32.6798905922654 F300
G1 X3.372988993055537 Y32.63037384908893 F300
G1 X3.3926999473063817 Y32.59783413400267 F300
G1 X3.419889433178031 Y32.569088143582945 F300
G1 X3.4560398478269714 Y32.54478549423637 F300
G1 X3.50338888888887 Y32.52642346714449 F300
G1 X4.074953146063415 Y32.36603180048271 F300
G1 X4.643300082102939 Y32.19564960917207 F300
G1 X5.208345279616374 Y32.015247723441156 F300
G1 X5.770002700004927 Y31.8247907292515 F300
G1 X6.328184353176441 Y31.62423696481043 F300
G1 X6.882799968417509 Y31.413538520892576 F300
G1 X7.433756666666647 Y31.192641244922267 F300
G1 X7.922253458772218 Y30.986562413221513 F300
G1 X8.40712591380985 Y30.772217224399512 F300
G1 X8.888372835907852 Y30.549856775119014 F300
G1 X9.365991111111093 Y30.319727911588934 F300
G1 X9.78929511446718 Y30.107911152187214 F300
G1 X10.208071666666648 Y29.88651680047782 F300
G1 X10.482932064138737 Y29.731230436579416 F300
G1 X10.753064090108857 Y29.56814279626456 F300
G1 X11.017555555555537 Y29.395732356033378 F300
G1 X11.204889055951334 Y29.263835628727758 F300
G1 X11.3871463807671 Y29.12555126053984 F300
G1 X11.563858819876398 Y28.980228490238282 F300
G1 X11.734541111111094 Y28.827195689366715 F300
G1 X11.895999535168961 Y28.665406404883502 F300
G1 X12.048019444444428 Y28.496431244922267 F300
G1 X12.342024444444428 Y28.147040133811156 F300
G1 X12.416846488777962 Y28.063147779165217 F300
G1 X12.494899399154892 Y27.98611942325094 F300
G1 X12.576714433396633 Y27.916491494133133 F300
G1 X12.662858194444429 Y27.854834300477822 F300
G1 X12.753970342573957 Y27.801764564423777 F300
G1 X12.850771380069741 Y27.75799023216559 F300
G1 X12.95434723764599 Y27.724278430254735 F300
G1 X13.065924444444427 Y27.70169346714449 F300
G1 X13.164366641439631 Y27.691450766199907 F300
G1 X13.262829027180457 Y27.688041030831435 F300
G1 X13.361442469135786 Y27.69020075109511 F300
G1 X13.509366486358706 Y27.701154022483696 F300
G1 X13.657430864197513 Y27.71765470171239 F300
G1 X13.952384444444428 Y27.750376800477824 F300
G1 X14.229724757372566 Y27.768160180737855 F300
G1 X14.506962268208492 Y27.776080066419453 F300
G1 X14.783946291373159 Y27.77418570425166 F300
G1 X15.060528129770024 Y27.7625026425169 F300
G1 X15.336558738489598 Y27.74103277479288 F300
G1 X15.61188638888887 Y27.709754439366712 F300
G1 X15.885916972262468 Y27.66869611884943 F300
G1 X16.158044757072588 Y27.617928900443626 F300
G1 X16.42812735904566 Y27.557454901573777 F300
G1 X16.696018682692046 Y27.487251802199257 F300
G1 X16.96156649256691 Y27.407273014517454 F300
G1 X17.224609999999984 Y27.317447911588932 F300
G1 X17.453094705985134 Y27.23015420580725 F300
G1 X17.678443591288048 Y27.134869465385982 F300
G1 X17.900407622064716 Y27.031620185993788 F300
G1 X18.11872977153028 Y26.92041340485014 F300
G1 X18.333142304526735 Y26.801237335457245 F300
G1 X18.5430041246189 Y26.67428903335852 F300
G1 X18.747670097667402 Y26.53981758144564 F300
G1 X18.94690751988336 Y26.397824537277494 F300
G1 X19.14047031132723 Y26.24828960410552 F300
G1 X19.328095843621384 Y26.091171450683582 F300
G1 X19.509199276041446 Y25.926694830570646 F300
G1 X19.68325333468001 Y25.755081901553176 F300
G1 X19.85002976666742 Y25.57627142118691 F300
G1 X20.00927552197348 Y25.39017713586812 F300
G1 X20.160708888888873 Y25.196689022700042 F300
G1 X20.19472459962479 Y25.158807131410153 F300
G1 X20.230086169339145 Y25.131844261071222 F300
G1 X20.266164507046557 Y25.113802502798766 F300
G1 X20.302726197916652 Y25.103328588672266 F300
G1 X20.35417869606018 Y25.100055877709682 F300
G1 X20.402936270311386 Y25.108761828543955 F300
G1 X20.44827569444443 Y25.12830305047782 F300
G1 X20.487912031979906 Y25.15761724929626 F300
G1 X20.51939280552103 Y25.195132677149484 F300
G1 X20.541411232638872 Y25.240881053950044 F300
G1 X20.549724234374885 Y25.27733315656235 F300
G1 X20.551051963254032 Y25.31733001997939 F300
G1 X20.543963338911382 Y25.36147126366566 F300
G1 X20.52618666666665 Y25.41033124492227 F300
G1 X20.452906992202987 Y25.58164212433055 F300
G1 X20.39181737874026 Y25.75546692080894 F300
G1 X20.341979515234822 Y25.931690636404237 F300
G1 X20.302546460905337 Y26.11022667702104 F300
G1 X20.272762828699534 Y26.290914987394466 F300
G1 X20.25196646708851 Y26.473103783406575 F300
G1 X20.239426720289455 Y26.6565650895642 F300
G1 X20.234442057613155 Y26.841072479490172 F300
G1 X20.238334735590797 Y27.087241474305472 F300
G1 X20.252666300077685 Y27.332657275312407 F300
G1 X20.27571444444443 Y27.576527911588936 F300
G1 X20.326507700814272 Y27.966528418116877 F300
G1 X20.390908365674562 Y28.355727097393963 F300
G1 X20.466355555555538 Y28.74406360603338 F300
G1 X20.5943165494306 Y29.323428753645334 F300
G1 X20.73192666666665 Y29.89752346714449 F300
G1 X20.883198399243888 Y30.491617705242778 F300
G1 X21.046094891871842 Y31.082475643424836 F300
G1 X21.220603434459512 Y31.669997002698373 F300
G1 X21.406719999999982 Y32.25407902270004 F300
G1 X21.5148429453488 Y32.57672572599741 F300
G1 X21.627628353171723 Y32.89799258558798 F300
G1 X21.74709763888887 Y33.216844856033376 F300
G1 X21.875222044704863 Y33.53211303523065 F300
G1 X22.013980900844988 Y33.842672158329016 F300
G1 X22.16547444444443 Y34.147649022700044 F300
G1 X22.283637515098995 Y34.36300450868073 F300
G1 X22.40995109027585 Y34.573405271286 F300
G1 X22.545047654320978 Y34.77789828195931 F300
G1 X22.652612783019016 Y34.92691699534623 F300
G1 X22.765510076771058 Y35.071297206386724 F300
G1 X22.884043482463543 Y35.210692342703595 F300
G1 X23.008534938271595 Y35.344741615292634 F300
G1 X23.13896361070826 Y35.47272702448446 F300
G1 X23.275814866850688 Y35.59444856931924 F300
G1 X23.41951314298722 Y35.70956624472291 F300
G1 X23.570517777777766 Y35.81769902270005 F300
G1 X23.259649999999983 Y35.9441345782556 F300
G1 X23.33499235356128 Y35.59823465778597 F300
G1 X23.399409546662675 Y35.2516886943098 F300
G1 X23.453483433564042 Y34.9044744766754 F300
G1 X23.49777663375133 Y34.55656692494216 F300
G1 X23.53283449652776 Y34.20793874492227 F300
G1 X23.564493947895354 Y33.770781837876065 F300
G1 X23.583528798570388 Y33.33276114396278 F300
G1 X23.590949062934747 Y32.893941194186866 F300
G1 X23.5877509722222 Y32.45438624492227 F300
G1 X23.574954182956184 Y32.01502068788784 F300
G1 X23.553566620752907 Y31.575588978265067 F300
G1 X23.52459016840405 Y31.136241609994794 F300
G1 X23.489023906249976 Y30.697129578255602 F300
G1 X23.43308241853498 Y30.11233929108578 F300
G1 X23.36969765079104 Y29.52974796813631 F300
G1 X23.301277777777752 Y28.949821244922262 F300
G1 X23.208691249999973 Y28.148012477561156 F300
G1 X23.17308473156903 Y27.879059861032058 F300
G1 X23.131284518249696 Y27.61166102749144 F300
G1 X23.08096805555553 Y27.34685193936671 F300
G1 X23.03605992261536 Y27.14981751607292 F300
G1 X22.984125095634834 Y26.955664816107408 F300
G1 X22.924172631775576 Y26.764692081007475 F300
G1 X22.855190277777755 Y26.577203276172266 F300
G1 X22.793024184623423 Y26.43042080315188 F300
G1 X22.72390977553078 Y26.286217601436526 F300
G1 X22.647225719238058 Y26.144667844512387 F300
G1 X22.562307130427584 Y26.005865872494105 F300
G1 X22.46843999999998 Y25.869930133811156 F300
G1 X22.31204867606431 Y25.667486881217393 F300
G1 X22.14847839506171 Y25.470836553564247 F300
G1 X21.81638123456788 Y25.08152667702103 F300
G1 X21.656201465171616 Y24.882246145250768 F300
G1 X21.505356666666646 Y24.67528346714449 F300
G1 X21.39887861449024 Y24.509179980282237 F300
G1 X21.302022312556375 Y24.337799792775165 F300
G1 X21.21400632124258 Y24.161649168331184 F300
G1 X21.13409333333331 Y23.9812108282556 F300
G1 X21.039217637820997 Y23.735542811455204 F300
G1 X20.956363112040734 Y23.485883626957857 F300
G1 X20.883903333333315 Y23.233692356033377 F300
G1 X20.805692113192045 Y22.922738370949347 F300
G1 X20.735452908741575 Y22.60950439271833 F300
G1 X20.670966666666647 Y22.29461555047782 F300
G1 X20.490203333333312 Y21.34844791158893 F300
G1 X20.091564444444423 Y19.31108568936671 F300
G1 X20.087825574575625 Y19.26315489820434 F300
G1 X20.09432342726066 Y19.214517605682193 F300
G1 X20.11048901234566 Y19.166634948625973 F300
G1 X20.135387512960882 Y19.12277197339699 F300
G1 X20.167278656430142 Y19.08620542404271 F300
G1 X20.205707654320964 Y19.058308652329675 F300
G1 X20.237683689680143 Y19.044685134568653 F300
G1 X20.272277390330302 Y19.038019626446797 F300
G1 X20.310115079311313 Y19.03936220997832 F300
G1 X20.35191444444442 Y19.050735689366707 F300
G1 X20.82452636321193 Y19.23243340473053 F300
G1 X21.300046837807116 Y19.40579751378137 F300
G1 X21.77848610067702 Y19.570695994895612 F300
G1 X22.259856250446184 Y19.726991753270546 F300
G1 X22.74417111111109 Y19.874542356033373 F300
G1 X23.14423441890896 Y19.98941574658302 F300
G1 X23.545961945688553 Y20.09838573256574 F300
G1 X23.94940111111109 Y20.200650133811152 F300
G1 X24.01620415637858 Y20.217285565909922 F300
G1 X24.10150843621397 Y20.235332109119796 F300
G1 X24.138382370060285 Y20.238951889156894 F300
G1 X24.15118999999998 Y20.235786800477822 F300
G1 X24.15322347872399 Y20.225077195229296 F300
G1 X24.150731388888865 Y20.19528791158893 F300
G1 X24.139901111111083 Y20.13954902270004 F300
G1 X24.117229050244546 Y20.074594372944773 F300
G1 X24.08628746856991 Y20.012928987436297 F300
G1 X24.048267083333307 Y19.954340689366706 F300
G1 X23.981504841320486 Y19.873361248038336 F300
G1 X23.908055555555528 Y19.80172902270004 F300
G1 X23.872482774132063 Y19.761178244812886 F300
G1 X23.85191378039802 Y19.71977364545442 F300
G1 X23.843129010416632 Y19.677793779644485 F300
G1 X23.844740163401717 Y19.634339026876823 F300
G1 X23.855982643771803 Y19.5923573590909 F300
G1 X23.876111527777745 Y19.55235041158893 F300
G1 X23.90359700028382 Y19.516726990273927 F300
G1 X23.93724444251862 Y19.486679163039746 F300
G1 X23.976536336805523 Y19.46315496020004 F300
G1 X24.019351981759318 Y19.448094023084174 F300
G1 X24.06512330059893 Y19.442479745576623 F300
G1 X24.113936666666635 Y19.447963467144486 F300
G1 X24.141099860186337 Y19.448251593532405 F300
G1 X24.16346114373835 Y19.437024262066107 F300
G1 X24.183211197916638 Y19.414685498394483 F300
G1 X24.204568259049474 Y19.369575854670426 F300
G1 X24.220563749999968 Y19.308845550477816 F300
G1 X24.230279354474952 Y19.24482159821573 F300
G1 X24.23540026041664 Y19.183982060894486 F300
G1 X24.237126666666637 Y19.093633467144485 F300
G1 X24.230699059071277 Y19.01369171732779 F300
G1 X24.216919418544762 Y18.93336317637226 F300
G1 X24.19685251028804 Y18.852620915704154 F300
G1 X24.158192161270428 Y18.733328118697454 F300
G1 X24.112583045267456 Y18.615496759325556 F300
G1 X24.01755777777774 Y18.388501244922264 F300
G1 X23.90422126234181 Y18.124337609101982 F300
G1 X23.78112682184336 Y17.86430724089079 F300
G1 X23.64872861111107 Y17.6085095782556 F300
G1 X23.50763710892186 Y17.357359947324387 F300
G1 X23.35850078923326 Y17.11129010739328 F300
G1 X23.201794444444406 Y16.87042791158893 F300
G1 X23.03840806371956 Y16.636368361825387 F300
G1 X22.867284432191543 Y16.408028657831515 F300
G1 X22.68858136773474 Y16.185542400151185 F300
G1 X22.502439470545117 Y15.969054849497246 F300
G1 X22.308983609978526 Y15.758724654403208 F300
G1 X22.108324444444403 Y15.55472555047782 F300
G1 X21.900929917040337 Y15.357587985842956 F300
G1 X21.68731443888376 Y15.167820569358604 F300
G1 X21.467613412435107 Y14.98556435164309 F300
G1 X21.241946939526066 Y14.810975390961776 F300
G1 X21.010421408436006 Y14.644226511090306 F300
G1 X20.773131111111073 Y14.485509022700038 F300
G1 X20.48625176347857 Y14.30984536604942 F300
G1 X20.187777386666628 Y14.137609173811153 F300
G1 X19.888779307531586 Y13.964599799765628 F300
G1 X19.597126915555513 Y13.784737698255599 F300
G1 X19.45507148980977 Y13.68938284495634 F300
G1 X19.318379486114644 Y13.590384995736144 F300
G1 X19.187846123174765 Y13.486954813730263 F300
G1 X19.064259751111067 Y13.378302702700038 F300
G1 X18.947381247524415 Y13.262543030874525 F300
G1 X18.83929498821501 Y13.139920888626074 F300
G1 X18.740663413554216 Y13.009363943378613 F300
G1 X18.652255946666628 Y12.869712293811151 F300
G1 X18.59128771842937 Y12.75431258238277 F300
G1 X18.537354373830738 Y12.631666749545024 F300
G1 X18.491027053739895 Y12.500831827072501 F300
G1 X18.453018441388043 Y12.360776323928363 F300
G1 X18.424195555555514 Y12.210374578255596 F300
G1 X18.400318930997575 Y12.012921653313247 F300
G1 X18.38874177423179 Y11.817081179118604 F300
G1 X18.388440596780697 Y11.622527220937036 F300
G1 X18.398478337777743 Y11.428935111588933 F300
G1 X18.418019541732775 Y11.235751676374381 F300
G1 X18.446201911953455 Y11.043178051739286 F300
G1 X18.48219582484132 Y10.851060273564755 F300
G1 X18.52518821333329 Y10.659247378255598 F300
G1 X18.591470569301435 Y10.405638954677373 F300
G1 X18.66646684018415 Y10.152862429905953 F300
G1 X18.748167475555512 Y9.900803378255596 F300
G1 X18.878330791383814 Y9.52529551979399 F300
G1 X19.011258417777736 Y9.15309511158893 F300
G1 X19.14077312697368 Y8.781698424824725 F300
G1 X19.25830333333329 Y8.415614578255598 F300
G1 X19.320199170436105 Y8.195777574600474 F300
G1 X19.37560763427005 Y7.966716891175996 F300
G1 X19.422812924444404 Y7.729742329366711 F300
G1 X19.45935863350571 Y7.491071988792873 F300
G1 X19.484191749095846 Y7.25023503187382 F300
G1 X19.495794462222182 Y7.008587787144486 F300
G1 X19.494840843114446 Y6.827066247178728 F300
G1 X19.484886005588088 Y6.647713411404165 F300
G1 X19.46537438702358 Y6.470960762777922 F300
G1 X19.435707093333292 Y6.297234258255596 F300
G1 X19.403936053386335 Y6.159607054477034 F300
G1 X19.36494577159585 Y6.02503127903943 F300
G1 X19.318396793865173 Y5.893614172939514 F300
G1 X19.26389973432211 Y5.765477400473374 F300
G1 X19.201009964444403 Y5.640765049366708 F300
G1 X19.130356187701803 Y5.521422266395721 F300
G1 X19.050660035498204 Y5.405958648970989 F300
G1 X18.961258403353796 Y5.2944801791732345 F300
G1 X18.861384267282933 Y5.187162726583348 F300
G1 X18.75016222222218 Y5.084263467144485 F300
G1 X18.718920270885192 Y5.050179402349695 F300
G1 X18.699166786281047 Y5.013779510793654 F300
G1 X18.68883498897012 Y4.9756743197023505 F300
G1 X18.686876502057576 Y4.936039310765883 F300
G1 X18.696515817617303 Y4.882978447418175 F300
G1 X18.718496737660097 Y4.83337428215302 F300
G1 X18.751876460905308 Y4.788975401300862 F300
G1 X18.782995816863775 Y4.761647594437779 F300
G1 X18.81803313818571 Y4.740957269824958 F300
G1 X18.856926252006577 Y4.727593983703461 F300
G1 X18.899881111111064 Y4.722877911588929 F300
G1 X19.066941776660226 Y4.71739228620515 F300
G1 X19.23229015008681 Y4.699320614897702 F300
G1 X19.395634448788563 Y4.669086186051378 F300
G1 X19.556665138888842 Y4.626981887283374 F300
G1 X19.714358164779807 Y4.573437535398932 F300
G1 X19.867532186930244 Y4.50904396976488 F300
G1 X20.01582773014548 Y4.434092546953767 F300
G1 X20.15883916666662 Y4.348774717144485 F300
G1 X20.295502791557155 Y4.25363713928746 F300
G1 X20.42471364796003 Y4.1493908592559015 F300
G1 X20.546083778786873 Y4.036221359223645 F300
G1 X20.659148611111064 Y3.914225255338929 F300
G1 X20.742784377915576 Y3.810897349120445 F300
G1 X20.819965212309278 Y3.702746070909235 F300
G1 X20.890473675570366 Y3.589783655469836 F300
G1 X20.954040957794504 Y3.471986792281716 F300
G1 X21.010338888888846 Y3.3493023560333723 F300
G1 X21.270688888888852 Y3.6096523560333718 F300
G1 X20.206920215898606 Y3.792194538783203 F300
G1 X19.144682936818658 Y3.9831573568667054 F300
G1 X18.084010809052245 Y4.182559362385484 F300
G1 X17.024937777777737 Y4.390420133811148 F300
G1 X17.151373333333293 Y4.0795523560333695 F300
G1 X17.208084504017627 Y4.150024006884733 F300
G1 X17.27021445474839 Y4.212711169486702 F300
G1 X17.33732203420632 Y4.267977510256958 F300
G1 X17.409097840066245 Y4.316061590244283 F300
G1 X17.485330416666628 Y4.3570649949222595 F300
G1 X17.58567314300977 Y4.397942141694871 F300
G1 X17.69020708114262 Y4.427003698084883 F300
G1 X17.79845366294952 Y4.4442215225971875 F300
G1 X17.909986666666626 Y4.4492634671444815 F300
G1 X17.909986666666626 Y4.872596800477815 F300
G1 X17.551242455229872 Y4.858386824303054 F300
G1 X17.193275171761787 Y4.854691139077769 F300
G1 X16.836128113364747 Y4.861456494525686 F300
G1 X16.479843851754335 Y4.878646971124911 F300
G1 X16.124465281155523 Y4.906243935352881 F300
G1 X15.770036666666627 Y4.944245967144482 F300
G1 X15.416877214945188 Y4.992627339623944 F300
G1 X15.065304667150254 Y5.0513472861240345 F300
G1 X14.715362737939303 Y5.1204078233298596 F300
G1 X14.367097980032703 Y5.199828157019909 F300
G1 X14.020560833313898 Y5.289644545179795 F300
G1 X13.67580666666663 Y5.3899101338111475 F300
G1 X13.67580666666663 Y4.981675689366703 F300
G1 X14.434702222222183 Y5.19842235603337 F300
G1 X14.477125961686358 Y5.214935671027076 F300
G1 X14.510873947701597 Y5.23635504464158 F300
G1 X14.537433227055583 Y5.261566362371181 F300
G1 X14.557845920138847 Y5.290007876866704 F300
G1 X14.576690588991944 Y5.3336057152843885 F300
G1 X14.584903980995598 Y5.379672185183233 F300
G1 X14.58302763888885 Y5.427234022700038 F300
G1 X14.571319746808621 Y5.473454601345493 F300
G1 X14.550360273128156 Y5.516098247151842 F300
G1 X14.519970815972181 Y5.5539826685333695 F300
G1 X14.49234643238957 Y5.576914336653887 F300
G1 X14.460008105503785 Y5.595171203043288 F300
G1 X14.422317504214414 Y5.608009773208163 F300
G1 X14.378398888888848 Y5.6141356893667025 F300
G1 X13.716623610627373 Y5.638548906770111 F300
G1 X13.055003791899944 Y5.650689703355275 F300
G1 X12.39360299447437 Y5.650583524975228 F300
G1 X11.732484285073529 Y5.638247751434066 F300
G1 X11.071710594419702 Y5.613691704404419 F300
G1 X10.41134507645385 Y5.576916660518943 F300
G1 X9.751451467412345 Y5.527915869635537 F300
G1 X9.092094444444404 Y5.466674578255594 F300
G1 X9.04325484631721 Y5.456799877962404 F300
G1 X9.002616367000883 Y5.4395991861193895 F300
G1 X8.968874652432461 Y5.4166702815870815 F300
G1 X8.941103350694405 Y5.38890030742226 F300
G1 X8.912196575312487 Y5.344125222735972 F300
G1 X8.894753478484569 Y5.295410889523541 F300
G1 X8.88831236111107 Y5.244318744922261 F300
G1 X8.89327673153321 Y5.193279361809079 F300
G1 X8.909491210231623 Y5.146457489070292 F300
G1 X8.937412413194405 Y5.105081765755594 F300
G1 X8.964558223078837 Y5.080628711057387 F300
G1 X8.998321125193609 Y5.06130385120737 F300
G1 X9.040172381598396 Y5.048180421230843 F300
G1 X9.092094444444404 Y5.04334124492226 F300
G1 X9.18703680678116 Y5.0422090095657595 F300
G1 X9.285966950580649 Y5.0363777528504405 F300
G1 X9.38648749999996 Y5.023532772700038 F300
G1 X9.46057350326662 Y5.007998127554485 F300
G1 X9.531510076921677 Y4.9866458301471415 F300
G1 X9.598618630931966 Y4.958625736352117 F300
G1 X9.661195555555517 Y4.922973467144481 F300
G1 X9.699572811374804 Y4.892863962141802 F300
G1 X9.725644380204365 Y4.863392960862585 F300
G1 X9.742228494113945 Y4.83464593770338 F300
G1 X9.751297613168688 Y4.806347746979872 F300
G1 X9.75333011312974 Y4.765881597310373 F300
G1 X9.74372538770071 Y4.7255266701036405 F300
G1 X9.722740905349758 Y4.68479881693872 F300
G1 X9.69379852540957 Y4.648156956565744 F300
G1 X9.656109125168904 Y4.613230679601808 F300
G1 X9.609831111111074 Y4.580779022700035 F300
G1 X9.531471981708206 Y4.538160673656895 F300
G1 X9.448351034310825 Y4.502140750498164 F300
G1 X9.361094032921775 Y4.471700133811146 F300
G1 X9.226739182551668 Y4.435028931774817 F300
G1 X9.08965374485593 Y4.405613096774109 F300
G1 X8.821443333333297 Y4.35514235603337 F300
G1 X8.512864998097644 Y4.296862594534782 F300
G1 X8.203121184048378 Y4.245266380555866 F300
G1 X7.892367777777739 Y4.199779022700037 F300
G1 X7.404874864519863 Y4.139200707416358 F300
G1 X6.916108194444407 Y4.08861874492226 F300
G1 X6.42662556827688 Y4.04475766822619 F300
G1 X5.936991111111073 Y4.004340133811149 F300
G1 X5.674325843621362 Y3.981239722288515 F300
G1 X5.581022148534085 Y3.977666980824901 F300
G1 X5.488707692456506 Y3.9797540849600748 F300
G1 X5.398897860082267 Y3.9895286934819305 F300
G1 X5.332960855293582 Y4.0034334540275225 F300
G1 X5.270789788161519 Y4.023654071181651 F300
G1 X5.212583531856559 Y4.0510667853213995 F300
G1 X5.158622222222184 Y4.0867490227000385 F300
G1 X5.125250354967572 Y4.116312860366851 F300
G1 X5.09247550885589 Y4.15319407918786 F300
G1 X5.063001805555517 Y4.196392356033373 F300
G1 X5.040884040120084 Y4.24281885549765 F300
G1 X5.02910913879726 Y4.2893131955761135 F300
G1 X5.0295055555555175 Y4.335245689366705 F300
G1 X5.0401761761969555 Y4.3717988198614375 F300
G1 X5.0586420865114 Y4.4040399624827264 F300
G1 X5.083875144032885 Y4.433030463029256 F300
G1 X5.130125817853702 Y4.469946466706171 F300
G1 X5.18327485596704 Y4.501056471259709 F300
G1 X5.287597777777741 Y4.5488879115889285 F300
G1 X5.801041851074246 Y4.7678872567277555 F300
G1 X6.318484999999963 Y4.979170967144484 F300
G1 X7.354875555555519 Y5.396542356033373 F300
G1 X7.401300457309675 Y5.420978896663838 F300
G1 X7.438004519103986 Y5.450602379626167 F300
G1 X7.466248779376601 Y5.484126573560831 F300
G1 X7.486798765432062 Y5.520850792247367 F300
G1 X7.5000672464744795 Y5.561443319868007 F300
G1 X7.504898195441384 Y5.602294078636637 F300
G1 X7.5015524111320335 Y5.642957540674151 F300
G1 X7.489652345678975 Y5.683008364263826 F300
G1 X7.4701149683725445 Y5.718961349155665 F300
G1 X7.442157373306196 Y5.751799494878677 F300
G1 X7.404431606263659 Y5.780876302270518 F300
G1 X7.354875555555519 Y5.804776800477818 F300
G1 X7.24354034328315 Y5.8510495226985215 F300
G1 X7.141094410038441 Y5.904477150653383 F300
G1 X7.046776280766417 Y5.96448690557122 F300
G1 X6.959917826691823 Y6.0306483985190695 F300
G1 X6.87994635555552 Y6.1026567115889305 F300
G1 X6.787691396558928 Y6.202091906086642 F300
G1 X6.705656642234017 Y6.309477213388412 F300
G1 X6.633237854302158 Y6.424336977790153 F300
G1 X6.569981688888851 Y6.546298756033375 F300
G1 X6.516453171364757 Y6.6727468052002905 F300
G1 X6.47173533985704 Y6.804039227209049 F300
G1 X6.435529267432047 Y6.939620125571006 F300
G1 X6.407607955555518 Y7.078942400477818 F300
G1 X6.388013795702694 Y7.219592218629586 F300
G1 X6.37632830668171 Y7.361085122203447 F300
G1 X6.372232789660652 Y7.502726517472858 F300
G1 X6.375451555555518 Y7.64382711158893 F300
G1 X6.390910000003562 Y7.83156581244881 F300
G1 X6.418126867444346 Y8.012186011528257 F300
G1 X6.456138888888852 Y8.184192356033373 F300
G1 X6.511710091031075 Y8.378403661561979 F300
G1 X6.57643639687389 Y8.568942814728473 F300
G1 X6.649210246913543 Y8.75635610088934 F300
G1 X6.771003463052346 Y9.03253228215216 F300
G1 X6.904558641975271 Y9.303903796362592 F300
G1 X7.045911970497413 Y9.57147039470577 F300
G1 X7.191045555555518 Y9.83618013381115 F300
G1 X8.118286666666629 Y11.510322356033372 F300
G1 X8.402588971193378 Y12.016320668790573 F300
G1 X8.493500675841293 Y12.18950205086586 F300
G1 X8.577491590785865 Y12.36512994959155 F300
G1 X8.65186436213988 Y12.543799228461355 F300
G1 X8.699799107770293 Y12.680463909830607 F300
G1 X8.739535765180653 Y12.819185066793658 F300
G1 X8.769985414334965 Y12.960442462114571 F300
G1 X8.789975555555516 Y13.104736800477816 F300
G1 X8.795945731590498 Y13.214604259827285 F300
G1 X8.792256901302014 Y13.31842262378481 F300
G1 X8.779784925556463 Y13.416808944931754 F300
G1 X8.759220182700899 Y13.510341111226952 F300
G1 X8.7310799588477 Y13.599550751095105 F300
G1 X8.684530027520491 Y13.708253836632249 F300
G1 X8.626958217707726 Y13.810855800456643 F300
G1 X8.558855358704193 Y13.907901951653965 F300
G1 X8.480524115226299 Y13.999820257267942 F300
G1 X8.394833214303445 Y14.084453080352567 F300
G1 X8.30061276814071 Y14.164002523282468 F300
G1 X8.198210352474037 Y14.238590052692459 F300
G1 X8.087947777777739 Y14.308273467144483 F300
G1 X7.758312222222184 Y14.495915967144484 F300
G1 X7.6504877549373465 Y14.561245181359977 F300
G1 X7.545493255206588 Y14.63122747127316 F300
G1 X7.44433999999996 Y14.707900133811147 F300
G1 X7.332100680838448 Y14.804923734744829 F300
G1 X7.225557725255242 Y14.908044757385467 F300
G1 X7.12512016554269 Y15.017032504054265 F300
G1 X7.031232041577171 Y15.131697312576414 F300
G1 X6.9443833333332945 Y15.25188346714448 F300
G1 X6.845681990982911 Y15.408822844468634 F300
G1 X6.7579808115901825 Y15.57152802048629 F300
G1 X6.6816511109405266 Y15.739634862085806 F300
G1 X6.617164305555518 Y15.912830272700036 F300
G1 X6.5746242024549115 Y16.054368223427137 F300
G1 X6.5405398899771585 Y16.197844002347637 F300
G1 X6.515133679901764 Y16.34314778256358 F300
G1 X6.49868929994573 Y16.49018433006306 F300
G1 X6.491557777777739 Y16.638864578255593 F300
G1 X6.492548756411557 Y16.74229097659781 F300
G1 X6.499446225886534 Y16.844931661446726 F300
G1 X6.513335925925888 Y16.94592758237082 F300
G1 X6.5355185000975595 Y17.045038600971942 F300
G1 X6.5668149992722835 Y17.13985599974063 F300
G1 X6.608397777777739 Y17.229879722288516 F300
G1 X6.646618968371206 Y17.2930977604592 F300
G1 X6.691824551454169 Y17.352991508529165 F300
G1 X6.744905461140431 Y17.409385541872492 F300
G1 X6.806941111111073 Y17.461965689366707 F300
G1 X6.89468613909674 Y17.522688425830644 F300
G1 X6.9879032375862185 Y17.57752384247614 F300
G1 X7.085860288065807 Y17.627279969202096 F300
G1 X7.237529236059669 Y17.69309375085085 F300
G1 X7.393127119341527 Y17.751264372494276 F300
G1 X7.701585555555517 Y17.854677911588926 F300
G1 X7.987645420217631 Y17.94452604695272 F300
G1 X8.276008472072137 Y18.023987876893077 F300
G1 X8.566578687324977 Y18.093098606505308 F300
G1 X8.859268047292177 Y18.151869155530754 F300
G1 X9.153994543286199 Y18.200285712980868 F300
G1 X9.450680166396241 Y18.238309349581236 F300
G1 X9.74924888888885 Y18.265875689366705 F300
G1 X9.803991953889817 Y18.275666688410755 F300
G1 X9.849524879433009 Y18.294448800665506 F300
G1 X9.88703082304523 Y18.320600668790576 F300
G1 X9.917823998472935 Y18.354436782342102 F300
G1 X9.939835278889865 Y18.393563810978243 F300
G1 X9.9530028806584 Y18.437728117350247 F300
G1 X9.956448553658014 Y18.483780409324645 F300
G1 X9.949966376261278 Y18.532686086509305 F300
G1 X9.93198777777774 Y18.58436346714448 F300
G1 X9.767834766055328 Y18.943987019532592 F300
G1 X9.603714791111075 Y19.322414089366706 F300
G1 X9.500501349199498 Y19.57878883886206 F300
G1 X9.404167641987858 Y19.839416984757005 F300
G1 X9.317043617777738 Y20.103678578255597 F300
G1 X9.259078933288484 Y20.304212217764892 F300
G1 X9.20890334777637 Y20.50515291361186 F300
G1 X9.167397407555201 Y20.706334384278346 F300
G1 X9.135453937777738 Y20.90759986714448 F300
G1 X9.113859470551382 Y21.110410035296916 F300
G1 X9.103888876432654 Y21.312314992744543 F300
G1 X9.106423084370746 Y21.513367101099703 F300
G1 X9.122425431111072 Y21.71362088936671 F300
G1 X9.145407956634426 Y21.871985702968004 F300
G1 X9.178095723744175 Y22.029784347742016 F300
G1 X9.221145879936797 Y22.187166524979805 F300
G1 X9.275309068956904 Y22.344263931893718 F300
G1 X9.341437777777738 Y22.501184578255597 F300
G1 X9.432873434252246 Y22.685711162997045 F300
G1 X9.532463186989212 Y22.865489973774597 F300
G1 X9.637750205761279 Y23.042079146156837 F300
G1 X9.962535720164569 Y23.566887047391397 F300
G1 X10.065290616890763 Y23.74479603009062 F300
G1 X10.16114508646032 Y23.92665585994078 F300
G1 X10.247653333333293 Y24.114084578255593 F300
G1 X10.340404640508575 Y24.347105848230036 F300
G1 X10.424669382716012 Y24.58303338483996 F300
G1 X10.582023950617245 Y25.058975030930494 F300
G1 X10.662175364571116 Y25.296457005286427 F300
G1 X10.748033333333293 Y25.531969022700043 F300
G1 X10.809738922886039 Y25.684415920205186 F300
G1 X10.878828697606933 Y25.83563905568904 F300
G1 X10.956684403292142 Y25.983190092658894 F300
G1 X11.021690672848305 Y26.08992705224719 F300
G1 X11.092383190028068 Y26.191168089340717 F300
G1 X11.169380087919132 Y26.28612759918814 F300
G1 X11.25335744855963 Y26.37398424903749 F300
G1 X11.325621444579333 Y26.438198796032864 F300
G1 X11.402953742114228 Y26.496715132226964 F300
G1 X11.485938320478741 Y26.549159265431726 F300
G1 X11.575239418022225 Y26.59504751517334 F300
G1 X11.671605555555514 Y26.633764578255597 F300
G1 X11.719568842357292 Y26.6583943168342 F300
G1 X11.760170929631407 Y26.694398768689183 F300
G1 X11.7928565843621 Y26.739880133811155 F300
G1 X11.815286121447013 Y26.79133009133802 F300
G1 X11.825625834662418 Y26.844064809024385 F300
G1 X11.823075267489672 Y26.89632531899634 F300
G1 X11.81206992534455 Y26.932795775590776 F300
G1 X11.792780028233611 Y26.966003978580606 F300
G1 X11.76368751042314 Y26.99567736165344 F300
G1 X11.722123333333291 Y27.020691244922265 F300
G1 X10.820624709789383 Y27.428235327267917 F300
G1 X9.915378559027737 Y27.85070459561671 F300
G1 X9.465715985564945 Y28.069334074510227 F300
G1 X9.019129829029286 Y28.29440561208943 F300
G1 X8.576611385547361 Y28.526980368022024 F300
G1 X8.13915347222218 Y28.768123050477822 F300
G1 X7.793072518285547 Y28.96817729950294 F300
G1 X7.451771840386154 Y29.17473141073097 F300
G1 X7.115695723381551 Y29.3883511961402 F300
G1 X6.785291181793207 Y29.609607844529105 F300
G1 X6.46100942708329 Y29.839079213672264 F300
G1 X6.195771565105653 Y30.037010199131117 F300
G1 X5.935493231176945 Y30.241298583612764 F300
G1 X5.680394960586913 Y30.452320853236934 F300
G1 X5.43070492827828 Y30.67046310510009 F300
G1 X5.186660167707278 Y30.896121997795966 F300
G1 X4.948507777777735 Y31.12970568936671 F300
G1 X4.730598691876852 Y31.35714183837134 F300
G1 X4.520789426666109 Y31.59081329790213 F300
G1 X4.319188883622963 Y31.830829418281077 F300
G1 X4.125922075351047 Y32.07731455971469 F300
G1 X3.941131817546638 Y32.33040781467024 F300
G1 X3.764980382652566 Y32.590262696922 F300
G1 X3.5976511111110687 Y32.857046800477825 F300
G1 X3.5670992992240107 Y32.89751279457937 F300
G1 X3.5337519063346186 Y32.92582813733608 F300
G1 X3.4984568271443726 Y32.94445289223943 F300
G1 X3.4614678645832915 Y32.9549316095056 F300
G1 X3.4090360142896774 Y32.957279763397395 F300
G1 X3.3579114993815655 Y32.94707000412885 F300
G1 X3.3093434722221797 Y32.92543277270004 F300
G1 X3.2666210653101038 Y32.89384375972254 F300
G1 X3.2330027494059763 Y32.8546325342813 F300
G1 X3.2100034548610688 Y32.808330394227816 F300
G1 X3.2016335100937843 Y32.771456300144436 F300
G1 X3.201311316118473 Y32.73206043467649 F300
G1 X3.2105872927754424 Y32.68954671412018 F300
G1 X3.2321733333332907 Y32.6434045782556 F300
G1 X3.231750000000001 Y32.6434045782556 F300
G1 X3.231750000000001 Y32.644815689366716 F300;svg#Layer_2 > g#Layer_2-2 > path
G0 X12.563286666666666 Y25.064609022700044
G1 X12.476052966010139 Y25.093210805853822 F300
G1 X12.38773030880839 Y25.108245794120364 F300
G1 X12.298400205761318 Y25.11113387866713 F300
G1 X12.208977450842106 Y25.102953451522517 F300
G1 X12.120422849725367 Y25.084796880441537 F300
G1 X12.033200164609056 Y25.057595277844083 F300
G1 X11.948624400043261 Y25.02249025628752 F300
G1 X11.86824671011396 Y24.980917950626658 F300
G1 X11.792678888888888 Y24.933940133811163 F300
G1 X11.685444385437963 Y24.858975315074034 F300
G1 X11.5796429218107 Y24.777369516527212 F300
G1 X11.512301740817254 Y24.718957560022115 F300
G1 X11.449070461966237 Y24.657110183269154 F300
G1 X11.390940781893004 Y24.591353714058073 F300
G1 X11.338875370707278 Y24.521093243435324 F300
G1 X11.294202357783536 Y24.446184914990305 F300
G1 X11.257867777777776 Y24.365826800477826 F300
G1 X11.229696233331971 Y24.276048942704882 F300
G1 X11.213084924606138 Y24.186834763007578 F300
G1 X11.206976477484645 Y24.098104246542086 F300
G1 X11.21060657986111 Y24.009739526172275 F300
G1 X11.223431282164253 Y23.921812854088433 F300
G1 X11.244805635989664 Y23.835260396370693 F300
G1 X11.274215284842866 Y23.750206260171677 F300
G1 X11.311260694444444 Y23.666815272700045 F300
G1 X11.370720635501321 Y23.560654451443032 F300
G1 X11.440560533459216 Y23.460535910173938 F300
G1 X11.519626684027777 Y23.367150394227828 F300
G1 X11.606911979436 Y23.281320265357643 F300
G1 X11.69928584394399 Y23.205701410682323 F300
G1 X11.795501111111111 Y23.140841244922267 F300
G1 X11.898508065234815 Y23.084789707311426 F300
G1 X12.011760636886242 Y23.035654479838662 F300
G1 X12.133788541666664 Y22.994965428950046 F300
G1 X12.25878839183935 Y22.965332094800342 F300
G1 X12.38529132058181 Y22.947607926843155 F300
G1 X12.511604722222222 Y22.94295055047783 F300
G1 X12.606186051368756 Y22.94896994608729 F300
G1 X12.69734414798789 Y22.96367166016482 F300
G1 X12.784681493893405 Y22.987460515931854 F300
G1 X12.86777798611111 Y23.020925463672274 F300
G1 X12.930242875570121 Y23.054813659231037 F300
G1 X12.98900253124604 Y23.0954499982947 F300
G1 X13.04393995336317 Y23.143455336649673 F300
G1 X13.094797034080862 Y23.199641915818592 F300
G1 X13.141136666666666 Y23.26501902270005 F300
G1 X13.187508141288866 Y23.34633618665773 F300
G1 X13.229207638888889 Y23.431494856033382 F300
G1 X13.302991111111114 Y23.604955689366715 F300
G1 X13.338446277571428 Y23.702067823895185 F300
G1 X13.365732638888892 Y23.803922356033382 F300
G1 X13.377584149123559 Y23.87317634043756 F300
G1 X13.383171539085183 Y23.94241429043094 F300
G1 X13.381590000000001 Y24.01135568936671 F300
G1 X13.371816608322545 Y24.074934591333268 F300
G1 X13.353768755249755 Y24.132276007553312 F300
G1 X13.328037423683947 Y24.18343675666536 F300
G1 X13.294753750000002 Y24.228331661588935 F300
G1 X13.254207341962733 Y24.266124216577154 F300
G1 X13.20656037320245 Y24.29603297842074 F300
G1 X13.150950003193238 Y24.31745940222814 F300
G1 X13.086103333333336 Y24.328996800477825 F300
G1 X13.015962692386788 Y24.328164844643947 F300
G1 X12.95405720891302 Y24.31531660710299 F300
G1 X12.8974025 Y24.293119300477823 F300
G1 X12.816491241346956 Y24.24599278525138 F300
G1 X12.734736666666668 Y24.18718013381116 F300
G1 X12.696213333333336 Y24.16248568936672 F300
G1 X12.684483472222224 Y24.16278555047783 F300
G1 X12.683231111111114 Y24.161497911588942 F300
G1 X12.645166388888892 Y24.177143606033386 F300
G1 X12.628196542858579 Y24.1883265608247 F300
G1 X12.618320000000004 Y24.19861013381116 F300
G1 X12.596251921188633 Y24.240976968614376 F300
G1 X12.581367296350907 Y24.287311979393493 F300
G1 X12.572882222222226 Y24.33568193936672 F300
G1 X12.571049916194507 Y24.40781017589989 F300
G1 X12.579514444444447 Y24.464181244922276 F300
G1 X12.589251111111114 Y24.498612356033387 F300
G1 X12.592292839506177 Y24.510617253152734 F300
G1 X12.588843456790126 Y24.502835236691823 F300
G1 X12.595177777777781 Y24.51286457825561 F300
G1 X12.610400138888894 Y24.534295828255605 F300
G1 X12.612341462817506 Y24.53766945373031 F300
G1 X12.602233333333336 Y24.53106791158894 F300
G1 X12.615797638888893 Y24.53787652270005 F300
G1 X12.619731111111113 Y24.541510133811165 F300
G1 X12.62280419753087 Y24.539555483605408 F300
G1 X12.636413580246916 Y24.540548487720635 F300
G1 X12.630737777777782 Y24.542074578255615 F300
G1 X12.65421513888889 Y24.541280828255616 F300
G1 X12.682243333333336 Y24.531914578255616 F300
G1 X12.719016240702603 Y24.51102079983984 F300
G1 X12.754978152597326 Y24.477587773031907 F300
G1 X12.790246250000003 Y24.43313680047784 F300
G1 X12.835809770349456 Y24.36072437815472 F300
G1 X12.873166666666666 Y24.29244902270006 F300
G1 X12.8974664682594 Y24.257517550081992 F300
G1 X12.927729027761462 Y24.23004294974114 F300
G1 X12.962855200178634 Y24.209416674218946 F300
G1 X13.002177500000002 Y24.19559388381117 F300
G1 X13.04358459679562 Y24.189243529386427 F300
G1 X13.084685866047865 Y24.190519638690397 F300
G1 X13.124686568062026 Y24.19943359221942 F300
G1 X13.16272666666667 Y24.21653124492228 F300
G1 X13.19825769581638 Y24.242652391743608 F300
G1 X13.225709280070904 Y24.273386613030187 F300
G1 X13.245920992132366 Y24.307895034047814 F300
G1 X13.259211388888891 Y24.345753744922277 F300
G1 X13.265268172703346 Y24.38563676225683 F300
G1 X13.264001834226296 Y24.425972114440526 F300
G1 X13.25531765682211 Y24.466304559633635 F300
G1 X13.238644444444446 Y24.50609124492228 F300
G1 X13.174015028560744 Y24.616550103486578 F300
G1 X13.10009946502058 Y24.71859412558072 F300
G1 X13.04432893477398 Y24.7806045335558 F300
G1 X12.983636924570998 Y24.835428897999613 F300
G1 X12.917308312757203 Y24.882209845745326 F300
G1 X12.864206296530766 Y24.910998020542106 F300
G1 X12.807213155868727 Y24.934315902535385 F300
G1 X12.745677697254376 Y24.95162128836437 F300
G1 X12.678856666666668 Y24.962162356033392 F300
G1 X12.61548420138585 Y24.964103732354456 F300
G1 X12.555692437866622 Y24.95787301357122 F300
G1 X12.499245424814596 Y24.944290389931606 F300
G1 X12.445950164609059 Y24.923879434222695 F300
G1 X12.379370091353282 Y24.886292665680234 F300
G1 X12.319993323955433 Y24.83846816973264 F300
G1 X12.268014279835393 Y24.78092342599224 F300
G1 X12.225317296321407 Y24.71603252240142 F300
G1 X12.19200511834393 Y24.644048412584077 F300
G1 X12.168881111111112 Y24.565216800477835 F300
G1 X12.15555006075412 Y24.486522900026554 F300
G1 X12.14902836160105 Y24.405780874140657 F300
G1 X12.149831111111117 Y24.323843631753558 F300
G1 X12.158457914298022 Y24.242510969597777 F300
G1 X12.175247006735542 Y24.163267167071965 F300
G1 X12.200678148148151 Y24.086829228461372 F300
G1 X12.235184861673696 Y24.014407447728402 F300
G1 X12.279155058158091 Y23.94723496488976 F300
G1 X12.333557777777779 Y23.885907911588944 F300
G1 X12.37871926512126 Y23.847064807368206 F300
G1 X12.427487566887907 Y23.814044682670904 F300
G1 X12.479572500000002 Y23.786777356033394 F300
G1 X12.534389314675936 Y23.76546012129014 F300
G1 X12.591252188025233 Y23.750300654088342 F300
G1 X12.64992888888889 Y23.74141013381117 F300
G1 X12.723953790039511 Y23.740837720250155 F300
G1 X12.789664414554897 Y23.752121362579107 F300
G1 X12.849953888888889 Y23.772895550477834 F300
G1 X12.936326535154006 Y23.81895230784158 F300
G1 X13.023732222222225 Y23.879416800477834 F300
G1 X13.057193194444448 Y23.90437582825561 F300
G1 X13.07350258501552 Y23.913603568053645 F300
G1 X13.078060000000002 Y23.91229568936672 F300
G1 X13.065360000000002 Y23.9082034671445 F300
G1 X13.025281234002238 Y23.91769648326241 F300
G1 X12.995605654646772 Y23.935476272601097 F300
G1 X12.973966020537453 Y23.96165865043234 F300
G1 X12.959667777777781 Y23.998232356033387 F300
G1 X12.95982652777778 Y23.966694022700054 F300
G1 X12.960091111111113 Y23.934732356033386 F300
G1 X12.944583137459125 Y23.85211338107695 F300
G1 X12.917352083333336 Y23.7704084671445 F300
G1 X12.847202222222228 Y23.614974578255605 F300
G1 X12.794691250000005 Y23.507730133811165 F300
G1 X12.76368143186302 Y23.456733040850665 F300
G1 X12.73487777777778 Y23.424192356033384 F300
G1 X12.69511817990906 Y23.399148021108772 F300
G1 X12.649896752905063 Y23.382769727342474 F300
G1 X12.60027541666667 Y23.373286522700056 F300
G1 X12.523969635678394 Y23.36870169173656 F300
G1 X12.453078888888893 Y23.37000568936672 F300
G1 X12.367333423271974 Y23.377369614529997 F300
G1 X12.28159665386431 Y23.393538635446554 F300
G1 X12.196515773134443 Y23.41828705670553 F300
G1 X12.112797283950622 Y23.45153132722681 F300
G1 X12.032757934889261 Y23.492449052686403 F300
G1 X11.95743279611585 Y23.54051241128628 F300
G1 X11.887467924902863 Y23.595493072506105 F300
G1 X11.82359790123457 Y23.657297458914048 F300
G1 X11.767028123048632 Y23.725499407872924 F300
G1 X11.719205514166696 Y23.799133802791054 F300
G1 X11.680746621814652 Y23.878330631371636 F300
G1 X11.652555555555558 Y23.963377911588942 F300
G1 X11.639424218476485 Y24.02882648449868 F300
G1 X11.634721243620994 Y24.092403575083036 F300
G1 X11.639269610012073 Y24.155396074744985 F300
G1 X11.65424888888889 Y24.219071244922276 F300
G1 X11.671669370886773 Y24.258838904532283 F300
G1 X11.697588612905124 Y24.298543225939255 F300
G1 X11.731030972222225 Y24.33834541158894 F300
G1 X11.787397217943226 Y24.393516647829312 F300
G1 X11.84728888888889 Y24.445131244922276 F300
G1 X11.935160250237839 Y24.516497249979135 F300
G1 X12.02930131687243 Y24.584167500066307 F300
G1 X12.095499882574941 Y24.623345345043838 F300
G1 X12.16290700577239 Y24.654315591083847 F300
G1 X12.231790534979426 Y24.675288693481942 F300
G1 X12.284373677592086 Y24.683268810108295 F300
G1 X12.33805571301604 Y24.683667341659465 F300
G1 X12.393468375735775 Y24.675342849179096 F300
G1 X12.451244444444447 Y24.65665680047783 F300
G1 X12.487294508050027 Y24.646830163668234 F300
G1 X12.52341816265841 Y24.646036968291153 F300
G1 X12.559539382716054 Y24.653165607062196 F300
G1 X12.594123188640348 Y24.66715490693259 F300
G1 X12.626262560053283 Y24.686939843731007 F300
G1 X12.655322469135807 Y24.711794660560138 F300
G1 X12.680179667515485 Y24.740819139603495 F300
G1 X12.699094184534685 Y24.7719673159234 F300
G1 X12.711594444444446 Y24.804541244922273 F300
G1 X12.719306804398922 Y24.850735139213253 F300
G1 X12.717251340735945 Y24.89213195937326 F300
G1 X12.707181925851462 Y24.929605894080137 F300
G1 X12.689986805555556 Y24.963873328255612 F300
G1 X12.657142071704408 Y25.004400310202687 F300
G1 X12.61474932047982 Y25.038184006421865 F300
G1 X12.563710000000002 Y25.064891244922276 F300
G1 X12.563710000000002 Y25.064891244922276 F300
G1 X12.563286666666666 Y25.064609022700044 F300;svg#Layer_2 > g#Layer_2-2 > path
G0 X19.36752333333333 Y23.12165013381116
G1 X19.240837714299403 Y23.180027358799244 F300
G1 X19.110216397985095 Y23.23259214757149 F300
G1 X18.97636333333333 Y23.27681486632145 F300
G1 X18.874089458318785 Y23.30297700795403 F300
G1 X18.771774978050626 Y23.321641898881218 F300
G1 X18.66950061668887 Y23.331900367300317 F300
G1 X18.56732925925926 Y23.332762808708278 F300
G1 X18.46639370528957 Y23.32328414795102 F300
G1 X18.36593351662092 Y23.302374559632867 F300
G1 X18.26563095686149 Y23.26857311087146 F300
G1 X18.165256666666668 Y23.2200045782556 F300
G1 X18.09381008551922 Y23.17399258196783 F300
G1 X18.031280977224178 Y23.122503388753298 F300
G1 X17.976688798707357 Y23.066071842953114 F300
G1 X17.92923009471643 Y23.00505131843517 F300
G1 X17.888271234567906 Y22.93965338483997 F300
G1 X17.845652576386737 Y22.85226811026743 F300
G1 X17.81229932822061 Y22.760076836699348 F300
G1 X17.787514600751678 Y22.66375290608743 F300
G1 X17.770741358024694 Y22.56394243833791 F300
G1 X17.760163448248314 Y22.429229142503598 F300
G1 X17.761537715421923 Y22.295443291610333 F300
G1 X17.77325 Y22.164775689366714 F300
G1 X17.791969509411533 Y22.05839156065195 F300
G1 X17.81973069950626 Y21.957897764926674 F300
G1 X17.855964022170202 Y21.86297354536612 F300
G1 X17.900281358024692 Y21.77335437249429 F300
G1 X17.953070492307265 Y21.687958042236687 F300
G1 X18.01324843122949 Y21.60837032635838 F300
G1 X18.080633617622258 Y21.534499192438172 F300
G1 X18.15515938271605 Y21.466348858090996 F300
G1 X18.235174288120273 Y21.405203795190644 F300
G1 X18.321379343396906 Y21.35034687112422 F300
G1 X18.413768817313496 Y21.301939583341404 F300
G1 X18.51239 Y21.26025346714449 F300
G1 X18.611243197452414 Y21.227820026546354 F300
G1 X18.713036526378573 Y21.203254941721724 F300
G1 X18.81715472222222 Y21.186223050477825 F300
G1 X18.92230412698413 Y21.17650966984177 F300
G1 X19.027162912743627 Y21.17379495947628 F300
G1 X19.13102111111111 Y21.17770346714449 F300
G1 X19.21811100816253 Y21.187189887498786 F300
G1 X19.298015774273217 Y21.203569878628656 F300
G1 X19.370781307155692 Y21.2275616838296 F300
G1 X19.436438472222225 Y21.259988883811157 F300
G1 X19.483857800913004 Y21.29271899793589 F300
G1 X19.526731677212453 Y21.332327276688613 F300
G1 X19.565034819208186 Y21.38004821223687 F300
G1 X19.598422220244775 Y21.437484937626305 F300
G1 X19.626180000000005 Y21.50663346714449 F300
G1 X19.656960608250923 Y21.617101031053167 F300
G1 X19.67867995246825 Y21.729794337679188 F300
G1 X19.691749482547795 Y21.844411231500818 F300
G1 X19.69648469135803 Y21.960661080313216 F300
G1 X19.693194725507993 Y22.076966493539224 F300
G1 X19.682287944244628 Y22.192974725081545 F300
G1 X19.66410750582134 Y22.308279346523364 F300
G1 X19.638942716049385 Y22.422465483605396 F300
G1 X19.594989584017288 Y22.572062954373287 F300
G1 X19.54049537629858 Y22.715516101358663 F300
G1 X19.476319999999998 Y22.851845689366716 F300
G1 X19.451805570502273 Y22.887633615160205 F300
G1 X19.42158427231892 Y22.91488111062148 F300
G1 X19.386731462271737 Y22.934705027467746 F300
G1 X19.347814814814818 Y22.947560833399642 F300
G1 X19.29292266089536 Y22.95344465198128 F300
G1 X19.238746832121777 Y22.946860523236644 F300
G1 X19.187418518518523 Y22.928003878667127 F300
G1 X19.153457343167958 Y22.90611834628906 F300
G1 X19.125223734617094 Y22.878173151141567 F300
G1 X19.103384902410703 Y22.843622730828436 F300
G1 X19.08939333333333 Y22.801327911588935 F300
G1 X19.073088423389255 Y22.740360416140874 F300
G1 X19.04996544210424 Y22.684734921224223 F300
G1 X19.02050059016497 Y22.634314917856102 F300
G1 X18.98490055555555 Y22.589079161588938 F300
G1 X18.943288419764116 Y22.549309780234303 F300
G1 X18.896329707899483 Y22.51584335918621 F300
G1 X18.843870912331866 Y22.488900774794054 F300
G1 X18.785581111111107 Y22.469011244922267 F300
G1 X18.737197274175113 Y22.46040092880632 F300
G1 X18.678918749999994 Y22.458974717144493 F300
G1 X18.620393749700394 Y22.46752982622742 F300
G1 X18.56516555555555 Y22.48820235603338 F300
G1 X18.540984211349326 Y22.50254351669484 F300
G1 X18.52417277777777 Y22.516177633811157 F300
G1 X18.510313894556596 Y22.532459698076572 F300
G1 X18.496726666666657 Y22.554947911588933 F300
G1 X18.48917158275403 Y22.570854486079693 F300
G1 X18.48190999999999 Y22.59756346714449 F300
G1 X18.48254499999999 Y22.614955411588934 F300
G1 X18.481486666666658 Y22.620705689366712 F300
G1 X18.48612844525597 Y22.677578382338783 F300
G1 X18.478546217522258 Y22.7313540943202 F300
G1 X18.459296944444432 Y22.780990272700045 F300
G1 X18.43746842230931 Y22.81394018600894 F300
G1 X18.409659498734847 Y22.84200817369181 F300
G1 X18.375359054157265 Y22.8647296096621 F300
G1 X18.33360222222221 Y22.88105568936671 F300
G1 X18.298251403545706 Y22.887194275231202 F300
G1 X18.26178891169356 Y22.88692841558025 F300
G1 X18.224868271604933 Y22.88047033957248 F300
G1 X18.189398891465732 Y22.868214594438502 F300
G1 X18.15666825385248 Y22.85067586996241 F300
G1 X18.127423209876536 Y22.82801881693873 F300
G1 X18.103001492805504 Y22.800677461741422 F300
G1 X18.08465027528615 Y22.769190064678416 F300
G1 X18.073252222222212 Y22.733171244922268 F300
G1 X18.063208857555082 Y22.654036480910253 F300
G1 X18.06360720524726 Y22.579409654945962 F300
G1 X18.073235133333913 Y22.508933084939898 F300
G1 X18.091261527777768 Y22.44227289422782 F300
G1 X18.117866860991132 Y22.37778860982308 F300
G1 X18.151788301408047 Y22.31801861609715 F300
G1 X18.192548987055275 Y22.262889580895514 F300
G1 X18.23986916666666 Y22.212453606033378 F300
G1 X18.292583206485084 Y22.167705363090217 F300
G1 X18.350228769926495 Y22.128804801355916 F300
G1 X18.41254102708241 Y22.095950624386482 F300
G1 X18.479334722222216 Y22.069497026172264 F300
G1 X18.548170741253017 Y22.05047664550498 F300
G1 X18.619654541346048 Y22.038764958174966 F300
G1 X18.69362294600041 Y22.034791724332703 F300
G1 X18.769917777777767 Y22.03918680047782 F300
G1 X18.856530122835974 Y22.05372595360136 F300
G1 X18.940252104720855 Y22.076871619840695 F300
G1 X19.020831171543215 Y22.108188482547206 F300
G1 X19.09796452674896 Y22.147408570025153 F300
G1 X19.17089862321828 Y22.19414994865901 F300
G1 X19.2383333085529 Y22.24754383559614 F300
G1 X19.299952720800498 Y22.30734642355015 F300
G1 X19.355330288065833 Y22.373442438337904 F300
G1 X19.40327699296694 Y22.444788924168932 F300
G1 X19.443302821391825 Y22.52107547427483 F300
G1 X19.474938534492903 Y22.602341605984407 F300
G1 X19.497486666666656 Y22.688721244922267 F300
G1 X19.11055999999999 Y22.638203467144486 F300
G1 X19.156003253018298 Y22.541849574846626 F300
G1 X19.193931703916398 Y22.442576679249406 F300
G1 X19.224343552336794 Y22.34071024984824 F300
G1 X19.247155555555544 Y22.236548328255598 F300
G1 X19.26213499973207 Y22.13099629983265 F300
G1 X19.26915038581277 Y22.024883497624746 F300
G1 X19.2681187133967 Y21.91850131723895 F300
G1 X19.258867777777766 Y21.812139022700045 F300
G1 X19.24427743308375 Y21.72077226522127 F300
G1 X19.221332222222202 Y21.6312345782556 F300
G1 X19.21517624999998 Y21.616206244922267 F300
G1 X19.211454444444424 Y21.6071045782556 F300
G1 X19.218102839667292 Y21.612115624676896 F300
G1 X19.21200320987652 Y21.61264972228853 F300
G1 X19.184141604938254 Y21.607533137926385 F300
G1 X19.17377777777776 Y21.60442346714449 F300
G1 X19.073180244151082 Y21.5954620296983 F300
G1 X18.96080583333332 Y21.597191522700044 F300
G1 X18.848086505949265 Y21.609436871343654 F300
G1 X18.742118888888875 Y21.6312345782556 F300
G1 X18.651711972962126 Y21.65978685648855 F300
G1 X18.566232873367458 Y21.696977120841893 F300
G1 X18.486461286324378 Y21.74271589533111 F300
G1 X18.413259444444428 Y21.7971283282556 F300
G1 X18.360325053926108 Y21.84689942019703 F300
G1 X18.31355437624044 Y21.901709793181293 F300
G1 X18.273263773241535 Y21.96183725770077 F300
G1 X18.239953854298385 Y22.027705120801205 F300
G1 X18.21436333333332 Y22.0998645782556 F300
G1 X18.19221804854731 Y22.203421623509293 F300
G1 X18.181837222222207 Y22.31119610603338 F300
G1 X18.181805067824648 Y22.41952195343866 F300
G1 X18.190374444444426 Y22.52390346714449 F300
G1 X18.205896325671702 Y22.609814094538834 F300
G1 X18.233695555555542 Y22.692936939366714 F300
G1 X18.2604666235988 Y22.7442321584144 F300
G1 X18.294626542208565 Y22.790253541703578 F300
G1 X18.337553333333318 Y22.8301145782556 F300
G1 X18.384924375166207 Y22.86014313199381 F300
G1 X18.437120856335124 Y22.882824410371118 F300
G1 X18.493657499999987 Y22.898870967144486 F300
G1 X18.58181124772531 Y22.911257841003497 F300
G1 X18.67240999999998 Y22.91195902270004 F300
G1 X18.755758212223565 Y22.90262004921045 F300
G1 X18.83830991896354 Y22.884132400019425 F300
G1 X18.920112916666653 Y22.858230967144483 F300
G1 X19.039667133062263 Y22.80992300390197 F300
G1 X19.153739999999985 Y22.756454578255596 F300
G1 X19.20745901893004 Y22.737326404221722 F300
G1 X19.26133762127001 Y22.73085317875165 F300
G1 X19.314236249999986 Y22.736734300477817 F300
G1 X19.351690483088234 Y22.749381888456988 F300
G1 X19.385973640185778 Y22.769044350797884 F300
G1 X19.416764586487506 Y22.796316217104994 F300
G1 X19.443299999999986 Y22.83237235603337 F300
G1 X19.45834793138994 Y22.864944430623407 F300
G1 X19.467472357782274 Y22.900241570002247 F300
G1 X19.470717366255133 Y22.93757852887288 F300
G1 X19.46797937181004 Y22.97500546444361 F300
G1 X19.45943109495166 Y23.011144961239303 F300
G1 X19.445045596707807 Y23.04523062763831 F300
G1 X19.424898999486224 Y23.07586303358611 F300
G1 X19.399206909125308 Y23.101681193975452 F300
G1 X19.367382222222208 Y23.121932356033373 F300
G1 X19.367382222222208 Y23.121932356033373 F300
G1 X19.36752333333333 Y23.12165013381116 F300;svg#Layer_2 > g#Layer_2-2 > path
G0 X15.074923333333334 Y22.578372356033388
G1 X15.110624444444444 Y22.57512680047783 F300
G1 X15.054321111111111 Y22.582746800477832 F300
G1 X15.11134894013391 Y22.571016581798688 F300
G1 X15.166363333333335 Y22.551984578255603 F300
G1 X15.115845555555556 Y22.57329235603338 F300
G1 X15.165844219123521 Y22.548009931078482 F300
G1 X15.212224444444445 Y22.516706800477827 F300
G1 X15.169326666666667 Y22.54986791158894 F300
G1 X15.196702222222223 Y22.526725689366717 F300
G1 X15.2297585333886 Y22.500969972068877 F300
G1 X15.265677100572056 Y22.48162768195723 F300
G1 X15.30449011303842 Y22.469231650868494 F300
G1 X15.34642111111111 Y22.464777911588946 F300
G1 X15.388806659814378 Y22.46850955442876 F300
G1 X15.427983333333334 Y22.482981244922275 F300
G1 X15.464616622552981 Y22.500244257036055 F300
G1 X15.496140000000002 Y22.526725689366717 F300
G1 X15.521749365509143 Y22.559171469635636 F300
G1 X15.541930555555554 Y22.595552633811163 F300
G1 X15.554664800379374 Y22.63484497501325 F300
G1 X15.558087777777777 Y22.67644457825561 F300
G1 X15.553237880071974 Y22.717540755267155 F300
G1 X15.541771805555555 Y22.757548189366723 F300
G1 X15.523014089648019 Y22.79435017462533 F300
G1 X15.496140000000002 Y22.826163467144497 F300
G1 X15.447191648368943 Y22.86742513370973 F300
G1 X15.394822222222222 Y22.90448013381117 F300
G1 X15.338247267952143 Y22.934999994094678 F300
G1 X15.27897 Y22.960360133811168 F300
G1 X15.212833178336387 Y22.982194028168397 F300
G1 X15.144425775105459 Y22.995434980605076 F300
G1 X15.074923333333334 Y23.001846800477832 F300
G1 X15.032537784630064 Y22.99811515763802 F300
G1 X14.993361111111112 Y22.9836434671445 F300
G1 X14.956727821891464 Y22.966380455030713 F300
G1 X14.925204444444446 Y22.93989902270005 F300
G1 X14.898723012113788 Y22.908375645253038 F300
G1 X14.881459999999999 Y22.871742356033387 F300
G1 X14.866988309506477 Y22.832565682514435 F300
G1 X14.863256666666665 Y22.790180133811162 F300
G1 X14.868107119479289 Y22.749100946691165 F300
G1 X14.879572638888886 Y22.70912943936672 F300
G1 X14.898323684593045 Y22.67234428738243 F300
G1 X14.925204444444443 Y22.64046124492227 F300
G1 X14.96810222222222 Y22.60730013381116 F300
G1 X15.002052155054491 Y22.591273547663224 F300
G1 X15.037470348959578 Y22.58168797504256 F300
G1 X15.07492333333333 Y22.578372356033388 F300
G1 X15.07492333333333 Y22.578372356033388 F300
G1 X15.074923333333334 Y22.578372356033388 F300;svg#Layer_2 > g#Layer_2-2 > path
G0 X12.670107777777778 Y22.0338245782556
G1 X12.722345537150726 Y21.94791877409294 F300
G1 X12.781065861381553 Y21.869866874816868 F300
G1 X12.845789659088025 Y21.79909613288195 F300
G1 X12.916179423868316 Y21.73514984574532 F300
G1 X12.992267533516408 Y21.67751357179451 F300
G1 X13.072909728861188 Y21.62663889919489 F300
G1 X13.15779697334054 Y21.58229768989631 F300
G1 X13.246666872427985 Y21.5443467181733 F300
G1 X13.369071780674814 Y21.50411315342567 F300
G1 X13.49555064489215 Y21.475229685897318 F300
G1 X13.625288888888889 Y21.457526800477822 F300
G1 X13.742910343750244 Y21.451877460811378 F300
G1 X13.859183847640322 Y21.456161089703357 F300
G1 X13.974344613310175 Y21.46941086145625 F300
G1 X14.08861938271605 Y21.490771532988116 F300
G1 X14.238938616523589 Y21.530234840440777 F300
G1 X14.387074982787409 Y21.580399634528412 F300
G1 X14.53304098765432 Y21.639288364263834 F300
G1 X14.746735020207057 Y21.739135833995732 F300
G1 X14.951592222222223 Y21.845441244922267 F300
G1 X14.662032222222221 Y21.92135902270004 F300
G1 X14.77175626899902 Y21.768116284761458 F300
G1 X14.89101669756619 Y21.62389788749206 F300
G1 X15.019344848479218 Y21.48870010305506 F300
G1 X15.156362083333333 Y21.36259430047782 F300
G1 X15.301651496045567 Y21.24582146629347 F300
G1 X15.453824385653297 Y21.139344039566897 F300
G1 X15.612504806844637 Y21.04327588677678 F300
G1 X15.777374444444444 Y20.957817078255598 F300
G1 X15.94755401583695 Y20.88350259271884 F300
G1 X16.121977614266005 Y20.820856069823144 F300
G1 X16.300352352243955 Y20.77009139166266 F300
G1 X16.48241847222222 Y20.731527772700044 F300
G1 X16.629491128007814 Y20.709876138134163 F300
G1 X16.777768997010007 Y20.696516199851594 F300
G1 X16.92715199889921 Y20.691623872710654 F300
G1 X17.07754352484938 Y20.695430704797555 F300
G1 X17.228843333333334 Y20.708226800477824 F300
G1 X17.280878811318793 Y20.72090485327648 F300
G1 X17.325979807544037 Y20.744262842494688 F300
G1 X17.364660572916666 Y20.776495915061158 F300
G1 X17.396437267855013 Y20.816154715314326 F300
G1 X17.41951473060149 Y20.859897339482433 F300
G1 X17.43368375 Y20.906293883811152 F300
G1 X17.43811153382515 Y20.95413788921874 F300
G1 X17.431886780802934 Y20.999275120703466 F300
G1 X17.414362552083333 Y21.04098664422782 F300
G1 X17.39449465976194 Y21.06741816549365 F300
G1 X17.367580154214664 Y21.09061028473204 F300
G1 X17.331922802548714 Y21.10992977895684 F300
G1 X17.285146666666662 Y21.123940133811153 F300
G1 X17.203084568694738 Y21.13590475569736 F300
G1 X17.123125861698735 Y21.139064034044836 F300
G1 X17.045197171447303 Y21.133945646098315 F300
G1 X16.96921859236667 Y21.12088949332598 F300
G1 X16.895133194444448 Y21.100057078255603 F300
G1 X16.806085917607664 Y21.063497914730526 F300
G1 X16.721448974860067 Y21.01557636686956 F300
G1 X16.641365069721324 Y20.956213389794314 F300
G1 X16.566185555555556 Y20.885039022700045 F300
G1 X16.50447713418204 Y20.812797984954877 F300
G1 X16.4499825750178 Y20.736643853609998 F300
G1 X16.40126847736626 Y20.6571341255807 F300
G1 X16.336146620730602 Y20.53280898443104 F300
G1 X16.276960041152265 Y20.404613179078645 F300
G1 X16.160491111111114 Y20.147733467144487 F300
G1 X16.071606306967425 Y19.975431725733117 F300
G1 X15.975871837727489 Y19.807500686618248 F300
G1 X15.873348836311933 Y19.643991705440836 F300
G1 X15.764074722222222 Y19.484969856033374 F300
G1 X15.648204070226164 Y19.330693992744862 F300
G1 X15.525901235962454 Y19.18141816258089 F300
G1 X15.397180954827991 Y19.037219677561765 F300
G1 X15.262036666666665 Y18.8981945782556 F300
G1 X15.121063846172618 Y18.764571417909526 F300
G1 X14.973520028762364 Y18.635567060797843 F300
G1 X14.819641638436462 Y18.51204107482813 F300
G1 X14.659650972222224 Y18.394886522700045 F300
G1 X14.494450413628826 Y18.285471389343027 F300
G1 X14.32497364286062 Y18.185040876215396 F300
G1 X14.151424097761259 Y18.09433474737778 F300
G1 X13.973974444444444 Y18.014133467144493 F300
G1 X13.908975138888888 Y17.989174439366714 F300
G1 X13.87695802017841 Y17.984320839257617 F300
G1 X13.852336666666666 Y17.99099124492227 F300
G1 X13.835909035377204 Y18.00810530669199 F300
G1 X13.818328888888889 Y18.039862726403754 F300
G1 X13.790812222222225 Y18.112252726403753 F300
G1 X13.77232666666667 Y18.166674578255602 F300
G1 X13.686614244573962 Y18.387827194145338 F300
G1 X13.609484444444446 Y18.61202124492227 F300
G1 X13.544942623209689 Y18.82383951100216 F300
G1 X13.487738941647748 Y19.037637583180597 F300
G1 X13.437887480298812 Y19.253256447977865 F300
G1 X13.395418888888893 Y19.470541244922273 F300
G1 X13.355164010359058 Y19.729613049311098 F300
G1 X13.326125896399898 Y19.990319606731756 F300
G1 X13.308225096042126 Y20.252319761019464 F300
G1 X13.301421250000004 Y20.515274994922276 F300
G1 X13.305692259580729 Y20.778297840964928 F300
G1 X13.320961466476117 Y21.04048511252097 F300
G1 X13.34716374693185 Y21.30148937583288 F300
G1 X13.384271111111115 Y21.560961244922275 F300
G1 X13.387313903351398 Y21.611202471988946 F300
G1 X13.380631086934669 Y21.655341520208786 F300
G1 X13.366219053218499 Y21.694297239865733 F300
G1 X13.34520979166667 Y21.728773224088936 F300
G1 X13.307408402805494 Y21.76858785047043 F300
G1 X13.26275947791777 Y21.798304389374376 F300
G1 X13.213173888888894 Y21.817924578255603 F300
G1 X13.160773377596088 Y21.826462855084824 F300
G1 X13.110839049735766 Y21.82287418924443 F300
G1 X13.064627986111116 Y21.80674593242227 F300
G1 X13.035118036562686 Y21.786814074249506 F300
G1 X13.009858485018698 Y21.759303252284766 F300
G1 X12.98956292448215 Y21.72244060346492 F300
G1 X12.976036666666669 Y21.673567911588936 F300
G1 X12.938943853457618 Y21.420027219205444 F300
G1 X12.91064625994098 Y21.16295216352792 F300
G1 X12.891403206041154 Y20.90284477681114 F300
G1 X12.881500514808167 Y20.64021197621948 F300
G1 X12.881251810699595 Y20.375570421877004 F300
G1 X12.890871842645756 Y20.111752601066982 F300
G1 X12.910528994958137 Y19.848618616757395 F300
G1 X12.940432514554915 Y19.586655694054325 F300
G1 X12.980821973710766 Y19.326350875062932 F300
G1 X13.031968930041156 Y19.068196882782356 F300
G1 X13.094318962106533 Y18.812172221828117 F300
G1 X13.167689789768009 Y18.560694335158747 F300
G1 X13.252302381376975 Y18.314149906854983 F300
G1 X13.348425687925872 Y18.072934682242703 F300
G1 X13.45637888888889 Y17.83746235603338 F300
G1 X13.496056029550129 Y17.767548589669552 F300
G1 X13.538331463383692 Y17.711559726294922 F300
G1 X13.582720619628896 Y17.667171713047047 F300
G1 X13.629030311691452 Y17.63250862590344 F300
G1 X13.67732502222223 Y17.60612705825561 F300
G1 X13.74387810746379 Y17.582477520327615 F300
G1 X13.814126657511169 Y17.57001711450202 F300
G1 X13.888286206185219 Y17.56782196423336 F300
G1 X13.966614088888893 Y17.575329840477828 F300
G1 X14.06942147953296 Y17.597522699621827 F300
G1 X14.175740091300785 Y17.632361762254213 F300
G1 X14.284622088888892 Y17.67816371603338 F300
G1 X14.44259061084162 Y17.75910628428938 F300
G1 X14.591725022222228 Y17.847721698255608 F300
G1 X14.848298888888893 Y18.01709680047783 F300
G1 X15.020828293792771 Y18.13881442828138 F300
G1 X15.187160342079665 Y18.26727315959596 F300
G1 X15.347411609058282 Y18.402351388022907 F300
G1 X15.501678611111116 Y18.543952772700045 F300
G1 X15.649925716645292 Y18.691888485567098 F300
G1 X15.792084210884784 Y18.84593837244661 F300
G1 X15.92820695705725 Y19.006025735401437 F300
G1 X16.05832666666667 Y19.172091244922267 F300
G1 X16.196335654413943 Y19.36535992725022 F300
G1 X16.324391529625267 Y19.56506782444201 F300
G1 X16.442194255160054 Y19.770985903203687 F300
G1 X16.549393333333335 Y19.982915689366713 F300
G1 X16.643624687500004 Y20.206473172005605 F300
G1 X16.701372671348963 Y20.336356438424502 F300
G1 X16.769103333333337 Y20.46401638381116 F300
G1 X16.821943235433622 Y20.543693939282395 F300
G1 X16.87887937536784 Y20.611023542538717 F300
G1 X16.94051364583334 Y20.664171470616715 F300
G1 X16.991925398879964 Y20.694376201706483 F300
G1 X17.04671927616237 Y20.71385760484689 F300
G1 X17.106338087925074 Y20.72162894617457 F300
G1 X17.172540000000005 Y20.715564578255602 F300
G1 X17.228843333333337 Y21.13127791158894 F300
G1 X17.057003721604904 Y21.11796429666222 F300
G1 X16.886410274500086 Y21.117283096072175 F300
G1 X16.717357282188367 Y21.128831708071058 F300
G1 X16.550131683870525 Y21.152333809075184 F300
G1 X16.385035473251037 Y21.18763350829676 F300
G1 X16.222553233213286 Y21.234640653020538 F300
G1 X16.064619315766343 Y21.292754128298377 F300
G1 X15.911533923471538 Y21.361781724496527 F300
G1 X15.763634251735887 Y21.44164218648031 F300
G1 X15.621316008230457 Y21.532357500066304 F300
G1 X15.508332790295022 Y21.61553263814542 F300
G1 X15.400667076521742 Y21.705522097217667 F300
G1 X15.298507079244242 Y21.802342130763016 F300
G1 X15.202084382463678 Y21.90606219122405 F300
G1 X15.111683514533658 Y22.016800455811936 F300
G1 X15.027651111111114 Y22.13471902270005 F300
G1 X15.000089823504785 Y22.169240887444804 F300
G1 X14.96900190237533 Y22.196471271545004 F300
G1 X14.934942865281062 Y22.216893072390498 F300
G1 X14.898164027777781 Y22.230621661588938 F300
G1 X14.859604202839236 Y22.237263691242166 F300
G1 X14.820043604017577 Y22.23655719972149 F300
G1 X14.779502867390477 Y22.228030514602644 F300
G1 X14.738091111111112 Y22.21063680047783 F300
G1 X14.585838083353092 Y22.132788423035343 F300
G1 X14.40886195555556 Y22.052189342700057 F300
G1 X14.286612536060463 Y22.003490008257693 F300
G1 X14.160296422101677 Y21.959937017091306 F300
G1 X14.03130506666667 Y21.923497138255605 F300
G1 X13.900465059844654 Y21.896118768850997 F300
G1 X13.772411261341695 Y21.880358753155814 F300
G1 X13.648126311111113 Y21.877683440477828 F300
G1 X13.555459446706898 Y21.885541197134998 F300
G1 X13.466887340202186 Y21.90268193437897 F300
G1 X13.382394278720248 Y21.929806177854037 F300
G1 X13.302031555555562 Y21.967871502700053 F300
G1 X13.243137216949442 Y22.00537777088232 F300
G1 X13.186906411458441 Y22.0508539469916 F300
G1 X13.133402260837048 Y22.105380603562615 F300
G1 X13.08286292251474 Y22.170291798886016 F300
G1 X13.03572666666667 Y22.24718457825561 F300
G1 X13.006970681354488 Y22.289035263794922 F300
G1 X12.97519346386588 Y22.318273876517175 F300
G1 X12.941314248114868 Y22.337570900162405 F300
G1 X12.90557592013889 Y22.348601574783384 F300
G1 X12.854483220713448 Y22.351571514825203 F300
G1 X12.804080830572534 Y22.34174865190442 F300
G1 X12.755568194444448 Y22.320121383811166 F300
G1 X12.71280807837181 Y22.28849796719555 F300
G1 X12.67849021204018 Y22.248876239050468 F300
G1 X12.654270260416672 Y22.20176223450561 F300
G1 X12.644777563453903 Y22.164109409992527 F300
G1 X12.643139180192742 Y22.123860001319656 F300
G1 X12.650797664137894 Y22.080493030990464 F300
G1 X12.670248888888892 Y22.033542356033387 F300
G1 X12.670248888888892 Y22.033542356033387 F300
G1 X12.670107777777778 Y22.0338245782556 F300;svg#Layer_2 > g#Layer_2-2 > path
G0 X9.638476666666666 Y23.241453467144492
G1 X9.713903954302276 Y23.214378702295864 F300
G1 X9.781905521252769 Y23.179753496474547 F300
G1 X9.84344253005949 Y23.13837757254967 F300
G1 X9.899312716049383 Y23.090793837514862 F300
G1 X9.966071872737729 Y23.018262810131997 F300
G1 X10.02401323984131 Y22.937251167855546 F300
G1 X10.073976913580246 Y22.848882356033382 F300
G1 X10.11590056042426 Y22.7559770773148 F300
G1 X10.150556486659807 Y22.660126688717973 F300
G1 X10.17865 Y22.56285013381116 F300
G1 X10.216315908751715 Y22.39741654402643 F300
G1 X10.24536278881574 Y22.228399266021594 F300
G1 X10.265539166666667 Y22.05673749492227 F300
G1 X10.276507392604286 Y21.88425988911782 F300
G1 X10.278065813489517 Y21.712810106545327 F300
G1 X10.27009 Y21.543322356033382 F300
G1 X10.258125383152729 Y21.435930851957377 F300
G1 X10.238439497291047 Y21.32774225806359 F300
G1 X10.210994875201882 Y21.219630213117753 F300
G1 X10.175686666666666 Y21.112510133811163 F300
G1 X10.132793458333799 Y21.00834705334225 F300
G1 X10.082771785418945 Y20.908934166922453 F300
G1 X10.025679958504988 Y20.815028285779817 F300
G1 X9.96148 Y20.72741791158894 F300
G1 X9.889304078061333 Y20.64621158539761 F300
G1 X9.810725576022293 Y20.57428566089095 F300
G1 X9.725494189493897 Y20.512181977409067 F300
G1 X9.633185 Y20.460647356033384 F300
G1 X9.556099601178506 Y20.42850834826404 F300
G1 X9.474488188862946 Y20.404119471717607 F300
G1 X9.387788157489554 Y20.388085832252305 F300
G1 X9.29536240732764 Y20.381265885786156 F300
G1 X9.196516666666666 Y20.38480013381116 F300
G1 X9.145784679788127 Y20.383918594029485 F300
G1 X9.104743866367853 Y20.373496858528085 F300
G1 X9.071366093520647 Y20.355908267985303 F300
G1 X9.044176197916665 Y20.332286956727827 F300
G1 X9.01620665289076 Y20.291507132000497 F300
G1 X8.999413342401263 Y20.24404869812295 F300
G1 X8.993687083333333 Y20.191283883811163 F300
G1 X8.999420819169137 Y20.13832013373725 F300
G1 X9.016233620859738 Y20.087691515346965 F300
G1 X9.044612760416666 Y20.041205602561163 F300
G1 X9.0722947436798 Y20.012298501074522 F300
G1 X9.106082794255983 Y19.988624647924468 F300
G1 X9.146999893546152 Y19.971103966469553 F300
G1 X9.196516666666666 Y19.961466800477826 F300
G1 X9.292027163500038 Y19.957129923385953 F300
G1 X9.386133105904099 Y19.960993333894066 F300
G1 X9.478840256193882 Y19.972596941700203 F300
G1 X9.570147530864197 Y19.991591409531324 F300
G1 X9.689280307561296 Y20.027852842907805 F300
G1 X9.80434654550573 Y20.07571014410767 F300
G1 X9.915085802469136 Y20.13454219142433 F300
G1 X10.020159361266142 Y20.203199857220824 F300
G1 X10.11887670164 Y20.28079294384666 F300
G1 X10.210823333333332 Y20.366737911588938 F300
G1 X10.296058522162546 Y20.461273462333313 F300
G1 X10.371452073097675 Y20.560578353693675 F300
G1 X10.437757648457797 Y20.664339801497963 F300
G1 X10.495618292565997 Y20.77232273168379 F300
G1 X10.545574166666665 Y20.884351106033385 F300
G1 X10.597342164799288 Y21.029127300480738 F300
G1 X10.637888125992317 Y21.17818809436021 F300
G1 X10.667992676299457 Y21.33092332210729 F300
G1 X10.68834333333333 Y21.48673680047783 F300
G1 X10.699939616946493 Y21.64520971264959 F300
G1 X10.703501845784647 Y21.808039615706203 F300
G1 X10.698947567919857 Y21.97402980935228 F300
G1 X10.68615611111111 Y22.14193332825561 F300
G1 X10.6651899776291 Y22.308976287400803 F300
G1 X10.636346882226897 Y22.472479626373296 F300
G1 X10.599805533660103 Y22.631244726856405 F300
G1 X10.55569888888889 Y22.78411235603339 F300
G1 X10.508029384092199 Y22.914940545714927 F300
G1 X10.450352653181966 Y23.040060958239863 F300
G1 X10.382461481481483 Y23.158474907473718 F300
G1 X10.324302980461443 Y23.242682802705033 F300
G1 X10.26050426688856 Y23.321309548462988 F300
G1 X10.19087589504279 Y23.39403261423527 F300
G1 X10.11515 Y23.460463137926393 F300
G1 X10.034043544735376 Y23.51942511391128 F300
G1 X9.946698613764699 Y23.570978739733444 F300
G1 X9.852553857492591 Y23.61462941475498 F300
G1 X9.750942222222221 Y23.649687911588945 F300
G1 X9.700875160479406 Y23.6586111235934 F300
G1 X9.657437479940672 Y23.65659437890245 F300
G1 X9.619449929312852 Y23.646113535425858 F300
G1 X9.585948055555555 Y23.6285058108945 F300
G1 X9.54708933911156 Y23.594342185756698 F300
G1 X9.51780069588548 Y23.55175541119426 F300
G1 X9.498212222222222 Y23.502350272700056 F300
G1 X9.489739137338702 Y23.449852444822852 F300
G1 X9.492974385330358 Y23.397839771117464 F300
G1 X9.508689722222222 Y23.347804942838945 F300
G1 X9.528307516718415 Y23.314781326601576 F300
G1 X9.555374277584882 Y23.28548496544808 F300
G1 X9.591326301085209 Y23.260557524921445 F300
G1 X9.638335555555555 Y23.2414534671445 F300
G1 X9.638335555555555 Y23.2414534671445 F300
G1 X9.638476666666666 Y23.241453467144492 F300;svg#Layer_2 > g#Layer_2-2 > path
G0 X20.262591111111114 Y20.115701244922274
G1 X20.132825601346834 Y20.100931818303184 F300
G1 X20.00673146867088 Y20.077802720086744 F300
G1 X19.883460833333338 Y20.04706832825561 F300
G1 X19.762002958694627 Y20.00933813302563 F300
G1 X19.641421338740372 Y19.965137815846358 F300
G1 X19.521052222222224 Y19.91504124492227 F300
G1 X19.353602744963716 Y19.84041492822558 F300
G1 X19.18492555555555 Y19.760048328255607 F300
G1 X19.074405575577554 Y19.702311529796855 F300
G1 X18.967495354216155 Y19.64075748759732 F300
G1 X18.86530888888889 Y19.574681244922274 F300
G1 X18.768497783633975 Y19.50117035047692 F300
G1 X18.6812504451581 Y19.421468235548527 F300
G1 X18.602937527725217 Y19.335974372852984 F300
G1 X18.533054938271615 Y19.244962067967545 F300
G1 X18.470895162607547 Y19.148035981709413 F300
G1 X18.417003197551487 Y19.046572651056536 F300
G1 X18.37111642246279 Y18.9408051323185 F300
G1 X18.33306913580247 Y18.83092116261775 F300
G1 X18.303159336825065 Y18.718695960098778 F300
G1 X18.28097787653634 Y18.60375610377544 F300
G1 X18.266437774969916 Y18.48636194900699 F300
G1 X18.25951888888889 Y18.366770133811162 F300
G1 X18.260522255523703 Y18.232719368989624 F300
G1 X18.269847389024942 Y18.098171504345935 F300
G1 X18.286647500000004 Y17.963509856033383 F300
G1 X18.32380803904694 Y17.763456732290877 F300
G1 X18.372407777777784 Y17.568081244922272 F300
G1 X18.401150416089976 Y17.47785712798277 F300
G1 X18.436037637067166 Y17.39462789584008 F300
G1 X18.477706272633466 Y17.31870622214696 F300
G1 X18.52690680555556 Y17.25044013381116 F300
G1 X18.572235636101425 Y17.201694711151923 F300
G1 X18.623474730965462 Y17.15845141850569 F300
G1 X18.681560023253567 Y17.12093386905981 F300
G1 X18.747646287552648 Y17.089623224303125 F300
G1 X18.823116666666674 Y17.06530235603339 F300
G1 X18.92362433575034 Y17.045476206635826 F300
G1 X19.022408580255057 Y17.03671810649324 F300
G1 X19.119628252733655 Y17.038059392669542 F300
G1 X19.21545312369842 Y17.04875071558293 F300
G1 X19.310038847736635 Y17.068234331342033 F300
G1 X19.425929552567187 Y17.10407776941407 F300
G1 X19.538250660208295 Y17.1514563139691 F300
G1 X19.64682608909493 Y17.20937973241783 F300
G1 X19.751397818930048 Y17.277000380724743 F300
G1 X19.850607899258904 Y17.352744218781506 F300
G1 X19.94322485532532 Y17.43481612647796 F300
G1 X20.028932152180882 Y17.522089044766037 F300
G1 X20.107368888888892 Y17.61351902270005 F300
G1 X20.216917166033173 Y17.75854889603777 F300
G1 X20.318619289306955 Y17.91140993363396 F300
G1 X20.41085707818931 Y18.071664989778245 F300
G1 X20.472493026152392 Y18.19582561798319 F300
G1 X20.52671544792383 Y18.322668764563993 F300
G1 X20.57293689121134 Y18.452071732883986 F300
G1 X20.610518847736632 Y18.583934907473715 F300
G1 X20.638709540037603 Y18.71789284585857 F300
G1 X20.656746980214322 Y18.853361679599296 F300
G1 X20.663959755875645 Y18.990428856114526 F300
G1 X20.659536666666675 Y19.129193467144496 F300
G1 X20.6505565481838 Y19.178825823753897 F300
G1 X20.633578989973735 Y19.21980590664738 F300
G1 X20.61037044817887 Y19.25363356187621 F300
G1 X20.581861614583346 Y19.281355342144494 F300
G1 X20.535801979509355 Y19.309802626985274 F300
G1 X20.485410388181453 Y19.326698087813178 F300
G1 X20.43247125000001 Y19.33249930047783 F300
G1 X20.37969600254221 Y19.326818299154993 F300
G1 X20.331996298674646 Y19.31003302526872 F300
G1 X20.290780260416675 Y19.281990342144496 F300
G1 X20.266773260857683 Y19.254714411156193 F300
G1 X20.24872770188071 Y19.221216438700544 F300
G1 X20.237762786796985 Y19.18004329957427 F300
G1 X20.236203333333343 Y19.129193467144496 F300
G1 X20.239895204618566 Y19.011942213686243 F300
G1 X20.233652812292437 Y18.89549219889491 F300
G1 X20.218073918306537 Y18.779888971180064 F300
G1 X20.193640041152275 Y18.66518877578648 F300
G1 X20.161050162033707 Y18.552438950038898 F300
G1 X20.1208613173704 Y18.44185524866935 F300
G1 X20.07356256240393 Y18.333634058896138 F300
G1 X20.01959255144034 Y18.22799519553956 F300
G1 X19.938362193504396 Y18.09224756100196 F300
G1 X19.848348524044063 Y17.964040217827197 F300
G1 X19.75078111111112 Y17.843953467144495 F300
G1 X19.67144880310737 Y17.758811477104807 F300
G1 X19.5860220016654 Y17.680087528080563 F300
G1 X19.49401180555556 Y17.60981485603338 F300
G1 X19.42066478973463 Y17.56413188295368 F300
G1 X19.34365235494203 Y17.52559826017629 F300
G1 X19.262486271974204 Y17.494987433411858 F300
G1 X19.176600000000004 Y17.473254578255606 F300
G1 X19.073008765432107 Y17.4595093107659 F300
G1 X19.015068621950835 Y17.458196171467094 F300
G1 X18.958504938271613 Y17.463387253152728 F300
G1 X18.922185156556708 Y17.471779374708817 F300
G1 X18.890191322592415 Y17.48441456787834 F300
G1 X18.862910000000003 Y17.50175902270005 F300
G1 X18.831538007870112 Y17.53611142521303 F300
G1 X18.807354032921815 Y17.580666265498404 F300
G1 X18.789762171652438 Y17.630095087285913 F300
G1 X18.77641411522634 Y17.682025853975773 F300
G1 X18.75566555555556 Y17.778054578255606 F300
G1 X18.723723123625533 Y17.92565950135205 F300
G1 X18.699489217711836 Y18.079708461334327 F300
G1 X18.68555946502058 Y18.23815519553956 F300
G1 X18.683535843906785 Y18.357233719082316 F300
G1 X18.689792877588893 Y18.474720644829773 F300
G1 X18.70523284086756 Y18.589959778246804 F300
G1 X18.7308509053498 Y18.702300998008695 F300
G1 X18.759359203214537 Y18.789467210128635 F300
G1 X18.795427421362575 Y18.87340283422543 F300
G1 X18.839733363729444 Y18.95400316195735 F300
G1 X18.893118717279425 Y19.031085740646 F300
G1 X18.956607777777783 Y19.104357911588938 F300
G1 X19.04325869814505 Y19.182589654381268 F300
G1 X19.139260532432655 Y19.251123531740348 F300
G1 X19.242445972222228 Y19.312302772700054 F300
G1 X19.403289040258677 Y19.394011722021574 F300
G1 X19.56183333333334 Y19.469553467144493 F300
G1 X19.72973852296076 Y19.546849094737723 F300
G1 X19.902457916666677 Y19.614033606033384 F300
G1 X20.020301158165772 Y19.650064314998893 F300
G1 X20.140275504929402 Y19.67690925015947 F300
G1 X20.262873333333346 Y19.692791244922272 F300
G1 X20.312466180636186 Y19.70189695118228 F300
G1 X20.353424821307154 Y19.718978015899776 F300
G1 X20.387241303689013 Y19.742276096405675 F300
G1 X20.414955833333345 Y19.77086317200561 F300
G1 X20.443392058540446 Y19.817004701990452 F300
G1 X20.460277289924527 Y19.867442114238223 F300
G1 X20.46607333333334 Y19.920385828255604 F300
G1 X20.460392260858967 Y19.973159747848072 F300
G1 X20.443613272564534 Y20.020812906480696 F300
G1 X20.415590833333344 Y20.06194452617227 F300
G1 X20.388335053757103 Y20.085876367355475 F300
G1 X20.354861085997356 Y20.10383401764696 F300
G1 X20.3137100580867 Y20.114695068008114 F300
G1 X20.262873333333346 Y20.116124578255604 F300
G1 X20.262873333333346 Y20.116124578255604 F300
G1 X20.262591111111114 Y20.115701244922274 F300;svg#Layer_2 > g#Layer_2-2 > path
G0 X18.929796666666668 Y17.402557911588936
G1 X18.792194865030513 Y17.269778147037165 F300
G1 X18.649006931847477 Y17.145304314361617 F300
G1 X18.50042625018713 Y17.02904172414757 F300
G1 X18.346610628717983 Y16.92093235608093 F300
G1 X18.187687203667412 Y16.8209575333762 F300
G1 X18.023757500000002 Y16.729140411588936 F300
G1 X17.8553607718721 Y16.645760786364992 F300
G1 X17.683047620453618 Y16.57104490877425 F300
G1 X17.50693133294861 Y16.505013792561307 F300
G1 X17.327106079148685 Y16.447730925292646 F300
G1 X17.14365194104532 Y16.3993042464012 F300
G1 X16.956640000000004 Y16.359887911588935 F300
G1 X16.92076967317287 Y16.34879355981582 F300
G1 X16.889355137710957 Y16.330586518346653 F300
G1 X16.862011934156385 Y16.306155936280298 F300
G1 X16.83936708067029 Y16.276860681755522 F300
G1 X16.821802030398054 Y16.244015191988563 F300
G1 X16.809497695473254 Y16.208397294304987 F300
G1 X16.802984415761607 Y16.171327963926824 F300
G1 X16.802670815153796 Y16.134813169328467 F300
G1 X16.808755555555557 Y16.099537911588932 F300
G1 X16.825306012370866 Y16.057125939205246 F300
G1 X16.84810137306884 Y16.02267527257707 F300
G1 X16.87608816983239 Y15.995031919927847 F300
G1 X16.908820972222223 Y15.973525689366713 F300
G1 X16.95823246942471 Y15.954648377628615 F300
G1 X17.011986783187993 Y15.947229489496177 F300
G1 X17.069105555555556 Y15.951653467144489 F300
G1 X17.272296871670875 Y15.994727696837982 F300
G1 X17.472411781951298 Y16.04823719008314 F300
G1 X17.669287413641015 Y16.11195554944087 F300
G1 X17.86274580246914 Y16.18570976344079 F300
G1 X18.0522510842764 Y16.269217998301787 F300
G1 X18.23707181046743 Y16.362069570834787 F300
G1 X18.41701185811601 Y16.464096765068597 F300
G1 X18.591851234567905 Y16.575176430107454 F300
G1 X18.760871588586966 Y16.69487642810953 F300
G1 X18.923548227738223 Y16.82283825491548 F300
G1 X19.07965992372688 Y16.958945241498217 F300
G1 X19.228952222222226 Y17.103120133811156 F300
G1 X19.26060878942772 Y17.142875299159446 F300
G1 X19.279715910644516 Y17.18222428379553 F300
G1 X19.288905643880497 Y17.22097493284477 F300
G1 X19.28976008680556 Y17.25928383172782 F300
G1 X19.278831345989268 Y17.31045861004086 F300
G1 X19.25603225184717 Y17.35722047200965 F300
G1 X19.22276097222223 Y17.398659717144486 F300
G1 X19.181340069830764 Y17.43192256842309 F300
G1 X19.13479577750494 Y17.454514101226984 F300
G1 X19.084033315972228 Y17.465089977561156 F300
G1 X19.046113569231274 Y17.463914816114745 F300
G1 X19.00779774879379 Y17.454343844153406 F300
G1 X18.96891272528722 Y17.434749132893938 F300
G1 X18.92965555555556 Y17.402416800477823 F300
G1 X18.92965555555556 Y17.402416800477823 F300
G1 X18.929796666666668 Y17.402557911588936 F300;svg#Layer_2 > g#Layer_2-2 > path
G0 X23.787405555555555 Y17.132894578255602
G1 X24.37104535435496 Y17.145447545530093 F300
G1 X24.95441944800401 Y17.146028510090428 F300
G1 X25.537432313564818 Y17.134578750910052 F300
G1 X26.119988862811667 Y17.11102963634922 F300
G1 X26.701993879970388 Y17.075302465533692 F300
G1 X27.283351459490486 Y17.027308317990485 F300
G1 X27.863964444444445 Y16.966947911588935 F300
G1 X28.357050928367226 Y16.906257319128063 F300
G1 X28.849078749999997 Y16.833756661588936 F300
G1 X29.1755171891659 Y16.77618646578291 F300
G1 X29.499960234686316 Y16.70936998402739 F300
G1 X29.822022222222216 Y16.631667911588938 F300
G1 X30.053867649611163 Y16.566923192129643 F300
G1 X30.28274169691217 Y16.49476506924839 F300
G1 X30.508847449215448 Y16.415572061708072 F300
G1 X30.73238291666666 Y16.329707772700047 F300
G1 X31.026635139294633 Y16.205506529778546 F300
G1 X31.316812372375566 Y16.071021247972144 F300
G1 X31.603267777777777 Y15.927100133811159 F300
G1 X31.915100321514494 Y15.759307288565902 F300
G1 X32.222825343121016 Y15.584309935461812 F300
G1 X32.527280972222215 Y15.403524994922272 F300
G1 X32.9794664911697 Y15.124708826582875 F300
G1 X33.42854 Y14.84110902270005 F300
G1 X33.42854 Y15.206586800477828 F300
G1 X33.10856707096522 Y15.005890760257895 F300
G1 X32.79163499999999 Y14.800768883811159 F300
G1 X32.58332188371746 Y14.659697428899683 F300
G1 X32.37826122233549 Y14.5138424566701 F300
G1 X32.17716666666666 Y14.362036800477824 F300
G1 X31.98977721614907 Y14.209378923125856 F300
G1 X31.809912980090445 Y14.050143660191935 F300
G1 X31.63688749999999 Y13.884552078255602 F300
G1 X31.46996277515172 Y13.712722663113606 F300
G1 X31.308477773216865 Y13.534797345098259 F300
G1 X31.151853333333328 Y13.350975689366715 F300
G1 X30.931786696477946 Y13.077729134134902 F300
G1 X30.715996388888883 Y12.801030411588936 F300
G1 X30.50026122282474 Y12.524281591478237 F300
G1 X30.28035111111111 Y12.250873467144494 F300
G1 X30.14289717404461 Y12.087550801801408 F300
G1 X30.001593095442676 Y11.927659615932946 F300
G1 X29.855606666666663 Y11.772083467144494 F300
G1 X29.732244151235065 Y11.648809023479881 F300
G1 X29.60485222222222 Y11.529654578255608 F300
G1 X29.55260583333333 Y11.478713467144495 F300
G1 X29.522491630595916 Y11.455321420623877 F300
G1 X29.49125777777778 Y11.441742356033384 F300
G1 X29.459834274389177 Y11.441411857047532 F300
G1 X29.41378777777778 Y11.452168899243263 F300
G1 X29.317879259259257 Y11.488183590601288 F300
G1 X29.240221111111108 Y11.518365689366721 F300
G1 X28.902776608185402 Y11.612878769584672 F300
G1 X28.562937474464558 Y11.697433162802966 F300
G1 X28.220996460905354 Y11.773505030930508 F300
G1 X27.705191444328243 Y11.874835655304839 F300
G1 X27.186939465020572 Y11.965207088543675 F300
G1 X26.149182222222215 Y12.132481244922277 F300
G1 X24.514127777777773 Y12.397911244922277 F300
G1 X24.289186213991766 Y12.434124537103347 F300
G1 X24.215555587484427 Y12.439721633157136 F300
G1 X24.144480904127896 Y12.438112819434876 F300
G1 X24.075753045267486 Y12.4272205453338 F300
G1 X24.02680210879111 Y12.412071733235983 F300
G1 X23.978430767085822 Y12.389476049927495 F300
G1 X23.93030492010906 Y12.357768733570214 F300
G1 X23.882232222222218 Y12.314796800477831 F300
G1 X23.8012254275252 Y12.225048621290728 F300
G1 X23.723967643352307 Y12.12815762580724 F300
G1 X23.649645833333327 Y12.026118744922275 F300
G1 X23.4414011111111 Y11.718602356033388 F300
G1 X23.25241337748915 Y11.43274218673539 F300
G1 X23.072989517513037 Y11.141105534046774 F300
G1 X22.90319969222904 Y10.843857223311632 F300
G1 X22.74313328735345 Y10.541149854857803 F300
G1 X22.592899999999986 Y10.233125689366723 F300
G1 X22.5206511111111 Y10.077339022700055 F300
G1 X22.497883588970943 Y10.037577614630386 F300
G1 X22.51373666666665 Y10.059841244922277 F300
G1 X22.41241888888887 Y10.08270124492228 F300
G1 X21.9734222222222 Y10.181620133811165 F300
G1 X21.027977777777757 Y10.394697911588942 F300
G1 X20.974116194885298 Y10.40086907587938 F300
G1 X20.925967976817997 Y10.39563260032662 F300
G1 X20.88300125390367 Y10.380878441496785 F300
G1 X20.84488611111109 Y10.357391661588943 F300
G1 X20.81260314089967 Y10.326022939477056 F300
G1 X20.78722557744735 Y10.287879967824757 F300
G1 X20.769257226731543 Y10.24289566292563 F300
G1 X20.760007777777755 Y10.190651244922277 F300
G1 X20.753771070998013 Y10.053970761258649 F300
G1 X20.754815130075762 Y9.917422191536357 F300
G1 X20.76200423868311 Y9.780895936280302 F300
G1 X20.781816198122545 Y9.576486541284003 F300
G1 X20.80909353909463 Y9.37236359060129 F300
G1 X20.87063888888887 Y8.966371244922279 F300
G1 X21.050132222222203 Y7.7258634671445 F300
G1 X21.403897777777757 Y7.931744578255612 F300
G1 X21.33726574349354 Y8.008744966101593 F300
G1 X21.268114585727183 Y8.073121857759276 F300
G1 X21.196641052990152 Y8.126718768870898 F300
G1 X21.122889111111096 Y8.17108595603339 F300
G1 X21.01752978079236 Y8.219374297281348 F300
G1 X20.90762776587846 Y8.25517913202374 F300
G1 X20.793315644444423 Y8.280582533811167 F300
G1 X20.676853642026266 Y8.29725040596994 F300
G1 X20.557323664619613 Y8.307402773901618 F300
G1 X20.435294177777756 Y8.31289697825561 F300
G1 X20.068941511111092 Y8.32069195603339 F300
G1 X19.9475376653032 Y8.327008403458976 F300
G1 X19.8291726453419 Y8.33837715755832 F300
G1 X19.714374444444424 Y8.356630133811167 F300
G1 X19.66403920879027 Y8.361272805286255 F300
G1 X19.619973337612024 Y8.35587410010015 F300
G1 X19.581185244869523 Y8.342551903387506 F300
G1 X19.546899809027757 Y8.322490064366724 F300
G1 X19.507258588998326 Y8.285689811726966 F300
G1 X19.477614398620616 Y8.241612487545462 F300
G1 X19.457993194444423 Y8.192094578255611 F300
G1 X19.449490106421266 Y8.13968185096764 F300
G1 X19.45302695877471 Y8.08917753819933 F300
G1 X19.469125538194426 Y8.041908258811166 F300
G1 X19.489048558516323 Y8.01143846861225 F300
G1 X19.51653533186465 Y7.985067873668472 F300
G1 X19.553266973619145 Y7.963486977116582 F300
G1 X19.60176777777776 Y7.9483956893667225 F300
G1 X19.752285171673563 Y7.925363748878665 F300
G1 X19.901837942386813 Y7.913337417761787 F300
G1 X20.051702425805757 Y7.908444175877451 F300
G1 X20.201845390946485 Y7.90697173874944 F300
G1 X20.352207695126445 Y7.905174580499113 F300
G1 X20.503608888888873 Y7.899289022700054 F300
G1 X20.61975789621574 Y7.887648005149162 F300
G1 X20.730839739903523 Y7.865810359376832 F300
G1 X20.83589027777776 Y7.831784994922277 F300
G1 X20.910104196126817 Y7.796969484279504 F300
G1 X20.979749522896714 Y7.7531425720121385 F300
G1 X21.04467089740384 Y7.698864119221341 F300
G1 X21.10445999999998 Y7.632306800477832 F300
G1 X21.135311147991327 Y7.599331890528423 F300
G1 X21.165806546096952 Y7.5777402476952656 F300
G1 X21.195833260970762 Y7.564949282654301 F300
G1 X21.225636961805534 Y7.559264161588943 F300
G1 X21.267141028622014 Y7.561589969581609 F300
G1 X21.30744767920376 Y7.574517488233512 F300
G1 X21.34637736111109 Y7.597240689366721 F300
G1 X21.38082701999896 Y7.627148581161398 F300
G1 X21.410542419319395 Y7.663138354241827 F300
G1 X21.434600468749977 Y7.704220550477833 F300
G1 X21.451391573601505 Y7.7485001551833665 F300
G1 X21.459530885490278 Y7.793405937555626 F300
G1 X21.458225555555533 Y7.838187911588945 F300
G1 X21.288609999999977 Y9.0098334671445 F300
G1 X21.244101293872063 Y9.30325891830756 F300
G1 X21.203519999999976 Y9.598108050477832 F300
G1 X21.184715359654465 Y9.795241449531279 F300
G1 X21.176740602359764 Y9.99259151815834 F300
G1 X21.183199999999978 Y10.190510133811165 F300
G1 X20.915229999999976 Y9.986463467144498 F300
G1 X21.72563111111109 Y9.803865689366718 F300
G1 X22.1309022222222 Y9.71256680047783 F300
G1 X22.355798055555532 Y9.655804856033386 F300
G1 X22.433724509059687 Y9.64119869167323 F300
G1 X22.510031229157086 Y9.634141488308206 F300
G1 X22.584292222222196 Y9.63735457825561 F300
G1 X22.653031766040638 Y9.652556010198975 F300
G1 X22.71010066191061 Y9.677243663811135 F300
G1 X22.758449465020554 Y9.70967663586878 F300
G1 X22.801354189454816 Y9.750022589385903 F300
G1 X22.839021152662927 Y9.796659817653854 F300
G1 X22.872744238683104 Y9.848759928049851 F300
G1 X22.917010636924573 Y9.931988291579295 F300
G1 X22.958377777777756 Y10.019483467144502 F300
G1 X23.078061702238557 Y10.266863293059039 F300
G1 X23.204195463605384 Y10.511058457810176 F300
G1 X23.33669666666664 Y10.751991244922278 F300
G1 X23.464539743284348 Y10.9711778671225 F300
G1 X23.59762659362323 Y11.187156695834664 F300
G1 X23.735899999999972 Y11.399832356033391 F300
G1 X23.842918390583932 Y11.557193573295452 F300
G1 X23.952787777777747 Y11.712534578255614 F300
G1 X24.01535226337446 Y11.811521409531332 F300
G1 X24.05676034383772 Y11.876423518175596 F300
G1 X24.10024366255141 Y11.938197376609521 F300
G1 X24.132255083954732 Y11.976773468876043 F300
G1 X24.159320059547465 Y12.002201493089897 F300
G1 X24.18152888888886 Y12.015359022700057 F300
G1 X24.2107880731319 Y12.022303037436311 F300
G1 X24.247359247216142 Y12.023894453679638 F300
G1 X24.29111995884771 Y12.020329269613638 F300
G1 X24.356875468939826 Y12.008917134687328 F300
G1 X24.42382189300408 Y11.993502479490179 F300
G1 X24.53783444444441 Y11.96752235603339 F300
G1 X24.9466333333333 Y11.901200133811168 F300
G1 X25.83224666666663 Y11.757407911588944 F300
G1 X26.894468395061693 Y11.587990956856437 F300
G1 X27.425308420065925 Y11.497876538952413 F300
G1 X27.953961975308605 Y11.397658199654789 F300
G1 X28.304634952090076 Y11.322789025680574 F300
G1 X28.653290720308355 Y11.239809195706245 F300
G1 X28.99962666666663 Y11.1472434671445 F300
G1 X29.229946131687207 Y11.07173334368771 F300
G1 X29.310966603375658 Y11.04779775624368 F300
G1 X29.39166840484061 Y11.029564208151264 F300
G1 X29.47152312757197 Y11.019647664675363 F300
G1 X29.531144189364753 Y11.019269156304613 F300
G1 X29.589432980185475 Y11.026262667740728 F300
G1 X29.646669993209795 Y11.041856230068472 F300
G1 X29.703065555555515 Y11.067656800477831 F300
G1 X29.800715617653694 Y11.131069368941683 F300
G1 X29.895708353909427 Y11.207759228461374 F300
G1 X29.985918931882217 Y11.29214397255376 F300
G1 X30.072515349794198 Y11.381132520642442 F300
G1 X30.235054444444405 Y11.556889022700057 F300
G1 X30.391780586250544 Y11.73005337367192 F300
G1 X30.543381598655213 Y11.907574471404406 F300
G1 X30.691107916666624 Y12.088436939366725 F300
G1 X31.122925555555515 Y12.640199022700054 F300
G1 X31.37007534708824 Y12.951923881622243 F300
G1 X31.62588083333329 Y13.256272494922277 F300
G1 X31.803742184234643 Y13.452454909097064 F300
G1 X31.989244199662238 Y13.641454769193354 F300
G1 X32.18408111111107 Y13.8218634671445 F300
G1 X32.41226927630153 Y14.011833045842915 F300
G1 X32.648812494076324 Y14.190785160679452 F300
G1 X32.89203555555551 Y14.361049022700056 F300
G1 X33.265137298704076 Y14.60479477770613 F300
G1 X33.64232333333329 Y14.840967911588947 F300
G1 X33.683933040469135 Y14.874139756349436 F300
G1 X33.71387900591289 Y14.912412832237129 F300
G1 X33.73363790123453 Y14.954661656444914 F300
G1 X33.74364922087812 Y15.000439798580015 F300
G1 X33.74350390743557 Y15.046618064740183 F300
G1 X33.733230246913536 Y15.092469722288534 F300
G1 X33.71331262552319 Y15.134842696135264 F300
G1 X33.68343867642413 Y15.173212593965317 F300
G1 X33.64232333333329 Y15.206445689366724 F300
G1 X33.10017757542621 Y15.547865540353762 F300
G1 X32.55103271604934 Y15.881709393070429 F300
G1 X32.27299375143337 Y16.042877446107905 F300
G1 X31.99232623611541 Y16.198590306706475 F300
G1 X31.708570813557884 Y16.347769744055444 F300
G1 X31.42126580246909 Y16.48933383751487 F300
G1 X31.13003913198333 Y16.622153661723537 F300
G1 X30.834439337100672 Y16.74513623577185 F300
G1 X30.533868937445998 Y16.857230750402486 F300
G1 X30.227716666666613 Y16.957352356033386 F300
G1 X29.902921168751188 Y17.048021689159626 F300
G1 X29.57513532444039 Y17.1254429439545 F300
G1 X29.24478958333328 Y17.19170263381117 F300
G1 X28.912559091654714 Y17.24882007819449 F300
G1 X28.57918034395972 Y17.29881077744775 F300
G1 X28.24524666666661 Y17.34371457825561 F300
G1 X27.72536355057924 Y17.405684226025524 F300
G1 X27.204454381000215 Y17.457802188128948 F300
G1 X26.682641782991467 Y17.500079698319837 F300
G1 X26.160047777777727 Y17.532521244922275 F300
G1 X25.567098108232845 Y17.557257713567306 F300
G1 X24.973992104646907 Y17.56921029399829 F300
G1 X24.380788688229728 Y17.568677127161962 F300
G1 X23.787546666666614 Y17.55594568936672 F300
G1 X23.737348992057537 Y17.54908455773337 F300
G1 X23.696125803208073 Y17.53384763925353 F300
G1 X23.662234130259503 Y17.512146161656435 F300
G1 X23.634511666666615 Y17.484957981033386 F300
G1 X23.60603479401762 Y17.4402978252792 F300
G1 X23.589088369686863 Y17.39068999218054 F300
G1 X23.58328833333328 Y17.33782318936672 F300
G1 X23.58901598657856 Y17.285024766267952 F300
G1 X23.605898029650728 Y17.23654565732643 F300
G1 X23.63419416666661 Y17.193916314366717 F300
G1 X23.661723974133054 Y17.16861847196045 F300
G1 X23.69548096522272 Y17.149081644005065 F300
G1 X23.736802272190598 Y17.13636393296681 F300
G1 X23.787546666666614 Y17.132612356033388 F300
G1 X23.787546666666614 Y17.132612356033388 F300
G1 X23.787405555555555 Y17.132894578255602 F300;svg#Layer_2 > g#Layer_2-2 > path
G0 X19.225424444444442 Y9.260305689366715
G1 X20.001817777777777 Y9.123992356033378 F300
G1 X20.055545156959067 Y9.119692915453992 F300
G1 X20.103836833467703 Y9.125295346735346 F300
G1 X20.146963277532468 Y9.13950073445397 F300
G1 X20.185068194444444 Y9.161827772700043 F300
G1 X20.21722443804012 Y9.191746776409417 F300
G1 X20.242616894104955 Y9.228853077281338 F300
G1 X20.260655875067826 Y9.273876933338258 F300
G1 X20.269787777777776 Y9.328039022700047 F300
G1 X20.283830683726055 Y9.617669559176157 F300
G1 X20.28818815731366 Y9.907007068278482 F300
G1 X20.28293268198507 Y10.195961641985477 F300
G1 X20.268116213560663 Y10.48444406117203 F300
G1 X20.243770416666667 Y10.772364161588934 F300
G1 X20.20994719957011 Y11.059330126459347 F300
G1 X20.16671670309085 Y11.344959828625505 F300
G1 X20.114109677375687 Y11.629159484401352 F300
G1 X20.05213744589599 Y11.9118322818566 F300
G1 X19.98079222222222 Y12.192876800477823 F300
G1 X19.72044222222222 Y11.932526800477824 F300
G1 X20.471365 Y11.79891221714449 F300
G1 X20.847029686873935 Y11.733074162918195 F300
G1 X21.223134444444444 Y11.670483467144491 F300
G1 X21.3172324665926 Y11.657291523499419 F300
G1 X21.4125316872428 Y11.64995441364655 F300
G1 X21.475997742361734 Y11.650205598128242 F300
G1 X21.538105905396108 Y11.655856932245392 F300
G1 X21.59860497942387 Y11.667964372494286 F300
G1 X21.65668826420961 Y11.687462054188469 F300
G1 X21.712683622986674 Y11.715738471766317 F300
G1 X21.766553333333338 Y11.754585689366714 F300
G1 X21.8170486842357 Y11.805821564253142 F300
G1 X21.855639110475032 Y11.86138577481944 F300
G1 X21.884736502057617 Y11.920908652329677 F300
G1 X21.90620763678885 Y11.984271908975513 F300
G1 X21.92139579683154 Y12.050543062943273 F300
G1 X21.9317683127572 Y12.11912272640375 F300
G1 X21.94844555555556 Y12.325239022700048 F300
G1 X22.01220164609054 Y13.26749540130087 F300
G1 X22.039817259960326 Y13.581177037627551 F300
G1 X22.076409198433026 Y13.892833336020376 F300
G1 X22.12547205761317 Y14.201912273728851 F300
G1 X22.172495278107874 Y14.431400986917732 F300
G1 X22.23000256465358 Y14.659018728032738 F300
G1 X22.299588581462707 Y14.884738426047718 F300
G1 X22.382926666666666 Y15.1085145782556 F300
G1 X22.3969363325716 Y15.157284386197185 F300
G1 X22.398829774014875 Y15.19915536781125 F300
G1 X22.391588951438315 Y15.235516138912033 F300
G1 X22.376766284722226 Y15.267555619922268 F300
G1 X22.345682385314138 Y15.304867114855513 F300
G1 X22.30482293202484 Y15.333411681033581 F300
G1 X22.25543277777778 Y15.35288374492227 F300
G1 X22.202767442665447 Y15.361428645354465 F300
G1 X22.14899827522161 Y15.358858688785809 F300
G1 X22.095787604166667 Y15.344178953255604 F300
G1 X22.05973794978521 Y15.325472357203505 F300
G1 X22.02703105052905 Y15.299591345444014 F300
G1 X21.998276363885843 Y15.265392705257437 F300
G1 X21.97469222222222 Y15.22112124492227 F300
G1 X21.90249218915751 Y15.030101043618973 F300
G1 X21.840086980994474 Y14.837064966274903 F300
G1 X21.786520647389978 Y14.642114304751257 F300
G1 X21.74087633744856 Y14.44533939307042 F300
G1 X21.69083135534587 Y14.180385927518927 F300
G1 X21.65133146999652 Y13.913134938715215 F300
G1 X21.62035699588477 Y13.644063467144491 F300
G1 X21.585557903715625 Y13.23914374425577 F300
G1 X21.558696666666663 Y12.83479124492227 F300
G1 X21.53985861974136 Y12.532429810883523 F300
G1 X21.51763333333333 Y12.23027124492227 F300
G1 X21.50978402777777 Y12.13200499492227 F300
G1 X21.500302594070792 Y12.10620235003357 F300
G1 X21.482978203705287 Y12.085632561782457 F300
G1 X21.45272222222221 Y12.070674578255604 F300
G1 X21.411356438692856 Y12.064891848859848 F300
G1 X21.360179465020572 Y12.06775305562186 F300
G1 X21.254999423868302 Y12.088130545333794 F300
G1 X21.164714444444435 Y12.108633467144491 F300
G1 X19.832766666666654 Y12.340902356033379 F300
G1 X19.78073136149755 Y12.344546369819724 F300
G1 X19.731767571311913 Y12.338051328445795 F300
G1 X19.686403086419745 Y12.3225108745519 F300
G1 X19.645241667516224 Y12.298176346252326 F300
G1 X19.611344101065008 Y12.266705481314013 F300
G1 X19.585383209876532 Y12.228295689366714 F300
G1 X19.569478644152447 Y12.185226892175919 F300
G1 X19.564275881077727 Y12.136366706390909 F300
G1 X19.572416666666655 Y12.08055235603338 F300
G1 X19.641067442563465 Y11.80970248254345 F300
G1 X19.700429717080404 Y11.537815420248794 F300
G1 X19.750579965755282 Y11.26488674566408 F300
G1 X19.791575282644132 Y10.990907815680462 F300
G1 X19.82345333333332 Y10.715866800477825 F300
G1 X19.846221185613967 Y10.439919090355911 F300
G1 X19.859889445231808 Y10.163201629606505 F300
G1 X19.864469195719046 Y9.88570369471974 F300
G1 X19.8599526691556 Y9.607413907128409 F300
G1 X19.84631333333332 Y9.32832124492227 F300
G1 X20.11428333333332 Y9.532367911588937 F300
G1 X19.337889999999984 Y9.668681244922272 F300
G1 X19.287619354736705 Y9.672240661443189 F300
G1 X19.24350186808399 Y9.665976673518566 F300
G1 X19.20459639265198 Y9.651922954839405 F300
G1 X19.170177239583314 Y9.631227269227825 F300
G1 X19.130411293746203 Y9.59375997207822 F300
G1 X19.1007115508787 Y9.549306605329695 F300
G1 X19.081085416666653 Y9.499753606033382 F300
G1 X19.07255409922091 Y9.447358689731786 F300
G1 X19.07612350033175 Y9.397242864846778 F300
G1 X19.092244218749986 Y9.350685151172272 F300
G1 X19.11217612286152 Y9.320860420673982 F300
G1 X19.13968560450317 Y9.2952314861053 F300
G1 X19.176516326450336 Y9.27450390338449 F300
G1 X19.22528333333332 Y9.260446800477824 F300
G1 X19.22528333333332 Y9.260446800477824 F300
G1 X19.225424444444442 Y9.260305689366715 F300;svg#Layer_2 > g#Layer_2-2 > path
G0 X9.758703333333331 Y18.354211244922272
G1 X10.029296612854248 Y18.283633535755058 F300
G1 X10.296067106583905 Y18.203236414316486 F300
G1 X10.558966840433795 Y18.1129140383145 F300
G1 X10.817939970623225 Y18.01253129277528 F300
G1 X11.072920237774788 Y17.901923262603063 F300
G1 X11.323828449175814 Y17.780894792738877 F300
G1 X11.57057 Y17.64922013381116 F300
G1 X11.842410264110756 Y17.487946685513762 F300
G1 X12.106479301476767 Y17.315253846016162 F300
G1 X12.364884444444444 Y17.133176800477827 F300
G1 X12.489084162915557 Y17.04486667860484 F300
G1 X12.615884657985971 Y16.96135543005581 F300
G1 X12.746537083333333 Y16.88589721714449 F300
G1 X12.847734570158265 Y16.836585383265124 F300
G1 X12.952188505252433 Y16.795072700341606 F300
G1 X13.060777034949062 Y16.762643828017346 F300
G1 X13.174438888888888 Y16.740746800477822 F300
G1 X13.081023333333334 Y17.09451235603338 F300
G1 X13.04056365885981 Y17.037066756480282 F300
G1 X13.011463817972148 Y16.980098457208104 F300
G1 X12.99273401336476 Y16.923256918974783 F300
G1 X12.983815416666665 Y16.86605346714449 F300
G1 X12.984590294827429 Y16.80831397178391 F300
G1 X12.995320948604206 Y16.74929870608161 F300
G1 X13.01684482555114 Y16.68835085315421 F300
G1 X13.050543333333334 Y16.6248945782556 F300
G1 X13.100921775859543 Y16.556653711881584 F300
G1 X13.159853037054702 Y16.497301151681594 F300
G1 X13.226367777777778 Y16.444554578255605 F300
G1 X13.283413251028806 Y16.40960083339964 F300
G1 X13.318469986299453 Y16.38716184566131 F300
G1 X13.349521193415637 Y16.363138693481943 F300
G1 X13.366887760757464 Y16.344889782068456 F300
G1 X13.376900925128052 Y16.32796083714998 F300
G1 X13.379755555555555 Y16.31191013381116 F300
G1 X13.647725555555558 Y16.515956800477827 F300
G1 X13.54281435498283 Y16.530835608150674 F300
G1 X13.442599018377445 Y16.534171513635144 F300
G1 X13.345783055555556 Y16.526152078255603 F300
G1 X13.25071270207883 Y16.50657624370196 F300
G1 X13.155752227513606 Y16.474707162330343 F300
G1 X13.059715555555556 Y16.429455689366716 F300
G1 X13.020779141605438 Y16.40225297777796 F300
G1 X12.992431369426281 Y16.370352513559606 F300
G1 X12.972895637860084 Y16.334608117350257 F300
G1 X12.96129567573085 Y16.295136222656193 F300
G1 X12.95772597746382 Y16.25406865726211 F300
G1 X12.961868065843621 Y16.21197733545725 F300
G1 X12.973310734003919 Y16.17112503633084 F300
G1 X12.991633709699201 Y16.132530786517393 F300
G1 X13.016817777777776 Y16.09699791158894 F300
G1 X13.096981792779268 Y15.996113877771947 F300
G1 X13.169541014635676 Y15.891082339709255 F300
G1 X13.23552988886507 Y15.781736654681808 F300
G1 X13.295935555555554 Y15.667879022700049 F300
G1 X13.478674444444444 Y15.986366800477828 F300
G1 X13.301500625 Y15.988957512283386 F300
G1 X13.205228150901155 Y15.987309273857942 F300
G1 X13.110938888888889 Y15.97777666158894 F300
G1 X13.050053855693083 Y15.964512247956627 F300
G1 X12.994768917241833 Y15.944671191142913 F300
G1 X12.945671319444443 Y15.91709226922783 F300
G1 X12.913706837382286 Y15.890842430528764 F300
G1 X12.885857102004838 Y15.858753036911082 F300
G1 X12.862477653447108 Y15.819460274832803 F300
G1 X12.844379999999997 Y15.771172356033384 F300
G1 X12.8353673479344 Y15.722182495093012 F300
G1 X12.834883093071307 Y15.674270871111668 F300
G1 X12.841275555555553 Y15.626974439366718 F300
G1 X12.860624257899298 Y15.557158023170803 F300
G1 X12.887277777777777 Y15.489232356033385 F300
G1 X13.088361111111109 Y15.046425689366718 F300
G1 X13.327403333333331 Y15.357293467144494 F300
G1 X13.258912925820828 Y15.379150267015794 F300
G1 X13.18908623268497 Y15.390731715998795 F300
G1 X13.118334156378603 Y15.39263396097166 F300
G1 X13.047797789791604 Y15.385214741252446 F300
G1 X12.978823150088393 Y15.368935900782308 F300
G1 X12.911961769547323 Y15.344060380724745 F300
G1 X12.848704908238144 Y15.311109114757254 F300
G1 X12.790222167708963 Y15.27061777604645 F300
G1 X12.737135555555554 Y15.222673467144496 F300
G1 X12.69912154492194 Y15.178125872310659 F300
G1 X12.667879752775532 Y15.130746263985174 F300
G1 X12.642644027777775 Y15.08064513381116 F300
G1 X12.614885655740265 Y15.000748028497561 F300
G1 X12.597999999999997 Y14.915756800477824 F300
G1 X12.594186917433708 Y14.85864279545761 F300
G1 X12.595115061728393 Y14.796711286074535 F300
G1 X12.596785448784852 Y14.734198167198166 F300
G1 X12.595146419753084 Y14.673087500066302 F300
G1 X12.586053882224554 Y14.61429945224922 F300
G1 X12.565826666666663 Y14.561567911588938 F300
G1 X12.898284444444442 Y14.604465689366718 F300
G1 X12.816982422449302 Y14.680201866429773 F300
G1 X12.730056973762169 Y14.748218415860515 F300
G1 X12.637956275131502 Y14.808446597638376 F300
G1 X12.541042590570173 Y14.860718446203883 F300
G1 X12.439620416666664 Y14.904750133811163 F300
G1 X12.334894177850352 Y14.93986019621346 F300
G1 X12.228028024580283 Y14.96558088355256 F300
G1 X12.119302398305999 Y14.981710188228186 F300
G1 X12.008960528986911 Y14.98789819788076 F300
G1 X11.897242222222216 Y14.983631244922272 F300
G1 X11.790278614306501 Y14.968834392893871 F300
G1 X11.690417036664062 Y14.944810701835658 F300
G1 X11.596215606401186 Y14.913121188850262 F300
G1 X11.506343539094647 Y14.875111574140387 F300
G1 X11.332071357007807 Y14.783242134300442 F300
G1 X11.161886090534978 Y14.679636100889354 F300
G1 X10.990528769250862 Y14.5756102784009 F300
G1 X10.808711111111107 Y14.48014680047783 F300
G1 X10.673955975672024 Y14.424841937968129 F300
G1 X10.535737133183732 Y14.380741075461364 F300
G1 X10.394382757201642 Y14.346368240807049 F300
G1 X10.25094735056803 Y14.32046046317271 F300
G1 X10.105856175864616 Y14.301611580764487 F300
G1 X9.959671687242796 Y14.288476100889351 F300
G1 X9.740058311354971 Y14.276578777499703 F300
G1 X9.52361222222222 Y14.270032356033381 F300
G1 X9.143016423416006 Y14.264407633413224 F300
G1 X8.762540741764253 Y14.266627870572538 F300
G1 X8.382165222192945 Y14.276440291346436 F300
G1 X8.001869999999997 Y14.293597911588938 F300
G1 X7.951140541015753 Y14.29098214132836 F300
G1 X7.909921978611249 Y14.279179075848237 F300
G1 X7.8762954237074565 Y14.260418761608008 F300
G1 X7.848874687499996 Y14.235786453255605 F300
G1 X7.820673196567691 Y14.19389241370534 F300
G1 X7.803792863063254 Y14.145820843217615 F300
G1 X7.798034999999996 Y14.09304374492227 F300
G1 X7.8037847587041185 Y14.040142785959704 F300
G1 X7.8206667716589955 Y13.99013122994229 F300
G1 X7.849112812499996 Y13.944744786588938 F300
G1 X7.8768322247508005 Y13.916879222755867 F300
G1 X7.910711996391645 Y13.894393228027935 F300
G1 X7.951864254747349 Y13.878241792296233 F300
G1 X8.001869999999997 Y13.870264578255604 F300
G1 X8.46279891663245 Y13.850372067068589 F300
G1 X8.923901633151662 Y13.841331642855991 F300
G1 X9.385182222222218 Y13.843735689366715 F300
G1 X9.697320676567736 Y13.85147087009652 F300
G1 X10.010833611111106 Y13.869294439366717 F300
G1 X10.21882214514812 Y13.891080301297016 F300
G1 X10.424654249979188 Y13.923742835411687 F300
G1 X10.627806666666663 Y13.969889022700054 F300
G1 X10.771816575322338 Y14.013188398383477 F300
G1 X10.91276782312326 Y14.065836234222912 F300
G1 X11.04974780581935 Y14.127956573088973 F300
G1 X11.181808888888886 Y14.19975902270005 F300
G1 X11.298586088058002 Y14.273958613034708 F300
G1 X11.41398958333333 Y14.351435828255608 F300
G1 X11.531141429527374 Y14.425796708067399 F300
G1 X11.65326111111111 Y14.490730133811164 F300
G1 X11.735693920464465 Y14.523373950761986 F300
G1 X11.818942688440723 Y14.546106940316703 F300
G1 X11.90277140183974 Y14.559531153491312 F300
G1 X11.986999341563788 Y14.564034742864663 F300
G1 X12.071528378029807 Y14.559794710744734 F300
G1 X12.154758624842472 Y14.547067873860296 F300
G1 X12.236438929067326 Y14.526084755893407 F300
G1 X12.316284732510287 Y14.496918117350258 F300
G1 X12.392758931207478 Y14.460139183878692 F300
G1 X12.465577366867272 Y14.415910251440073 F300
G1 X12.53441408372015 Y14.36424463380295 F300
G1 X12.598846666666663 Y14.30502791158894 F300
G1 X12.633117230026919 Y14.277297150801482 F300
G1 X12.671147196242787 Y14.258291085412031 F300
G1 X12.712132757201644 Y14.247350051506638 F300
G1 X12.754643417577073 Y14.244479416086648 F300
G1 X12.79648325209288 Y14.249579044360237 F300
G1 X12.836833168724278 Y14.262610956856431 F300
G1 X12.873536693198211 Y14.28326451942569 F300
G1 X12.905348906570126 Y14.311444663877511 F300
G1 X12.931304444444443 Y14.347925689366718 F300
G1 X12.966529858185668 Y14.425509928806981 F300
G1 X12.988116064192676 Y14.500170766850427 F300
G1 X13.000184305555553 Y14.57365055047783 F300
G1 X13.007941769313373 Y14.687155743743904 F300
G1 X13.01244333333333 Y14.810064578255608 F300
G1 X13.018565182221186 Y14.858130132916797 F300
G1 X13.030513770094322 Y14.895858370337482 F300
G1 X13.047282842536054 Y14.924769423341873 F300
G1 X13.068587916666663 Y14.946025133811165 F300
G1 X13.094523486943071 Y14.959970403511406 F300
G1 X13.126121713141547 Y14.966405915368618 F300
G1 X13.165393218327235 Y14.96383472072063 F300
G1 X13.214796666666663 Y14.949059022700053 F300
G1 X13.263763470681434 Y14.93575527633148 F300
G1 X13.306130506696745 Y14.935407156836675 F300
G1 X13.343335156113074 Y14.944901319773962 F300
G1 X13.376551810699585 Y14.962767705827629 F300
G1 X13.414732831012678 Y14.998225597674526 F300
G1 X13.444042265700828 Y15.043596095125933 F300
G1 X13.463957078189297 Y15.09701663586878 F300
G1 X13.472603354086605 Y15.153441648216418 F300
G1 X13.469423868988287 Y15.208427385704038 F300
G1 X13.453838888888885 Y15.259926800477833 F300
G1 X13.367619999999997 Y15.449721244922276 F300
G1 X13.340740946502056 Y15.521337746979892 F300
G1 X13.309314979423865 Y15.60308289101281 F300
G1 X13.290072839353986 Y15.639858392127586 F300
G1 X13.270112222222217 Y15.665480133811165 F300
G1 X13.256874281687793 Y15.694162716628353 F300
G1 X13.244845390466487 Y15.703711675234143 F300
G1 X13.232229487339392 Y15.702229418890122 F300
G1 X13.215273886275286 Y15.686835431568321 F300
G1 X13.190732698287327 Y15.64502776662621 F300
G1 X13.155812222222218 Y15.557953467144499 F300
G1 X13.25261444444444 Y15.559505689366722 F300
G1 X13.47867444444444 Y15.5630334671445 F300
G1 X13.533059729679659 Y15.570378130170843 F300
G1 X13.57856042048688 Y15.588390204382753 F300
G1 X13.61642502057613 Y15.615093014469606 F300
G1 X13.64736580779018 Y15.650021560625456 F300
G1 X13.669594188322245 Y15.690593789211281 F300
G1 X13.682930164609052 Y15.736140216115695 F300
G1 X13.686387511271247 Y15.783461037853154 F300
G1 X13.679652369497328 Y15.832110770138467 F300
G1 X13.66141333333333 Y15.881521244922276 F300
G1 X13.587061965790603 Y16.018690748323213 F300
G1 X13.50460363976064 Y16.149482725130095 F300
G1 X13.414239595201916 Y16.27503192978881 F300
G1 X13.316114444444441 Y16.396435689366726 F300
G1 X13.273216666666661 Y16.063977911588943 F300
G1 X13.336788411387715 Y16.092693871769555 F300
G1 X13.400360421775666 Y16.109742932357534 F300
G1 X13.465806912912392 Y16.115061239529783 F300
G1 X13.535118888888885 Y16.107863467144504 F300
G1 X13.588291273085826 Y16.10296926306943 F300
G1 X13.636511603515107 Y16.108398036573078 F300
G1 X13.679920307531432 Y16.12274656714195 F300
G1 X13.718528055555552 Y16.1454872171445 F300
G1 X13.751128319621474 Y16.17593323005285 F300
G1 X13.776676259976153 Y16.21338637282721 F300
G1 X13.794536717074173 Y16.25837646347592 F300
G1 X13.803088888888885 Y16.311910133811168 F300
G1 X13.801286140781176 Y16.378199059473353 F300
G1 X13.789535500469674 Y16.439769601672015 F300
G1 X13.768781249999998 Y16.497506522700057 F300
G1 X13.739659610592845 Y16.551846306842883 F300
G1 X13.702586774706806 Y16.603106143477802 F300
G1 X13.657744444444441 Y16.651564578255613 F300
G1 X13.620312281357993 Y16.68421353543247 F300
G1 X13.580397916666662 Y16.71400624492228 F300
G1 X13.498712222222217 Y16.770944578255612 F300
G1 X13.461256813870978 Y16.79455144423593 F300
G1 X13.428156666666661 Y16.82386124492228 F300
G1 X13.412075791522794 Y16.851599388496734 F300
G1 X13.402374586174329 Y16.858583981747415 F300
G1 X13.395182324473872 Y16.8558307134087 F300
G1 X13.387599980224664 Y16.839897136405856 F300
G1 X13.380461111111106 Y16.795074578255612 F300
G1 X13.405436735181388 Y16.833975309921787 F300
G1 X13.423361616355798 Y16.87911153739558 F300
G1 X13.43350843621399 Y16.928842685251503 F300
G1 X13.43466522067881 Y16.979350350816944 F300
G1 X13.42645856214806 Y17.02693138895335 F300
G1 X13.408411563786004 Y17.07010536014862 F300
G1 X13.388425918897447 Y17.09770043698083 F300
G1 X13.362499183510007 Y17.120564051096522 F300
G1 X13.329353631408638 Y17.13810587194318 F300
G1 X13.287045555555553 Y17.14884013381117 F300
G1 X13.184502422344417 Y17.16882645583383 F300
G1 X13.087745978837813 Y17.198480043613742 F300
G1 X12.995530905349794 Y17.236360380724754 F300
G1 X12.862631885068742 Y17.306293660050972 F300
G1 X12.734621687242797 Y17.3878509980087 F300
G1 X12.485816666666663 Y17.566246800477835 F300
G1 X12.289573963040604 Y17.70306334256596 F300
G1 X12.089269716056084 Y17.83339222320621 F300
G1 X11.884817201189513 Y17.95708125650591 F300
G1 X11.67612111111111 Y18.073964578255616 F300
G1 X11.460929642877465 Y18.18524547242549 F300
G1 X11.242402929414661 Y18.28936271609015 F300
G1 X11.020665371417993 Y18.386326157550073 F300
G1 X10.795834722222219 Y18.47613124492228 F300
G1 X10.568234108766173 Y18.558686076991215 F300
G1 X10.338199913886385 Y18.633908149419057 F300
G1 X10.105853038123048 Y18.701788682859267 F300
G1 X9.871309999999996 Y18.76230457825561 F300
G1 X9.821014614568037 Y18.76900008194988 F300
G1 X9.777174684089927 Y18.765233258603722 F300
G1 X9.738707804543713 Y18.75328687417779 F300
G1 X9.70474817708333 Y18.734415290061165 F300
G1 X9.665423883419598 Y18.69888600435496 F300
G1 X9.635918979352024 Y18.655529179932802 F300
G1 X9.616304583333331 Y18.606076939366726 F300
G1 X9.607824580873952 Y18.55363126319517 F300
G1 X9.611243992485337 Y18.502400403153324 F300
G1 X9.627212031249996 Y18.453793797005613 F300
G1 X9.647039004164137 Y18.422097806398547 F300
G1 X9.674388577841322 Y18.39431679485802 F300
G1 X9.710824934063119 Y18.371115469604145 F300
G1 X9.75870333333333 Y18.35407013381117 F300
G1 X9.75870333333333 Y18.35407013381117 F300
G1 X9.758703333333331 Y18.354211244922272 F300
G0 X0 Y0
